PROD_EST,COBERTURA,ANIO,ID_MES,ID_ENTIDAD,VEH_ELECTR,VEH_HIBRIDAS_PLUGIN,VEH_HIBRIDAS,FECHA,MES_NOMBRE,TRIMESTRE,TOTAL_ALT
Registro Administrativo de la Industria Automotriz de Vehículos Ligeros. Venta de vehículos híbridos y eléctricos,Nacional,2017,1,1,0,0,3,2017-01-01,Jan,1,3
Registro Administrativo de la Industria Automotriz de Vehículos Ligeros. Venta de vehículos híbridos y eléctricos,Nacional,2017,1,2,0,0,9,2017-01-01,Jan,1,9
Registro Administrativo de la Industria Automotriz de Vehículos Ligeros. Venta de vehículos híbridos y eléctricos,Nacional,2017,1,3,0,0,2,2017-01-01,Jan,1,2
Registro Administrativo de la Industria Automotriz de Vehículos Ligeros. Venta de vehículos híbridos y eléctricos,Nacional,2017,1,4,0,0,1,2017-01-01,Jan,1,1
Registro Administrativo de la Industria Automotriz de Vehículos Ligeros. Venta de vehículos híbridos y eléctricos,Nacional,2017,1,5,0,0,9,2017-01-01,Jan,1,9
Registro Administrativo de la Industria Automotriz de Vehículos Ligeros. Venta de vehículos híbridos y eléctricos,Nacional,2017,1,6,0,0,3,2017-01-01,Jan,1,3
Registro Administrativo de la Industria Automotriz de Vehículos Ligeros. Venta de vehículos híbridos y eléctricos,Nacional,2017,1,7,0,0,2,2017-01-01,Jan,1,2
Registro Administrativo de la Industria Automotriz de Vehículos Ligeros. Venta de vehículos híbridos y eléctricos,Nacional,2017,1,8,0,0,4,2017-01-01,Jan,1,4
Registro Administrativo de la Industria Automotriz de Vehículos Ligeros. Venta de vehículos híbridos y eléctricos,Nacional,2017,1,9,8,63,182,2017-01-01,Jan,1,253
Registro Administrativo de la Industria Automotriz de Vehículos Ligeros. Venta de vehículos híbridos y eléctricos,Nacional,2017,1,10,0,0,7,2017-01-01,Jan,1,7
Registro Administrativo de la Industria Automotriz de Vehículos Ligeros. Venta de vehículos híbridos y eléctricos,Nacional,2017,1,11,0,1,13,2017-01-01,Jan,1,14
Registro Administrativo de la Industria Automotriz de Vehículos Ligeros. Venta de vehículos híbridos y eléctricos,Nacional,2017,1,12,0,0,1,2017-01-01,Jan,1,1
Registro Administrativo de la Industria Automotriz de Vehículos Ligeros. Venta de vehículos híbridos y eléctricos,Nacional,2017,1,13,0,1,5,2017-01-01,Jan,1,6
Registro Administrativo de la Industria Automotriz de Vehículos Ligeros. Venta de vehículos híbridos y eléctricos,Nacional,2017,1,14,15,6,21,2017-01-01,Jan,1,42
Registro Administrativo de la Industria Automotriz de Vehículos Ligeros. Venta de vehículos híbridos y eléctricos,Nacional,2017,1,15,2,5,81,2017-01-01,Jan,1,88
Registro Administrativo de la Industria Automotriz de Vehículos Ligeros. Venta de vehículos híbridos y eléctricos,Nacional,2017,1,16,0,1,8,2017-01-01,Jan,1,9
Registro Administrativo de la Industria Automotriz de Vehículos Ligeros. Venta de vehículos híbridos y eléctricos,Nacional,2017,1,17,0,4,9,2017-01-01,Jan,1,13
Registro Administrativo de la Industria Automotriz de Vehículos Ligeros. Venta de vehículos híbridos y eléctricos,Nacional,2017,1,18,0,0,0,2017-01-01,Jan,1,0
Registro Administrativo de la Industria Automotriz de Vehículos Ligeros. Venta de vehículos híbridos y eléctricos,Nacional,2017,1,19,1,6,16,2017-01-01,Jan,1,23
Registro Administrativo de la Industria Automotriz de Vehículos Ligeros. Venta de vehículos híbridos y eléctricos,Nacional,2017,1,20,0,0,12,2017-01-01,Jan,1,12
Registro Administrativo de la Industria Automotriz de Vehículos Ligeros. Venta de vehículos híbridos y eléctricos,Nacional,2017,1,21,0,3,17,2017-01-01,Jan,1,20
Registro Administrativo de la Industria Automotriz de Vehículos Ligeros. Venta de vehículos híbridos y eléctricos,Nacional,2017,1,22,0,2,15,2017-01-01,Jan,1,17
Registro Administrativo de la Industria Automotriz de Vehículos Ligeros. Venta de vehículos híbridos y eléctricos,Nacional,2017,1,23,0,2,3,2017-01-01,Jan,1,5
Registro Administrativo de la Industria Automotriz de Vehículos Ligeros. Venta de vehículos híbridos y eléctricos,Nacional,2017,1,24,0,3,5,2017-01-01,Jan,1,8
Registro Administrativo de la Industria Automotriz de Vehículos Ligeros. Venta de vehículos híbridos y eléctricos,Nacional,2017,1,25,0,0,14,2017-01-01,Jan,1,14
Registro Administrativo de la Industria Automotriz de Vehículos Ligeros. Venta de vehículos híbridos y eléctricos,Nacional,2017,1,26,0,0,6,2017-01-01,Jan,1,6
Registro Administrativo de la Industria Automotriz de Vehículos Ligeros. Venta de vehículos híbridos y eléctricos,Nacional,2017,1,27,0,0,3,2017-01-01,Jan,1,3
Registro Administrativo de la Industria Automotriz de Vehículos Ligeros. Venta de vehículos híbridos y eléctricos,Nacional,2017,1,28,0,0,5,2017-01-01,Jan,1,5
Registro Administrativo de la Industria Automotriz de Vehículos Ligeros. Venta de vehículos híbridos y eléctricos,Nacional,2017,1,29,0,0,0,2017-01-01,Jan,1,0
Registro Administrativo de la Industria Automotriz de Vehículos Ligeros. Venta de vehículos híbridos y eléctricos,Nacional,2017,1,30,0,0,10,2017-01-01,Jan,1,10
Registro Administrativo de la Industria Automotriz de Vehículos Ligeros. Venta de vehículos híbridos y eléctricos,Nacional,2017,1,31,0,0,5,2017-01-01,Jan,1,5
Registro Administrativo de la Industria Automotriz de Vehículos Ligeros. Venta de vehículos híbridos y eléctricos,Nacional,2017,1,32,0,0,3,2017-01-01,Jan,1,3
Registro Administrativo de la Industria Automotriz de Vehículos Ligeros. Venta de vehículos híbridos y eléctricos,Nacional,2017,2,1,0,0,6,2017-02-01,Feb,1,6
Registro Administrativo de la Industria Automotriz de Vehículos Ligeros. Venta de vehículos híbridos y eléctricos,Nacional,2017,2,2,1,0,9,2017-02-01,Feb,1,10
Registro Administrativo de la Industria Automotriz de Vehículos Ligeros. Venta de vehículos híbridos y eléctricos,Nacional,2017,2,3,0,0,1,2017-02-01,Feb,1,1
Registro Administrativo de la Industria Automotriz de Vehículos Ligeros. Venta de vehículos híbridos y eléctricos,Nacional,2017,2,4,0,0,2,2017-02-01,Feb,1,2
Registro Administrativo de la Industria Automotriz de Vehículos Ligeros. Venta de vehículos híbridos y eléctricos,Nacional,2017,2,5,1,0,10,2017-02-01,Feb,1,11
Registro Administrativo de la Industria Automotriz de Vehículos Ligeros. Venta de vehículos híbridos y eléctricos,Nacional,2017,2,6,0,0,5,2017-02-01,Feb,1,5
Registro Administrativo de la Industria Automotriz de Vehículos Ligeros. Venta de vehículos híbridos y eléctricos,Nacional,2017,2,7,0,0,5,2017-02-01,Feb,1,5
Registro Administrativo de la Industria Automotriz de Vehículos Ligeros. Venta de vehículos híbridos y eléctricos,Nacional,2017,2,8,0,0,9,2017-02-01,Feb,1,9
Registro Administrativo de la Industria Automotriz de Vehículos Ligeros. Venta de vehículos híbridos y eléctricos,Nacional,2017,2,9,13,56,234,2017-02-01,Feb,1,303
Registro Administrativo de la Industria Automotriz de Vehículos Ligeros. Venta de vehículos híbridos y eléctricos,Nacional,2017,2,10,0,0,3,2017-02-01,Feb,1,3
Registro Administrativo de la Industria Automotriz de Vehículos Ligeros. Venta de vehículos híbridos y eléctricos,Nacional,2017,2,11,0,2,13,2017-02-01,Feb,1,15
Registro Administrativo de la Industria Automotriz de Vehículos Ligeros. Venta de vehículos híbridos y eléctricos,Nacional,2017,2,12,0,0,0,2017-02-01,Feb,1,0
Registro Administrativo de la Industria Automotriz de Vehículos Ligeros. Venta de vehículos híbridos y eléctricos,Nacional,2017,2,13,0,0,1,2017-02-01,Feb,1,1
Registro Administrativo de la Industria Automotriz de Vehículos Ligeros. Venta de vehículos híbridos y eléctricos,Nacional,2017,2,14,3,4,29,2017-02-01,Feb,1,36
Registro Administrativo de la Industria Automotriz de Vehículos Ligeros. Venta de vehículos híbridos y eléctricos,Nacional,2017,2,15,2,0,124,2017-02-01,Feb,1,126
Registro Administrativo de la Industria Automotriz de Vehículos Ligeros. Venta de vehículos híbridos y eléctricos,Nacional,2017,2,16,0,2,17,2017-02-01,Feb,1,19
Registro Administrativo de la Industria Automotriz de Vehículos Ligeros. Venta de vehículos híbridos y eléctricos,Nacional,2017,2,17,1,4,10,2017-02-01,Feb,1,15
Registro Administrativo de la Industria Automotriz de Vehículos Ligeros. Venta de vehículos híbridos y eléctricos,Nacional,2017,2,18,0,0,0,2017-02-01,Feb,1,0
Registro Administrativo de la Industria Automotriz de Vehículos Ligeros. Venta de vehículos híbridos y eléctricos,Nacional,2017,2,19,2,10,32,2017-02-01,Feb,1,44
Registro Administrativo de la Industria Automotriz de Vehículos Ligeros. Venta de vehículos híbridos y eléctricos,Nacional,2017,2,20,0,0,16,2017-02-01,Feb,1,16
Registro Administrativo de la Industria Automotriz de Vehículos Ligeros. Venta de vehículos híbridos y eléctricos,Nacional,2017,2,21,1,4,18,2017-02-01,Feb,1,23
Registro Administrativo de la Industria Automotriz de Vehículos Ligeros. Venta de vehículos híbridos y eléctricos,Nacional,2017,2,22,1,3,12,2017-02-01,Feb,1,16
Registro Administrativo de la Industria Automotriz de Vehículos Ligeros. Venta de vehículos híbridos y eléctricos,Nacional,2017,2,23,0,3,6,2017-02-01,Feb,1,9
Registro Administrativo de la Industria Automotriz de Vehículos Ligeros. Venta de vehículos híbridos y eléctricos,Nacional,2017,2,24,0,0,12,2017-02-01,Feb,1,12
Registro Administrativo de la Industria Automotriz de Vehículos Ligeros. Venta de vehículos híbridos y eléctricos,Nacional,2017,2,25,1,0,18,2017-02-01,Feb,1,19
Registro Administrativo de la Industria Automotriz de Vehículos Ligeros. Venta de vehículos híbridos y eléctricos,Nacional,2017,2,26,0,1,7,2017-02-01,Feb,1,8
Registro Administrativo de la Industria Automotriz de Vehículos Ligeros. Venta de vehículos híbridos y eléctricos,Nacional,2017,2,27,0,0,1,2017-02-01,Feb,1,1
Registro Administrativo de la Industria Automotriz de Vehículos Ligeros. Venta de vehículos híbridos y eléctricos,Nacional,2017,2,28,0,0,3,2017-02-01,Feb,1,3
Registro Administrativo de la Industria Automotriz de Vehículos Ligeros. Venta de vehículos híbridos y eléctricos,Nacional,2017,2,29,0,0,3,2017-02-01,Feb,1,3
Registro Administrativo de la Industria Automotriz de Vehículos Ligeros. Venta de vehículos híbridos y eléctricos,Nacional,2017,2,30,0,1,15,2017-02-01,Feb,1,16
Registro Administrativo de la Industria Automotriz de Vehículos Ligeros. Venta de vehículos híbridos y eléctricos,Nacional,2017,2,31,0,0,7,2017-02-01,Feb,1,7
Registro Administrativo de la Industria Automotriz de Vehículos Ligeros. Venta de vehículos híbridos y eléctricos,Nacional,2017,2,32,0,0,6,2017-02-01,Feb,1,6
Registro Administrativo de la Industria Automotriz de Vehículos Ligeros. Venta de vehículos híbridos y eléctricos,Nacional,2017,3,1,0,0,5,2017-03-01,Mar,1,5
Registro Administrativo de la Industria Automotriz de Vehículos Ligeros. Venta de vehículos híbridos y eléctricos,Nacional,2017,3,2,0,0,6,2017-03-01,Mar,1,6
Registro Administrativo de la Industria Automotriz de Vehículos Ligeros. Venta de vehículos híbridos y eléctricos,Nacional,2017,3,3,0,0,3,2017-03-01,Mar,1,3
Registro Administrativo de la Industria Automotriz de Vehículos Ligeros. Venta de vehículos híbridos y eléctricos,Nacional,2017,3,4,0,0,4,2017-03-01,Mar,1,4
Registro Administrativo de la Industria Automotriz de Vehículos Ligeros. Venta de vehículos híbridos y eléctricos,Nacional,2017,3,5,0,0,10,2017-03-01,Mar,1,10
Registro Administrativo de la Industria Automotriz de Vehículos Ligeros. Venta de vehículos híbridos y eléctricos,Nacional,2017,3,6,0,0,14,2017-03-01,Mar,1,14
Registro Administrativo de la Industria Automotriz de Vehículos Ligeros. Venta de vehículos híbridos y eléctricos,Nacional,2017,3,7,0,0,8,2017-03-01,Mar,1,8
Registro Administrativo de la Industria Automotriz de Vehículos Ligeros. Venta de vehículos híbridos y eléctricos,Nacional,2017,3,8,0,0,11,2017-03-01,Mar,1,11
Registro Administrativo de la Industria Automotriz de Vehículos Ligeros. Venta de vehículos híbridos y eléctricos,Nacional,2017,3,9,10,67,419,2017-03-01,Mar,1,496
Registro Administrativo de la Industria Automotriz de Vehículos Ligeros. Venta de vehículos híbridos y eléctricos,Nacional,2017,3,10,0,0,2,2017-03-01,Mar,1,2
Registro Administrativo de la Industria Automotriz de Vehículos Ligeros. Venta de vehículos híbridos y eléctricos,Nacional,2017,3,11,3,4,19,2017-03-01,Mar,1,26
Registro Administrativo de la Industria Automotriz de Vehículos Ligeros. Venta de vehículos híbridos y eléctricos,Nacional,2017,3,12,0,0,5,2017-03-01,Mar,1,5
Registro Administrativo de la Industria Automotriz de Vehículos Ligeros. Venta de vehículos híbridos y eléctricos,Nacional,2017,3,13,0,0,12,2017-03-01,Mar,1,12
Registro Administrativo de la Industria Automotriz de Vehículos Ligeros. Venta de vehículos híbridos y eléctricos,Nacional,2017,3,14,1,7,61,2017-03-01,Mar,1,69
Registro Administrativo de la Industria Automotriz de Vehículos Ligeros. Venta de vehículos híbridos y eléctricos,Nacional,2017,3,15,1,2,175,2017-03-01,Mar,1,178
Registro Administrativo de la Industria Automotriz de Vehículos Ligeros. Venta de vehículos híbridos y eléctricos,Nacional,2017,3,16,0,1,32,2017-03-01,Mar,1,33
Registro Administrativo de la Industria Automotriz de Vehículos Ligeros. Venta de vehículos híbridos y eléctricos,Nacional,2017,3,17,0,3,16,2017-03-01,Mar,1,19
Registro Administrativo de la Industria Automotriz de Vehículos Ligeros. Venta de vehículos híbridos y eléctricos,Nacional,2017,3,18,0,0,0,2017-03-01,Mar,1,0
Registro Administrativo de la Industria Automotriz de Vehículos Ligeros. Venta de vehículos híbridos y eléctricos,Nacional,2017,3,19,1,6,43,2017-03-01,Mar,1,50
Registro Administrativo de la Industria Automotriz de Vehículos Ligeros. Venta de vehículos híbridos y eléctricos,Nacional,2017,3,20,0,0,31,2017-03-01,Mar,1,31
Registro Administrativo de la Industria Automotriz de Vehículos Ligeros. Venta de vehículos híbridos y eléctricos,Nacional,2017,3,21,0,6,30,2017-03-01,Mar,1,36
Registro Administrativo de la Industria Automotriz de Vehículos Ligeros. Venta de vehículos híbridos y eléctricos,Nacional,2017,3,22,1,0,24,2017-03-01,Mar,1,25
Registro Administrativo de la Industria Automotriz de Vehículos Ligeros. Venta de vehículos híbridos y eléctricos,Nacional,2017,3,23,0,0,7,2017-03-01,Mar,1,7
Registro Administrativo de la Industria Automotriz de Vehículos Ligeros. Venta de vehículos híbridos y eléctricos,Nacional,2017,3,24,1,0,15,2017-03-01,Mar,1,16
Registro Administrativo de la Industria Automotriz de Vehículos Ligeros. Venta de vehículos híbridos y eléctricos,Nacional,2017,3,25,0,0,18,2017-03-01,Mar,1,18
Registro Administrativo de la Industria Automotriz de Vehículos Ligeros. Venta de vehículos híbridos y eléctricos,Nacional,2017,3,26,0,0,11,2017-03-01,Mar,1,11
Registro Administrativo de la Industria Automotriz de Vehículos Ligeros. Venta de vehículos híbridos y eléctricos,Nacional,2017,3,27,0,0,1,2017-03-01,Mar,1,1
Registro Administrativo de la Industria Automotriz de Vehículos Ligeros. Venta de vehículos híbridos y eléctricos,Nacional,2017,3,28,0,0,9,2017-03-01,Mar,1,9
Registro Administrativo de la Industria Automotriz de Vehículos Ligeros. Venta de vehículos híbridos y eléctricos,Nacional,2017,3,29,0,0,4,2017-03-01,Mar,1,4
Registro Administrativo de la Industria Automotriz de Vehículos Ligeros. Venta de vehículos híbridos y eléctricos,Nacional,2017,3,30,0,0,19,2017-03-01,Mar,1,19
Registro Administrativo de la Industria Automotriz de Vehículos Ligeros. Venta de vehículos híbridos y eléctricos,Nacional,2017,3,31,0,0,10,2017-03-01,Mar,1,10
Registro Administrativo de la Industria Automotriz de Vehículos Ligeros. Venta de vehículos híbridos y eléctricos,Nacional,2017,3,32,0,0,2,2017-03-01,Mar,1,2
Registro Administrativo de la Industria Automotriz de Vehículos Ligeros. Venta de vehículos híbridos y eléctricos,Nacional,2017,4,1,0,0,4,2017-04-01,Apr,2,4
Registro Administrativo de la Industria Automotriz de Vehículos Ligeros. Venta de vehículos híbridos y eléctricos,Nacional,2017,4,2,0,0,9,2017-04-01,Apr,2,9
Registro Administrativo de la Industria Automotriz de Vehículos Ligeros. Venta de vehículos híbridos y eléctricos,Nacional,2017,4,3,0,0,4,2017-04-01,Apr,2,4
Registro Administrativo de la Industria Automotriz de Vehículos Ligeros. Venta de vehículos híbridos y eléctricos,Nacional,2017,4,4,0,0,2,2017-04-01,Apr,2,2
Registro Administrativo de la Industria Automotriz de Vehículos Ligeros. Venta de vehículos híbridos y eléctricos,Nacional,2017,4,5,0,0,4,2017-04-01,Apr,2,4
Registro Administrativo de la Industria Automotriz de Vehículos Ligeros. Venta de vehículos híbridos y eléctricos,Nacional,2017,4,6,0,0,3,2017-04-01,Apr,2,3
Registro Administrativo de la Industria Automotriz de Vehículos Ligeros. Venta de vehículos híbridos y eléctricos,Nacional,2017,4,7,0,0,4,2017-04-01,Apr,2,4
Registro Administrativo de la Industria Automotriz de Vehículos Ligeros. Venta de vehículos híbridos y eléctricos,Nacional,2017,4,8,0,0,13,2017-04-01,Apr,2,13
Registro Administrativo de la Industria Automotriz de Vehículos Ligeros. Venta de vehículos híbridos y eléctricos,Nacional,2017,4,9,12,45,365,2017-04-01,Apr,2,422
Registro Administrativo de la Industria Automotriz de Vehículos Ligeros. Venta de vehículos híbridos y eléctricos,Nacional,2017,4,10,0,0,2,2017-04-01,Apr,2,2
Registro Administrativo de la Industria Automotriz de Vehículos Ligeros. Venta de vehículos híbridos y eléctricos,Nacional,2017,4,11,0,2,18,2017-04-01,Apr,2,20
Registro Administrativo de la Industria Automotriz de Vehículos Ligeros. Venta de vehículos híbridos y eléctricos,Nacional,2017,4,12,0,0,2,2017-04-01,Apr,2,2
Registro Administrativo de la Industria Automotriz de Vehículos Ligeros. Venta de vehículos híbridos y eléctricos,Nacional,2017,4,13,0,0,7,2017-04-01,Apr,2,7
Registro Administrativo de la Industria Automotriz de Vehículos Ligeros. Venta de vehículos híbridos y eléctricos,Nacional,2017,4,14,1,1,57,2017-04-01,Apr,2,59
Registro Administrativo de la Industria Automotriz de Vehículos Ligeros. Venta de vehículos híbridos y eléctricos,Nacional,2017,4,15,2,2,123,2017-04-01,Apr,2,127
Registro Administrativo de la Industria Automotriz de Vehículos Ligeros. Venta de vehículos híbridos y eléctricos,Nacional,2017,4,16,0,0,30,2017-04-01,Apr,2,30
Registro Administrativo de la Industria Automotriz de Vehículos Ligeros. Venta de vehículos híbridos y eléctricos,Nacional,2017,4,17,0,4,13,2017-04-01,Apr,2,17
Registro Administrativo de la Industria Automotriz de Vehículos Ligeros. Venta de vehículos híbridos y eléctricos,Nacional,2017,4,18,0,0,0,2017-04-01,Apr,2,0
Registro Administrativo de la Industria Automotriz de Vehículos Ligeros. Venta de vehículos híbridos y eléctricos,Nacional,2017,4,19,2,3,31,2017-04-01,Apr,2,36
Registro Administrativo de la Industria Automotriz de Vehículos Ligeros. Venta de vehículos híbridos y eléctricos,Nacional,2017,4,20,0,0,24,2017-04-01,Apr,2,24
Registro Administrativo de la Industria Automotriz de Vehículos Ligeros. Venta de vehículos híbridos y eléctricos,Nacional,2017,4,21,2,0,24,2017-04-01,Apr,2,26
Registro Administrativo de la Industria Automotriz de Vehículos Ligeros. Venta de vehículos híbridos y eléctricos,Nacional,2017,4,22,1,2,22,2017-04-01,Apr,2,25
Registro Administrativo de la Industria Automotriz de Vehículos Ligeros. Venta de vehículos híbridos y eléctricos,Nacional,2017,4,23,0,3,4,2017-04-01,Apr,2,7
Registro Administrativo de la Industria Automotriz de Vehículos Ligeros. Venta de vehículos híbridos y eléctricos,Nacional,2017,4,24,0,1,10,2017-04-01,Apr,2,11
Registro Administrativo de la Industria Automotriz de Vehículos Ligeros. Venta de vehículos híbridos y eléctricos,Nacional,2017,4,25,1,0,13,2017-04-01,Apr,2,14
Registro Administrativo de la Industria Automotriz de Vehículos Ligeros. Venta de vehículos híbridos y eléctricos,Nacional,2017,4,26,0,0,7,2017-04-01,Apr,2,7
Registro Administrativo de la Industria Automotriz de Vehículos Ligeros. Venta de vehículos híbridos y eléctricos,Nacional,2017,4,27,0,0,3,2017-04-01,Apr,2,3
Registro Administrativo de la Industria Automotriz de Vehículos Ligeros. Venta de vehículos híbridos y eléctricos,Nacional,2017,4,28,1,0,4,2017-04-01,Apr,2,5
Registro Administrativo de la Industria Automotriz de Vehículos Ligeros. Venta de vehículos híbridos y eléctricos,Nacional,2017,4,29,0,0,1,2017-04-01,Apr,2,1
Registro Administrativo de la Industria Automotriz de Vehículos Ligeros. Venta de vehículos híbridos y eléctricos,Nacional,2017,4,30,0,0,18,2017-04-01,Apr,2,18
Registro Administrativo de la Industria Automotriz de Vehículos Ligeros. Venta de vehículos híbridos y eléctricos,Nacional,2017,4,31,0,0,8,2017-04-01,Apr,2,8
Registro Administrativo de la Industria Automotriz de Vehículos Ligeros. Venta de vehículos híbridos y eléctricos,Nacional,2017,4,32,0,0,2,2017-04-01,Apr,2,2
Registro Administrativo de la Industria Automotriz de Vehículos Ligeros. Venta de vehículos híbridos y eléctricos,Nacional,2017,5,1,0,0,7,2017-05-01,May,2,7
Registro Administrativo de la Industria Automotriz de Vehículos Ligeros. Venta de vehículos híbridos y eléctricos,Nacional,2017,5,2,3,0,3,2017-05-01,May,2,6
Registro Administrativo de la Industria Automotriz de Vehículos Ligeros. Venta de vehículos híbridos y eléctricos,Nacional,2017,5,3,0,0,1,2017-05-01,May,2,1
Registro Administrativo de la Industria Automotriz de Vehículos Ligeros. Venta de vehículos híbridos y eléctricos,Nacional,2017,5,4,0,0,0,2017-05-01,May,2,0
Registro Administrativo de la Industria Automotriz de Vehículos Ligeros. Venta de vehículos híbridos y eléctricos,Nacional,2017,5,5,0,0,10,2017-05-01,May,2,10
Registro Administrativo de la Industria Automotriz de Vehículos Ligeros. Venta de vehículos híbridos y eléctricos,Nacional,2017,5,6,0,0,5,2017-05-01,May,2,5
Registro Administrativo de la Industria Automotriz de Vehículos Ligeros. Venta de vehículos híbridos y eléctricos,Nacional,2017,5,7,0,0,0,2017-05-01,May,2,0
Registro Administrativo de la Industria Automotriz de Vehículos Ligeros. Venta de vehículos híbridos y eléctricos,Nacional,2017,5,8,0,0,5,2017-05-01,May,2,5
Registro Administrativo de la Industria Automotriz de Vehículos Ligeros. Venta de vehículos híbridos y eléctricos,Nacional,2017,5,9,12,40,307,2017-05-01,May,2,359
Registro Administrativo de la Industria Automotriz de Vehículos Ligeros. Venta de vehículos híbridos y eléctricos,Nacional,2017,5,10,0,0,2,2017-05-01,May,2,2
Registro Administrativo de la Industria Automotriz de Vehículos Ligeros. Venta de vehículos híbridos y eléctricos,Nacional,2017,5,11,1,0,11,2017-05-01,May,2,12
Registro Administrativo de la Industria Automotriz de Vehículos Ligeros. Venta de vehículos híbridos y eléctricos,Nacional,2017,5,12,0,0,5,2017-05-01,May,2,5
Registro Administrativo de la Industria Automotriz de Vehículos Ligeros. Venta de vehículos híbridos y eléctricos,Nacional,2017,5,13,0,0,7,2017-05-01,May,2,7
Registro Administrativo de la Industria Automotriz de Vehículos Ligeros. Venta de vehículos híbridos y eléctricos,Nacional,2017,5,14,0,4,107,2017-05-01,May,2,111
Registro Administrativo de la Industria Automotriz de Vehículos Ligeros. Venta de vehículos híbridos y eléctricos,Nacional,2017,5,15,1,10,107,2017-05-01,May,2,118
Registro Administrativo de la Industria Automotriz de Vehículos Ligeros. Venta de vehículos híbridos y eléctricos,Nacional,2017,5,16,0,0,29,2017-05-01,May,2,29
Registro Administrativo de la Industria Automotriz de Vehículos Ligeros. Venta de vehículos híbridos y eléctricos,Nacional,2017,5,17,0,3,6,2017-05-01,May,2,9
Registro Administrativo de la Industria Automotriz de Vehículos Ligeros. Venta de vehículos híbridos y eléctricos,Nacional,2017,5,18,0,0,0,2017-05-01,May,2,0
Registro Administrativo de la Industria Automotriz de Vehículos Ligeros. Venta de vehículos híbridos y eléctricos,Nacional,2017,5,19,2,9,33,2017-05-01,May,2,44
Registro Administrativo de la Industria Automotriz de Vehículos Ligeros. Venta de vehículos híbridos y eléctricos,Nacional,2017,5,20,0,0,16,2017-05-01,May,2,16
Registro Administrativo de la Industria Automotriz de Vehículos Ligeros. Venta de vehículos híbridos y eléctricos,Nacional,2017,5,21,0,1,13,2017-05-01,May,2,14
Registro Administrativo de la Industria Automotriz de Vehículos Ligeros. Venta de vehículos híbridos y eléctricos,Nacional,2017,5,22,0,3,16,2017-05-01,May,2,19
Registro Administrativo de la Industria Automotriz de Vehículos Ligeros. Venta de vehículos híbridos y eléctricos,Nacional,2017,5,23,0,1,2,2017-05-01,May,2,3
Registro Administrativo de la Industria Automotriz de Vehículos Ligeros. Venta de vehículos híbridos y eléctricos,Nacional,2017,5,24,0,0,1,2017-05-01,May,2,1
Registro Administrativo de la Industria Automotriz de Vehículos Ligeros. Venta de vehículos híbridos y eléctricos,Nacional,2017,5,25,0,0,9,2017-05-01,May,2,9
Registro Administrativo de la Industria Automotriz de Vehículos Ligeros. Venta de vehículos híbridos y eléctricos,Nacional,2017,5,26,0,0,5,2017-05-01,May,2,5
Registro Administrativo de la Industria Automotriz de Vehículos Ligeros. Venta de vehículos híbridos y eléctricos,Nacional,2017,5,27,0,0,5,2017-05-01,May,2,5
Registro Administrativo de la Industria Automotriz de Vehículos Ligeros. Venta de vehículos híbridos y eléctricos,Nacional,2017,5,28,0,0,6,2017-05-01,May,2,6
Registro Administrativo de la Industria Automotriz de Vehículos Ligeros. Venta de vehículos híbridos y eléctricos,Nacional,2017,5,29,0,0,4,2017-05-01,May,2,4
Registro Administrativo de la Industria Automotriz de Vehículos Ligeros. Venta de vehículos híbridos y eléctricos,Nacional,2017,5,30,0,0,23,2017-05-01,May,2,23
Registro Administrativo de la Industria Automotriz de Vehículos Ligeros. Venta de vehículos híbridos y eléctricos,Nacional,2017,5,31,0,0,10,2017-05-01,May,2,10
Registro Administrativo de la Industria Automotriz de Vehículos Ligeros. Venta de vehículos híbridos y eléctricos,Nacional,2017,5,32,0,0,0,2017-05-01,May,2,0
Registro Administrativo de la Industria Automotriz de Vehículos Ligeros. Venta de vehículos híbridos y eléctricos,Nacional,2017,6,1,0,0,5,2017-06-01,Jun,2,5
Registro Administrativo de la Industria Automotriz de Vehículos Ligeros. Venta de vehículos híbridos y eléctricos,Nacional,2017,6,2,0,0,4,2017-06-01,Jun,2,4
Registro Administrativo de la Industria Automotriz de Vehículos Ligeros. Venta de vehículos híbridos y eléctricos,Nacional,2017,6,3,0,0,3,2017-06-01,Jun,2,3
Registro Administrativo de la Industria Automotriz de Vehículos Ligeros. Venta de vehículos híbridos y eléctricos,Nacional,2017,6,4,0,0,0,2017-06-01,Jun,2,0
Registro Administrativo de la Industria Automotriz de Vehículos Ligeros. Venta de vehículos híbridos y eléctricos,Nacional,2017,6,5,0,1,13,2017-06-01,Jun,2,14
Registro Administrativo de la Industria Automotriz de Vehículos Ligeros. Venta de vehículos híbridos y eléctricos,Nacional,2017,6,6,0,0,5,2017-06-01,Jun,2,5
Registro Administrativo de la Industria Automotriz de Vehículos Ligeros. Venta de vehículos híbridos y eléctricos,Nacional,2017,6,7,0,0,1,2017-06-01,Jun,2,1
Registro Administrativo de la Industria Automotriz de Vehículos Ligeros. Venta de vehículos híbridos y eléctricos,Nacional,2017,6,8,0,0,9,2017-06-01,Jun,2,9
Registro Administrativo de la Industria Automotriz de Vehículos Ligeros. Venta de vehículos híbridos y eléctricos,Nacional,2017,6,9,10,47,316,2017-06-01,Jun,2,373
Registro Administrativo de la Industria Automotriz de Vehículos Ligeros. Venta de vehículos híbridos y eléctricos,Nacional,2017,6,10,0,0,3,2017-06-01,Jun,2,3
Registro Administrativo de la Industria Automotriz de Vehículos Ligeros. Venta de vehículos híbridos y eléctricos,Nacional,2017,6,11,0,0,14,2017-06-01,Jun,2,14
Registro Administrativo de la Industria Automotriz de Vehículos Ligeros. Venta de vehículos híbridos y eléctricos,Nacional,2017,6,12,0,0,4,2017-06-01,Jun,2,4
Registro Administrativo de la Industria Automotriz de Vehículos Ligeros. Venta de vehículos híbridos y eléctricos,Nacional,2017,6,13,0,0,8,2017-06-01,Jun,2,8
Registro Administrativo de la Industria Automotriz de Vehículos Ligeros. Venta de vehículos híbridos y eléctricos,Nacional,2017,6,14,0,6,41,2017-06-01,Jun,2,47
Registro Administrativo de la Industria Automotriz de Vehículos Ligeros. Venta de vehículos híbridos y eléctricos,Nacional,2017,6,15,0,2,124,2017-06-01,Jun,2,126
Registro Administrativo de la Industria Automotriz de Vehículos Ligeros. Venta de vehículos híbridos y eléctricos,Nacional,2017,6,16,0,0,8,2017-06-01,Jun,2,8
Registro Administrativo de la Industria Automotriz de Vehículos Ligeros. Venta de vehículos híbridos y eléctricos,Nacional,2017,6,17,0,3,10,2017-06-01,Jun,2,13
Registro Administrativo de la Industria Automotriz de Vehículos Ligeros. Venta de vehículos híbridos y eléctricos,Nacional,2017,6,18,0,0,1,2017-06-01,Jun,2,1
Registro Administrativo de la Industria Automotriz de Vehículos Ligeros. Venta de vehículos híbridos y eléctricos,Nacional,2017,6,19,1,6,39,2017-06-01,Jun,2,46
Registro Administrativo de la Industria Automotriz de Vehículos Ligeros. Venta de vehículos híbridos y eléctricos,Nacional,2017,6,20,0,0,8,2017-06-01,Jun,2,8
Registro Administrativo de la Industria Automotriz de Vehículos Ligeros. Venta de vehículos híbridos y eléctricos,Nacional,2017,6,21,0,2,18,2017-06-01,Jun,2,20
Registro Administrativo de la Industria Automotriz de Vehículos Ligeros. Venta de vehículos híbridos y eléctricos,Nacional,2017,6,22,0,4,9,2017-06-01,Jun,2,13
Registro Administrativo de la Industria Automotriz de Vehículos Ligeros. Venta de vehículos híbridos y eléctricos,Nacional,2017,6,23,0,1,8,2017-06-01,Jun,2,9
Registro Administrativo de la Industria Automotriz de Vehículos Ligeros. Venta de vehículos híbridos y eléctricos,Nacional,2017,6,24,0,3,5,2017-06-01,Jun,2,8
Registro Administrativo de la Industria Automotriz de Vehículos Ligeros. Venta de vehículos híbridos y eléctricos,Nacional,2017,6,25,0,0,11,2017-06-01,Jun,2,11
Registro Administrativo de la Industria Automotriz de Vehículos Ligeros. Venta de vehículos híbridos y eléctricos,Nacional,2017,6,26,0,1,7,2017-06-01,Jun,2,8
Registro Administrativo de la Industria Automotriz de Vehículos Ligeros. Venta de vehículos híbridos y eléctricos,Nacional,2017,6,27,0,0,1,2017-06-01,Jun,2,1
Registro Administrativo de la Industria Automotriz de Vehículos Ligeros. Venta de vehículos híbridos y eléctricos,Nacional,2017,6,28,0,0,6,2017-06-01,Jun,2,6
Registro Administrativo de la Industria Automotriz de Vehículos Ligeros. Venta de vehículos híbridos y eléctricos,Nacional,2017,6,29,0,0,4,2017-06-01,Jun,2,4
Registro Administrativo de la Industria Automotriz de Vehículos Ligeros. Venta de vehículos híbridos y eléctricos,Nacional,2017,6,30,0,1,11,2017-06-01,Jun,2,12
Registro Administrativo de la Industria Automotriz de Vehículos Ligeros. Venta de vehículos híbridos y eléctricos,Nacional,2017,6,31,0,0,6,2017-06-01,Jun,2,6
Registro Administrativo de la Industria Automotriz de Vehículos Ligeros. Venta de vehículos híbridos y eléctricos,Nacional,2017,6,32,0,0,1,2017-06-01,Jun,2,1
Registro Administrativo de la Industria Automotriz de Vehículos Ligeros. Venta de vehículos híbridos y eléctricos,Nacional,2017,7,1,0,0,0,2017-07-01,Jul,3,0
Registro Administrativo de la Industria Automotriz de Vehículos Ligeros. Venta de vehículos híbridos y eléctricos,Nacional,2017,7,2,0,0,6,2017-07-01,Jul,3,6
Registro Administrativo de la Industria Automotriz de Vehículos Ligeros. Venta de vehículos híbridos y eléctricos,Nacional,2017,7,3,0,0,2,2017-07-01,Jul,3,2
Registro Administrativo de la Industria Automotriz de Vehículos Ligeros. Venta de vehículos híbridos y eléctricos,Nacional,2017,7,4,0,0,1,2017-07-01,Jul,3,1
Registro Administrativo de la Industria Automotriz de Vehículos Ligeros. Venta de vehículos híbridos y eléctricos,Nacional,2017,7,5,0,0,8,2017-07-01,Jul,3,8
Registro Administrativo de la Industria Automotriz de Vehículos Ligeros. Venta de vehículos híbridos y eléctricos,Nacional,2017,7,6,0,0,1,2017-07-01,Jul,3,1
Registro Administrativo de la Industria Automotriz de Vehículos Ligeros. Venta de vehículos híbridos y eléctricos,Nacional,2017,7,7,0,0,5,2017-07-01,Jul,3,5
Registro Administrativo de la Industria Automotriz de Vehículos Ligeros. Venta de vehículos híbridos y eléctricos,Nacional,2017,7,8,0,0,6,2017-07-01,Jul,3,6
Registro Administrativo de la Industria Automotriz de Vehículos Ligeros. Venta de vehículos híbridos y eléctricos,Nacional,2017,7,9,9,30,229,2017-07-01,Jul,3,268
Registro Administrativo de la Industria Automotriz de Vehículos Ligeros. Venta de vehículos híbridos y eléctricos,Nacional,2017,7,10,0,0,2,2017-07-01,Jul,3,2
Registro Administrativo de la Industria Automotriz de Vehículos Ligeros. Venta de vehículos híbridos y eléctricos,Nacional,2017,7,11,1,0,16,2017-07-01,Jul,3,17
Registro Administrativo de la Industria Automotriz de Vehículos Ligeros. Venta de vehículos híbridos y eléctricos,Nacional,2017,7,12,0,0,2,2017-07-01,Jul,3,2
Registro Administrativo de la Industria Automotriz de Vehículos Ligeros. Venta de vehículos híbridos y eléctricos,Nacional,2017,7,13,0,0,3,2017-07-01,Jul,3,3
Registro Administrativo de la Industria Automotriz de Vehículos Ligeros. Venta de vehículos híbridos y eléctricos,Nacional,2017,7,14,1,3,45,2017-07-01,Jul,3,49
Registro Administrativo de la Industria Automotriz de Vehículos Ligeros. Venta de vehículos híbridos y eléctricos,Nacional,2017,7,15,1,4,61,2017-07-01,Jul,3,66
Registro Administrativo de la Industria Automotriz de Vehículos Ligeros. Venta de vehículos híbridos y eléctricos,Nacional,2017,7,16,0,2,36,2017-07-01,Jul,3,38
Registro Administrativo de la Industria Automotriz de Vehículos Ligeros. Venta de vehículos híbridos y eléctricos,Nacional,2017,7,17,0,4,15,2017-07-01,Jul,3,19
Registro Administrativo de la Industria Automotriz de Vehículos Ligeros. Venta de vehículos híbridos y eléctricos,Nacional,2017,7,18,0,0,0,2017-07-01,Jul,3,0
Registro Administrativo de la Industria Automotriz de Vehículos Ligeros. Venta de vehículos híbridos y eléctricos,Nacional,2017,7,19,0,7,47,2017-07-01,Jul,3,54
Registro Administrativo de la Industria Automotriz de Vehículos Ligeros. Venta de vehículos híbridos y eléctricos,Nacional,2017,7,20,0,0,22,2017-07-01,Jul,3,22
Registro Administrativo de la Industria Automotriz de Vehículos Ligeros. Venta de vehículos híbridos y eléctricos,Nacional,2017,7,21,0,3,17,2017-07-01,Jul,3,20
Registro Administrativo de la Industria Automotriz de Vehículos Ligeros. Venta de vehículos híbridos y eléctricos,Nacional,2017,7,22,0,1,15,2017-07-01,Jul,3,16
Registro Administrativo de la Industria Automotriz de Vehículos Ligeros. Venta de vehículos híbridos y eléctricos,Nacional,2017,7,23,0,0,4,2017-07-01,Jul,3,4
Registro Administrativo de la Industria Automotriz de Vehículos Ligeros. Venta de vehículos híbridos y eléctricos,Nacional,2017,7,24,0,0,8,2017-07-01,Jul,3,8
Registro Administrativo de la Industria Automotriz de Vehículos Ligeros. Venta de vehículos híbridos y eléctricos,Nacional,2017,7,25,0,0,15,2017-07-01,Jul,3,15
Registro Administrativo de la Industria Automotriz de Vehículos Ligeros. Venta de vehículos híbridos y eléctricos,Nacional,2017,7,26,0,0,7,2017-07-01,Jul,3,7
Registro Administrativo de la Industria Automotriz de Vehículos Ligeros. Venta de vehículos híbridos y eléctricos,Nacional,2017,7,27,0,0,6,2017-07-01,Jul,3,6
Registro Administrativo de la Industria Automotriz de Vehículos Ligeros. Venta de vehículos híbridos y eléctricos,Nacional,2017,7,28,0,0,7,2017-07-01,Jul,3,7
Registro Administrativo de la Industria Automotriz de Vehículos Ligeros. Venta de vehículos híbridos y eléctricos,Nacional,2017,7,29,0,0,1,2017-07-01,Jul,3,1
Registro Administrativo de la Industria Automotriz de Vehículos Ligeros. Venta de vehículos híbridos y eléctricos,Nacional,2017,7,30,0,0,13,2017-07-01,Jul,3,13
Registro Administrativo de la Industria Automotriz de Vehículos Ligeros. Venta de vehículos híbridos y eléctricos,Nacional,2017,7,31,0,0,4,2017-07-01,Jul,3,4
Registro Administrativo de la Industria Automotriz de Vehículos Ligeros. Venta de vehículos híbridos y eléctricos,Nacional,2017,7,32,0,0,3,2017-07-01,Jul,3,3
Registro Administrativo de la Industria Automotriz de Vehículos Ligeros. Venta de vehículos híbridos y eléctricos,Nacional,2017,8,1,0,0,9,2017-08-01,Aug,3,9
Registro Administrativo de la Industria Automotriz de Vehículos Ligeros. Venta de vehículos híbridos y eléctricos,Nacional,2017,8,2,1,0,8,2017-08-01,Aug,3,9
Registro Administrativo de la Industria Automotriz de Vehículos Ligeros. Venta de vehículos híbridos y eléctricos,Nacional,2017,8,3,0,0,1,2017-08-01,Aug,3,1
Registro Administrativo de la Industria Automotriz de Vehículos Ligeros. Venta de vehículos híbridos y eléctricos,Nacional,2017,8,4,0,0,1,2017-08-01,Aug,3,1
Registro Administrativo de la Industria Automotriz de Vehículos Ligeros. Venta de vehículos híbridos y eléctricos,Nacional,2017,8,5,0,0,16,2017-08-01,Aug,3,16
Registro Administrativo de la Industria Automotriz de Vehículos Ligeros. Venta de vehículos híbridos y eléctricos,Nacional,2017,8,6,0,0,3,2017-08-01,Aug,3,3
Registro Administrativo de la Industria Automotriz de Vehículos Ligeros. Venta de vehículos híbridos y eléctricos,Nacional,2017,8,7,0,0,3,2017-08-01,Aug,3,3
Registro Administrativo de la Industria Automotriz de Vehículos Ligeros. Venta de vehículos híbridos y eléctricos,Nacional,2017,8,8,0,0,6,2017-08-01,Aug,3,6
Registro Administrativo de la Industria Automotriz de Vehículos Ligeros. Venta de vehículos híbridos y eléctricos,Nacional,2017,8,9,10,38,263,2017-08-01,Aug,3,311
Registro Administrativo de la Industria Automotriz de Vehículos Ligeros. Venta de vehículos híbridos y eléctricos,Nacional,2017,8,10,0,0,2,2017-08-01,Aug,3,2
Registro Administrativo de la Industria Automotriz de Vehículos Ligeros. Venta de vehículos híbridos y eléctricos,Nacional,2017,8,11,1,1,17,2017-08-01,Aug,3,19
Registro Administrativo de la Industria Automotriz de Vehículos Ligeros. Venta de vehículos híbridos y eléctricos,Nacional,2017,8,12,0,0,1,2017-08-01,Aug,3,1
Registro Administrativo de la Industria Automotriz de Vehículos Ligeros. Venta de vehículos híbridos y eléctricos,Nacional,2017,8,13,1,0,6,2017-08-01,Aug,3,7
Registro Administrativo de la Industria Automotriz de Vehículos Ligeros. Venta de vehículos híbridos y eléctricos,Nacional,2017,8,14,3,5,37,2017-08-01,Aug,3,45
Registro Administrativo de la Industria Automotriz de Vehículos Ligeros. Venta de vehículos híbridos y eléctricos,Nacional,2017,8,15,1,4,87,2017-08-01,Aug,3,92
Registro Administrativo de la Industria Automotriz de Vehículos Ligeros. Venta de vehículos híbridos y eléctricos,Nacional,2017,8,16,1,0,21,2017-08-01,Aug,3,22
Registro Administrativo de la Industria Automotriz de Vehículos Ligeros. Venta de vehículos híbridos y eléctricos,Nacional,2017,8,17,1,2,23,2017-08-01,Aug,3,26
Registro Administrativo de la Industria Automotriz de Vehículos Ligeros. Venta de vehículos híbridos y eléctricos,Nacional,2017,8,18,0,0,1,2017-08-01,Aug,3,1
Registro Administrativo de la Industria Automotriz de Vehículos Ligeros. Venta de vehículos híbridos y eléctricos,Nacional,2017,8,19,2,9,88,2017-08-01,Aug,3,99
Registro Administrativo de la Industria Automotriz de Vehículos Ligeros. Venta de vehículos híbridos y eléctricos,Nacional,2017,8,20,0,0,7,2017-08-01,Aug,3,7
Registro Administrativo de la Industria Automotriz de Vehículos Ligeros. Venta de vehículos híbridos y eléctricos,Nacional,2017,8,21,1,3,8,2017-08-01,Aug,3,12
Registro Administrativo de la Industria Automotriz de Vehículos Ligeros. Venta de vehículos híbridos y eléctricos,Nacional,2017,8,22,1,4,15,2017-08-01,Aug,3,20
Registro Administrativo de la Industria Automotriz de Vehículos Ligeros. Venta de vehículos híbridos y eléctricos,Nacional,2017,8,23,0,2,4,2017-08-01,Aug,3,6
Registro Administrativo de la Industria Automotriz de Vehículos Ligeros. Venta de vehículos híbridos y eléctricos,Nacional,2017,8,24,0,1,3,2017-08-01,Aug,3,4
Registro Administrativo de la Industria Automotriz de Vehículos Ligeros. Venta de vehículos híbridos y eléctricos,Nacional,2017,8,25,0,0,7,2017-08-01,Aug,3,7
Registro Administrativo de la Industria Automotriz de Vehículos Ligeros. Venta de vehículos híbridos y eléctricos,Nacional,2017,8,26,0,0,5,2017-08-01,Aug,3,5
Registro Administrativo de la Industria Automotriz de Vehículos Ligeros. Venta de vehículos híbridos y eléctricos,Nacional,2017,8,27,0,0,0,2017-08-01,Aug,3,0
Registro Administrativo de la Industria Automotriz de Vehículos Ligeros. Venta de vehículos híbridos y eléctricos,Nacional,2017,8,28,0,0,5,2017-08-01,Aug,3,5
Registro Administrativo de la Industria Automotriz de Vehículos Ligeros. Venta de vehículos híbridos y eléctricos,Nacional,2017,8,29,0,0,3,2017-08-01,Aug,3,3
Registro Administrativo de la Industria Automotriz de Vehículos Ligeros. Venta de vehículos híbridos y eléctricos,Nacional,2017,8,30,0,0,11,2017-08-01,Aug,3,11
Registro Administrativo de la Industria Automotriz de Vehículos Ligeros. Venta de vehículos híbridos y eléctricos,Nacional,2017,8,31,0,0,11,2017-08-01,Aug,3,11
Registro Administrativo de la Industria Automotriz de Vehículos Ligeros. Venta de vehículos híbridos y eléctricos,Nacional,2017,8,32,0,0,5,2017-08-01,Aug,3,5
Registro Administrativo de la Industria Automotriz de Vehículos Ligeros. Venta de vehículos híbridos y eléctricos,Nacional,2017,9,1,0,0,0,2017-09-01,Sep,3,0
Registro Administrativo de la Industria Automotriz de Vehículos Ligeros. Venta de vehículos híbridos y eléctricos,Nacional,2017,9,2,0,0,12,2017-09-01,Sep,3,12
Registro Administrativo de la Industria Automotriz de Vehículos Ligeros. Venta de vehículos híbridos y eléctricos,Nacional,2017,9,3,0,0,2,2017-09-01,Sep,3,2
Registro Administrativo de la Industria Automotriz de Vehículos Ligeros. Venta de vehículos híbridos y eléctricos,Nacional,2017,9,4,0,0,1,2017-09-01,Sep,3,1
Registro Administrativo de la Industria Automotriz de Vehículos Ligeros. Venta de vehículos híbridos y eléctricos,Nacional,2017,9,5,0,1,35,2017-09-01,Sep,3,36
Registro Administrativo de la Industria Automotriz de Vehículos Ligeros. Venta de vehículos híbridos y eléctricos,Nacional,2017,9,6,0,0,4,2017-09-01,Sep,3,4
Registro Administrativo de la Industria Automotriz de Vehículos Ligeros. Venta de vehículos híbridos y eléctricos,Nacional,2017,9,7,0,0,0,2017-09-01,Sep,3,0
Registro Administrativo de la Industria Automotriz de Vehículos Ligeros. Venta de vehículos híbridos y eléctricos,Nacional,2017,9,8,0,0,7,2017-09-01,Sep,3,7
Registro Administrativo de la Industria Automotriz de Vehículos Ligeros. Venta de vehículos híbridos y eléctricos,Nacional,2017,9,9,14,39,319,2017-09-01,Sep,3,372
Registro Administrativo de la Industria Automotriz de Vehículos Ligeros. Venta de vehículos híbridos y eléctricos,Nacional,2017,9,10,0,0,1,2017-09-01,Sep,3,1
Registro Administrativo de la Industria Automotriz de Vehículos Ligeros. Venta de vehículos híbridos y eléctricos,Nacional,2017,9,11,0,2,12,2017-09-01,Sep,3,14
Registro Administrativo de la Industria Automotriz de Vehículos Ligeros. Venta de vehículos híbridos y eléctricos,Nacional,2017,9,12,0,0,1,2017-09-01,Sep,3,1
Registro Administrativo de la Industria Automotriz de Vehículos Ligeros. Venta de vehículos híbridos y eléctricos,Nacional,2017,9,13,0,0,6,2017-09-01,Sep,3,6
Registro Administrativo de la Industria Automotriz de Vehículos Ligeros. Venta de vehículos híbridos y eléctricos,Nacional,2017,9,14,2,7,49,2017-09-01,Sep,3,58
Registro Administrativo de la Industria Automotriz de Vehículos Ligeros. Venta de vehículos híbridos y eléctricos,Nacional,2017,9,15,0,9,91,2017-09-01,Sep,3,100
Registro Administrativo de la Industria Automotriz de Vehículos Ligeros. Venta de vehículos híbridos y eléctricos,Nacional,2017,9,16,0,0,26,2017-09-01,Sep,3,26
Registro Administrativo de la Industria Automotriz de Vehículos Ligeros. Venta de vehículos híbridos y eléctricos,Nacional,2017,9,17,0,0,9,2017-09-01,Sep,3,9
Registro Administrativo de la Industria Automotriz de Vehículos Ligeros. Venta de vehículos híbridos y eléctricos,Nacional,2017,9,18,0,0,0,2017-09-01,Sep,3,0
Registro Administrativo de la Industria Automotriz de Vehículos Ligeros. Venta de vehículos híbridos y eléctricos,Nacional,2017,9,19,2,4,66,2017-09-01,Sep,3,72
Registro Administrativo de la Industria Automotriz de Vehículos Ligeros. Venta de vehículos híbridos y eléctricos,Nacional,2017,9,20,0,0,10,2017-09-01,Sep,3,10
Registro Administrativo de la Industria Automotriz de Vehículos Ligeros. Venta de vehículos híbridos y eléctricos,Nacional,2017,9,21,0,1,11,2017-09-01,Sep,3,12
Registro Administrativo de la Industria Automotriz de Vehículos Ligeros. Venta de vehículos híbridos y eléctricos,Nacional,2017,9,22,0,2,13,2017-09-01,Sep,3,15
Registro Administrativo de la Industria Automotriz de Vehículos Ligeros. Venta de vehículos híbridos y eléctricos,Nacional,2017,9,23,0,1,6,2017-09-01,Sep,3,7
Registro Administrativo de la Industria Automotriz de Vehículos Ligeros. Venta de vehículos híbridos y eléctricos,Nacional,2017,9,24,0,1,3,2017-09-01,Sep,3,4
Registro Administrativo de la Industria Automotriz de Vehículos Ligeros. Venta de vehículos híbridos y eléctricos,Nacional,2017,9,25,2,0,6,2017-09-01,Sep,3,8
Registro Administrativo de la Industria Automotriz de Vehículos Ligeros. Venta de vehículos híbridos y eléctricos,Nacional,2017,9,26,0,1,5,2017-09-01,Sep,3,6
Registro Administrativo de la Industria Automotriz de Vehículos Ligeros. Venta de vehículos híbridos y eléctricos,Nacional,2017,9,27,0,0,1,2017-09-01,Sep,3,1
Registro Administrativo de la Industria Automotriz de Vehículos Ligeros. Venta de vehículos híbridos y eléctricos,Nacional,2017,9,28,1,0,7,2017-09-01,Sep,3,8
Registro Administrativo de la Industria Automotriz de Vehículos Ligeros. Venta de vehículos híbridos y eléctricos,Nacional,2017,9,29,0,0,3,2017-09-01,Sep,3,3
Registro Administrativo de la Industria Automotriz de Vehículos Ligeros. Venta de vehículos híbridos y eléctricos,Nacional,2017,9,30,0,0,14,2017-09-01,Sep,3,14
Registro Administrativo de la Industria Automotriz de Vehículos Ligeros. Venta de vehículos híbridos y eléctricos,Nacional,2017,9,31,0,0,6,2017-09-01,Sep,3,6
Registro Administrativo de la Industria Automotriz de Vehículos Ligeros. Venta de vehículos híbridos y eléctricos,Nacional,2017,9,32,0,0,1,2017-09-01,Sep,3,1
Registro Administrativo de la Industria Automotriz de Vehículos Ligeros. Venta de vehículos híbridos y eléctricos,Nacional,2017,10,1,0,0,1,2017-10-01,Oct,4,1
Registro Administrativo de la Industria Automotriz de Vehículos Ligeros. Venta de vehículos híbridos y eléctricos,Nacional,2017,10,2,0,0,7,2017-10-01,Oct,4,7
Registro Administrativo de la Industria Automotriz de Vehículos Ligeros. Venta de vehículos híbridos y eléctricos,Nacional,2017,10,3,0,0,1,2017-10-01,Oct,4,1
Registro Administrativo de la Industria Automotriz de Vehículos Ligeros. Venta de vehículos híbridos y eléctricos,Nacional,2017,10,4,0,0,0,2017-10-01,Oct,4,0
Registro Administrativo de la Industria Automotriz de Vehículos Ligeros. Venta de vehículos híbridos y eléctricos,Nacional,2017,10,5,0,1,5,2017-10-01,Oct,4,6
Registro Administrativo de la Industria Automotriz de Vehículos Ligeros. Venta de vehículos híbridos y eléctricos,Nacional,2017,10,6,0,0,1,2017-10-01,Oct,4,1
Registro Administrativo de la Industria Automotriz de Vehículos Ligeros. Venta de vehículos híbridos y eléctricos,Nacional,2017,10,7,0,0,2,2017-10-01,Oct,4,2
Registro Administrativo de la Industria Automotriz de Vehículos Ligeros. Venta de vehículos híbridos y eléctricos,Nacional,2017,10,8,0,0,4,2017-10-01,Oct,4,4
Registro Administrativo de la Industria Automotriz de Vehículos Ligeros. Venta de vehículos híbridos y eléctricos,Nacional,2017,10,9,15,46,469,2017-10-01,Oct,4,530
Registro Administrativo de la Industria Automotriz de Vehículos Ligeros. Venta de vehículos híbridos y eléctricos,Nacional,2017,10,10,0,0,1,2017-10-01,Oct,4,1
Registro Administrativo de la Industria Automotriz de Vehículos Ligeros. Venta de vehículos híbridos y eléctricos,Nacional,2017,10,11,1,0,19,2017-10-01,Oct,4,20
Registro Administrativo de la Industria Automotriz de Vehículos Ligeros. Venta de vehículos híbridos y eléctricos,Nacional,2017,10,12,0,0,1,2017-10-01,Oct,4,1
Registro Administrativo de la Industria Automotriz de Vehículos Ligeros. Venta de vehículos híbridos y eléctricos,Nacional,2017,10,13,0,0,3,2017-10-01,Oct,4,3
Registro Administrativo de la Industria Automotriz de Vehículos Ligeros. Venta de vehículos híbridos y eléctricos,Nacional,2017,10,14,0,5,77,2017-10-01,Oct,4,82
Registro Administrativo de la Industria Automotriz de Vehículos Ligeros. Venta de vehículos híbridos y eléctricos,Nacional,2017,10,15,0,3,96,2017-10-01,Oct,4,99
Registro Administrativo de la Industria Automotriz de Vehículos Ligeros. Venta de vehículos híbridos y eléctricos,Nacional,2017,10,16,0,0,28,2017-10-01,Oct,4,28
Registro Administrativo de la Industria Automotriz de Vehículos Ligeros. Venta de vehículos híbridos y eléctricos,Nacional,2017,10,17,0,4,13,2017-10-01,Oct,4,17
Registro Administrativo de la Industria Automotriz de Vehículos Ligeros. Venta de vehículos híbridos y eléctricos,Nacional,2017,10,18,0,0,0,2017-10-01,Oct,4,0
Registro Administrativo de la Industria Automotriz de Vehículos Ligeros. Venta de vehículos híbridos y eléctricos,Nacional,2017,10,19,1,6,37,2017-10-01,Oct,4,44
Registro Administrativo de la Industria Automotriz de Vehículos Ligeros. Venta de vehículos híbridos y eléctricos,Nacional,2017,10,20,0,0,10,2017-10-01,Oct,4,10
Registro Administrativo de la Industria Automotriz de Vehículos Ligeros. Venta de vehículos híbridos y eléctricos,Nacional,2017,10,21,0,4,19,2017-10-01,Oct,4,23
Registro Administrativo de la Industria Automotriz de Vehículos Ligeros. Venta de vehículos híbridos y eléctricos,Nacional,2017,10,22,0,5,29,2017-10-01,Oct,4,34
Registro Administrativo de la Industria Automotriz de Vehículos Ligeros. Venta de vehículos híbridos y eléctricos,Nacional,2017,10,23,0,1,14,2017-10-01,Oct,4,15
Registro Administrativo de la Industria Automotriz de Vehículos Ligeros. Venta de vehículos híbridos y eléctricos,Nacional,2017,10,24,1,1,5,2017-10-01,Oct,4,7
Registro Administrativo de la Industria Automotriz de Vehículos Ligeros. Venta de vehículos híbridos y eléctricos,Nacional,2017,10,25,0,0,13,2017-10-01,Oct,4,13
Registro Administrativo de la Industria Automotriz de Vehículos Ligeros. Venta de vehículos híbridos y eléctricos,Nacional,2017,10,26,0,0,5,2017-10-01,Oct,4,5
Registro Administrativo de la Industria Automotriz de Vehículos Ligeros. Venta de vehículos híbridos y eléctricos,Nacional,2017,10,27,0,0,3,2017-10-01,Oct,4,3
Registro Administrativo de la Industria Automotriz de Vehículos Ligeros. Venta de vehículos híbridos y eléctricos,Nacional,2017,10,28,0,0,10,2017-10-01,Oct,4,10
Registro Administrativo de la Industria Automotriz de Vehículos Ligeros. Venta de vehículos híbridos y eléctricos,Nacional,2017,10,29,0,0,3,2017-10-01,Oct,4,3
Registro Administrativo de la Industria Automotriz de Vehículos Ligeros. Venta de vehículos híbridos y eléctricos,Nacional,2017,10,30,0,0,11,2017-10-01,Oct,4,11
Registro Administrativo de la Industria Automotriz de Vehículos Ligeros. Venta de vehículos híbridos y eléctricos,Nacional,2017,10,31,0,0,9,2017-10-01,Oct,4,9
Registro Administrativo de la Industria Automotriz de Vehículos Ligeros. Venta de vehículos híbridos y eléctricos,Nacional,2017,10,32,0,0,1,2017-10-01,Oct,4,1
Registro Administrativo de la Industria Automotriz de Vehículos Ligeros. Venta de vehículos híbridos y eléctricos,Nacional,2017,11,1,0,0,7,2017-11-01,Nov,4,7
Registro Administrativo de la Industria Automotriz de Vehículos Ligeros. Venta de vehículos híbridos y eléctricos,Nacional,2017,11,2,0,0,8,2017-11-01,Nov,4,8
Registro Administrativo de la Industria Automotriz de Vehículos Ligeros. Venta de vehículos híbridos y eléctricos,Nacional,2017,11,3,0,0,2,2017-11-01,Nov,4,2
Registro Administrativo de la Industria Automotriz de Vehículos Ligeros. Venta de vehículos híbridos y eléctricos,Nacional,2017,11,4,0,0,2,2017-11-01,Nov,4,2
Registro Administrativo de la Industria Automotriz de Vehículos Ligeros. Venta de vehículos híbridos y eléctricos,Nacional,2017,11,5,0,1,10,2017-11-01,Nov,4,11
Registro Administrativo de la Industria Automotriz de Vehículos Ligeros. Venta de vehículos híbridos y eléctricos,Nacional,2017,11,6,0,0,3,2017-11-01,Nov,4,3
Registro Administrativo de la Industria Automotriz de Vehículos Ligeros. Venta de vehículos híbridos y eléctricos,Nacional,2017,11,7,0,0,0,2017-11-01,Nov,4,0
Registro Administrativo de la Industria Automotriz de Vehículos Ligeros. Venta de vehículos híbridos y eléctricos,Nacional,2017,11,8,0,0,4,2017-11-01,Nov,4,4
Registro Administrativo de la Industria Automotriz de Vehículos Ligeros. Venta de vehículos híbridos y eléctricos,Nacional,2017,11,9,24,63,317,2017-11-01,Nov,4,404
Registro Administrativo de la Industria Automotriz de Vehículos Ligeros. Venta de vehículos híbridos y eléctricos,Nacional,2017,11,10,0,0,2,2017-11-01,Nov,4,2
Registro Administrativo de la Industria Automotriz de Vehículos Ligeros. Venta de vehículos híbridos y eléctricos,Nacional,2017,11,11,0,4,15,2017-11-01,Nov,4,19
Registro Administrativo de la Industria Automotriz de Vehículos Ligeros. Venta de vehículos híbridos y eléctricos,Nacional,2017,11,12,0,0,0,2017-11-01,Nov,4,0
Registro Administrativo de la Industria Automotriz de Vehículos Ligeros. Venta de vehículos híbridos y eléctricos,Nacional,2017,11,13,0,0,16,2017-11-01,Nov,4,16
Registro Administrativo de la Industria Automotriz de Vehículos Ligeros. Venta de vehículos híbridos y eléctricos,Nacional,2017,11,14,1,6,55,2017-11-01,Nov,4,62
Registro Administrativo de la Industria Automotriz de Vehículos Ligeros. Venta de vehículos híbridos y eléctricos,Nacional,2017,11,15,1,5,126,2017-11-01,Nov,4,132
Registro Administrativo de la Industria Automotriz de Vehículos Ligeros. Venta de vehículos híbridos y eléctricos,Nacional,2017,11,16,0,0,21,2017-11-01,Nov,4,21
Registro Administrativo de la Industria Automotriz de Vehículos Ligeros. Venta de vehículos híbridos y eléctricos,Nacional,2017,11,17,0,6,12,2017-11-01,Nov,4,18
Registro Administrativo de la Industria Automotriz de Vehículos Ligeros. Venta de vehículos híbridos y eléctricos,Nacional,2017,11,18,0,0,2,2017-11-01,Nov,4,2
Registro Administrativo de la Industria Automotriz de Vehículos Ligeros. Venta de vehículos híbridos y eléctricos,Nacional,2017,11,19,1,8,45,2017-11-01,Nov,4,54
Registro Administrativo de la Industria Automotriz de Vehículos Ligeros. Venta de vehículos híbridos y eléctricos,Nacional,2017,11,20,0,0,10,2017-11-01,Nov,4,10
Registro Administrativo de la Industria Automotriz de Vehículos Ligeros. Venta de vehículos híbridos y eléctricos,Nacional,2017,11,21,0,3,27,2017-11-01,Nov,4,30
Registro Administrativo de la Industria Automotriz de Vehículos Ligeros. Venta de vehículos híbridos y eléctricos,Nacional,2017,11,22,2,3,37,2017-11-01,Nov,4,42
Registro Administrativo de la Industria Automotriz de Vehículos Ligeros. Venta de vehículos híbridos y eléctricos,Nacional,2017,11,23,0,2,5,2017-11-01,Nov,4,7
Registro Administrativo de la Industria Automotriz de Vehículos Ligeros. Venta de vehículos híbridos y eléctricos,Nacional,2017,11,24,0,1,3,2017-11-01,Nov,4,4
Registro Administrativo de la Industria Automotriz de Vehículos Ligeros. Venta de vehículos híbridos y eléctricos,Nacional,2017,11,25,1,0,9,2017-11-01,Nov,4,10
Registro Administrativo de la Industria Automotriz de Vehículos Ligeros. Venta de vehículos híbridos y eléctricos,Nacional,2017,11,26,0,0,5,2017-11-01,Nov,4,5
Registro Administrativo de la Industria Automotriz de Vehículos Ligeros. Venta de vehículos híbridos y eléctricos,Nacional,2017,11,27,0,0,1,2017-11-01,Nov,4,1
Registro Administrativo de la Industria Automotriz de Vehículos Ligeros. Venta de vehículos híbridos y eléctricos,Nacional,2017,11,28,0,0,4,2017-11-01,Nov,4,4
Registro Administrativo de la Industria Automotriz de Vehículos Ligeros. Venta de vehículos híbridos y eléctricos,Nacional,2017,11,29,0,0,5,2017-11-01,Nov,4,5
Registro Administrativo de la Industria Automotriz de Vehículos Ligeros. Venta de vehículos híbridos y eléctricos,Nacional,2017,11,30,0,1,18,2017-11-01,Nov,4,19
Registro Administrativo de la Industria Automotriz de Vehículos Ligeros. Venta de vehículos híbridos y eléctricos,Nacional,2017,11,31,0,1,7,2017-11-01,Nov,4,8
Registro Administrativo de la Industria Automotriz de Vehículos Ligeros. Venta de vehículos híbridos y eléctricos,Nacional,2017,11,32,1,0,2,2017-11-01,Nov,4,3
Registro Administrativo de la Industria Automotriz de Vehículos Ligeros. Venta de vehículos híbridos y eléctricos,Nacional,2017,12,1,0,0,4,2017-12-01,Dec,4,4
Registro Administrativo de la Industria Automotriz de Vehículos Ligeros. Venta de vehículos híbridos y eléctricos,Nacional,2017,12,2,0,0,15,2017-12-01,Dec,4,15
Registro Administrativo de la Industria Automotriz de Vehículos Ligeros. Venta de vehículos híbridos y eléctricos,Nacional,2017,12,3,0,0,2,2017-12-01,Dec,4,2
Registro Administrativo de la Industria Automotriz de Vehículos Ligeros. Venta de vehículos híbridos y eléctricos,Nacional,2017,12,4,0,0,1,2017-12-01,Dec,4,1
Registro Administrativo de la Industria Automotriz de Vehículos Ligeros. Venta de vehículos híbridos y eléctricos,Nacional,2017,12,5,0,1,39,2017-12-01,Dec,4,40
Registro Administrativo de la Industria Automotriz de Vehículos Ligeros. Venta de vehículos híbridos y eléctricos,Nacional,2017,12,6,0,0,4,2017-12-01,Dec,4,4
Registro Administrativo de la Industria Automotriz de Vehículos Ligeros. Venta de vehículos híbridos y eléctricos,Nacional,2017,12,7,0,0,2,2017-12-01,Dec,4,2
Registro Administrativo de la Industria Automotriz de Vehículos Ligeros. Venta de vehículos híbridos y eléctricos,Nacional,2017,12,8,0,0,14,2017-12-01,Dec,4,14
Registro Administrativo de la Industria Automotriz de Vehículos Ligeros. Venta de vehículos híbridos y eléctricos,Nacional,2017,12,9,3,58,495,2017-12-01,Dec,4,556
Registro Administrativo de la Industria Automotriz de Vehículos Ligeros. Venta de vehículos híbridos y eléctricos,Nacional,2017,12,10,0,0,0,2017-12-01,Dec,4,0
Registro Administrativo de la Industria Automotriz de Vehículos Ligeros. Venta de vehículos híbridos y eléctricos,Nacional,2017,12,11,0,6,32,2017-12-01,Dec,4,38
Registro Administrativo de la Industria Automotriz de Vehículos Ligeros. Venta de vehículos híbridos y eléctricos,Nacional,2017,12,12,0,0,3,2017-12-01,Dec,4,3
Registro Administrativo de la Industria Automotriz de Vehículos Ligeros. Venta de vehículos híbridos y eléctricos,Nacional,2017,12,13,0,0,16,2017-12-01,Dec,4,16
Registro Administrativo de la Industria Automotriz de Vehículos Ligeros. Venta de vehículos híbridos y eléctricos,Nacional,2017,12,14,3,7,130,2017-12-01,Dec,4,140
Registro Administrativo de la Industria Automotriz de Vehículos Ligeros. Venta de vehículos híbridos y eléctricos,Nacional,2017,12,15,1,6,168,2017-12-01,Dec,4,175
Registro Administrativo de la Industria Automotriz de Vehículos Ligeros. Venta de vehículos híbridos y eléctricos,Nacional,2017,12,16,0,0,74,2017-12-01,Dec,4,74
Registro Administrativo de la Industria Automotriz de Vehículos Ligeros. Venta de vehículos híbridos y eléctricos,Nacional,2017,12,17,0,3,19,2017-12-01,Dec,4,22
Registro Administrativo de la Industria Automotriz de Vehículos Ligeros. Venta de vehículos híbridos y eléctricos,Nacional,2017,12,18,0,0,0,2017-12-01,Dec,4,0
Registro Administrativo de la Industria Automotriz de Vehículos Ligeros. Venta de vehículos híbridos y eléctricos,Nacional,2017,12,19,1,10,51,2017-12-01,Dec,4,62
Registro Administrativo de la Industria Automotriz de Vehículos Ligeros. Venta de vehículos híbridos y eléctricos,Nacional,2017,12,20,0,0,11,2017-12-01,Dec,4,11
Registro Administrativo de la Industria Automotriz de Vehículos Ligeros. Venta de vehículos híbridos y eléctricos,Nacional,2017,12,21,1,2,26,2017-12-01,Dec,4,29
Registro Administrativo de la Industria Automotriz de Vehículos Ligeros. Venta de vehículos híbridos y eléctricos,Nacional,2017,12,22,0,3,37,2017-12-01,Dec,4,40
Registro Administrativo de la Industria Automotriz de Vehículos Ligeros. Venta de vehículos híbridos y eléctricos,Nacional,2017,12,23,0,2,7,2017-12-01,Dec,4,9
Registro Administrativo de la Industria Automotriz de Vehículos Ligeros. Venta de vehículos híbridos y eléctricos,Nacional,2017,12,24,1,1,9,2017-12-01,Dec,4,11
Registro Administrativo de la Industria Automotriz de Vehículos Ligeros. Venta de vehículos híbridos y eléctricos,Nacional,2017,12,25,0,0,17,2017-12-01,Dec,4,17
Registro Administrativo de la Industria Automotriz de Vehículos Ligeros. Venta de vehículos híbridos y eléctricos,Nacional,2017,12,26,0,2,13,2017-12-01,Dec,4,15
Registro Administrativo de la Industria Automotriz de Vehículos Ligeros. Venta de vehículos híbridos y eléctricos,Nacional,2017,12,27,0,0,2,2017-12-01,Dec,4,2
Registro Administrativo de la Industria Automotriz de Vehículos Ligeros. Venta de vehículos híbridos y eléctricos,Nacional,2017,12,28,0,0,15,2017-12-01,Dec,4,15
Registro Administrativo de la Industria Automotriz de Vehículos Ligeros. Venta de vehículos híbridos y eléctricos,Nacional,2017,12,29,0,0,6,2017-12-01,Dec,4,6
Registro Administrativo de la Industria Automotriz de Vehículos Ligeros. Venta de vehículos híbridos y eléctricos,Nacional,2017,12,30,0,0,20,2017-12-01,Dec,4,20
Registro Administrativo de la Industria Automotriz de Vehículos Ligeros. Venta de vehículos híbridos y eléctricos,Nacional,2017,12,31,0,2,6,2017-12-01,Dec,4,8
Registro Administrativo de la Industria Automotriz de Vehículos Ligeros. Venta de vehículos híbridos y eléctricos,Nacional,2017,12,32,0,0,0,2017-12-01,Dec,4,0
Registro Administrativo de la Industria Automotriz de Vehículos Ligeros. Venta de vehículos híbridos y eléctricos,Nacional,2016,1,1,0,0,2,2016-01-01,Jan,1,2
Registro Administrativo de la Industria Automotriz de Vehículos Ligeros. Venta de vehículos híbridos y eléctricos,Nacional,2016,1,2,0,0,1,2016-01-01,Jan,1,1
Registro Administrativo de la Industria Automotriz de Vehículos Ligeros. Venta de vehículos híbridos y eléctricos,Nacional,2016,1,3,0,0,1,2016-01-01,Jan,1,1
Registro Administrativo de la Industria Automotriz de Vehículos Ligeros. Venta de vehículos híbridos y eléctricos,Nacional,2016,1,4,0,0,1,2016-01-01,Jan,1,1
Registro Administrativo de la Industria Automotriz de Vehículos Ligeros. Venta de vehículos híbridos y eléctricos,Nacional,2016,1,5,0,0,1,2016-01-01,Jan,1,1
Registro Administrativo de la Industria Automotriz de Vehículos Ligeros. Venta de vehículos híbridos y eléctricos,Nacional,2016,1,6,0,1,0,2016-01-01,Jan,1,1
Registro Administrativo de la Industria Automotriz de Vehículos Ligeros. Venta de vehículos híbridos y eléctricos,Nacional,2016,1,7,0,0,1,2016-01-01,Jan,1,1
Registro Administrativo de la Industria Automotriz de Vehículos Ligeros. Venta de vehículos híbridos y eléctricos,Nacional,2016,1,8,0,0,3,2016-01-01,Jan,1,3
Registro Administrativo de la Industria Automotriz de Vehículos Ligeros. Venta de vehículos híbridos y eléctricos,Nacional,2016,1,9,4,0,63,2016-01-01,Jan,1,67
Registro Administrativo de la Industria Automotriz de Vehículos Ligeros. Venta de vehículos híbridos y eléctricos,Nacional,2016,1,10,0,0,1,2016-01-01,Jan,1,1
Registro Administrativo de la Industria Automotriz de Vehículos Ligeros. Venta de vehículos híbridos y eléctricos,Nacional,2016,1,11,0,0,5,2016-01-01,Jan,1,5
Registro Administrativo de la Industria Automotriz de Vehículos Ligeros. Venta de vehículos híbridos y eléctricos,Nacional,2016,1,12,0,0,0,2016-01-01,Jan,1,0
Registro Administrativo de la Industria Automotriz de Vehículos Ligeros. Venta de vehículos híbridos y eléctricos,Nacional,2016,1,13,0,1,0,2016-01-01,Jan,1,1
Registro Administrativo de la Industria Automotriz de Vehículos Ligeros. Venta de vehículos híbridos y eléctricos,Nacional,2016,1,14,2,0,7,2016-01-01,Jan,1,9
Registro Administrativo de la Industria Automotriz de Vehículos Ligeros. Venta de vehículos híbridos y eléctricos,Nacional,2016,1,15,1,1,15,2016-01-01,Jan,1,17
Registro Administrativo de la Industria Automotriz de Vehículos Ligeros. Venta de vehículos híbridos y eléctricos,Nacional,2016,1,16,0,0,1,2016-01-01,Jan,1,1
Registro Administrativo de la Industria Automotriz de Vehículos Ligeros. Venta de vehículos híbridos y eléctricos,Nacional,2016,1,17,0,0,1,2016-01-01,Jan,1,1
Registro Administrativo de la Industria Automotriz de Vehículos Ligeros. Venta de vehículos híbridos y eléctricos,Nacional,2016,1,18,0,0,0,2016-01-01,Jan,1,0
Registro Administrativo de la Industria Automotriz de Vehículos Ligeros. Venta de vehículos híbridos y eléctricos,Nacional,2016,1,19,2,3,10,2016-01-01,Jan,1,15
Registro Administrativo de la Industria Automotriz de Vehículos Ligeros. Venta de vehículos híbridos y eléctricos,Nacional,2016,1,20,0,0,1,2016-01-01,Jan,1,1
Registro Administrativo de la Industria Automotriz de Vehículos Ligeros. Venta de vehículos híbridos y eléctricos,Nacional,2016,1,21,0,1,4,2016-01-01,Jan,1,5
Registro Administrativo de la Industria Automotriz de Vehículos Ligeros. Venta de vehículos híbridos y eléctricos,Nacional,2016,1,22,0,0,0,2016-01-01,Jan,1,0
Registro Administrativo de la Industria Automotriz de Vehículos Ligeros. Venta de vehículos híbridos y eléctricos,Nacional,2016,1,23,0,0,0,2016-01-01,Jan,1,0
Registro Administrativo de la Industria Automotriz de Vehículos Ligeros. Venta de vehículos híbridos y eléctricos,Nacional,2016,1,24,0,0,0,2016-01-01,Jan,1,0
Registro Administrativo de la Industria Automotriz de Vehículos Ligeros. Venta de vehículos híbridos y eléctricos,Nacional,2016,1,25,0,0,1,2016-01-01,Jan,1,1
Registro Administrativo de la Industria Automotriz de Vehículos Ligeros. Venta de vehículos híbridos y eléctricos,Nacional,2016,1,26,0,0,1,2016-01-01,Jan,1,1
Registro Administrativo de la Industria Automotriz de Vehículos Ligeros. Venta de vehículos híbridos y eléctricos,Nacional,2016,1,27,0,0,0,2016-01-01,Jan,1,0
Registro Administrativo de la Industria Automotriz de Vehículos Ligeros. Venta de vehículos híbridos y eléctricos,Nacional,2016,1,28,0,0,0,2016-01-01,Jan,1,0
Registro Administrativo de la Industria Automotriz de Vehículos Ligeros. Venta de vehículos híbridos y eléctricos,Nacional,2016,1,29,0,0,3,2016-01-01,Jan,1,3
Registro Administrativo de la Industria Automotriz de Vehículos Ligeros. Venta de vehículos híbridos y eléctricos,Nacional,2016,1,30,0,1,0,2016-01-01,Jan,1,1
Registro Administrativo de la Industria Automotriz de Vehículos Ligeros. Venta de vehículos híbridos y eléctricos,Nacional,2016,1,31,0,0,2,2016-01-01,Jan,1,2
Registro Administrativo de la Industria Automotriz de Vehículos Ligeros. Venta de vehículos híbridos y eléctricos,Nacional,2016,1,32,0,0,0,2016-01-01,Jan,1,0
Registro Administrativo de la Industria Automotriz de Vehículos Ligeros. Venta de vehículos híbridos y eléctricos,Nacional,2016,1,99,0,0,0,2016-01-01,Jan,1,0
Registro Administrativo de la Industria Automotriz de Vehículos Ligeros. Venta de vehículos híbridos y eléctricos,Nacional,2016,2,1,0,0,2,2016-02-01,Feb,1,2
Registro Administrativo de la Industria Automotriz de Vehículos Ligeros. Venta de vehículos híbridos y eléctricos,Nacional,2016,2,2,0,0,0,2016-02-01,Feb,1,0
Registro Administrativo de la Industria Automotriz de Vehículos Ligeros. Venta de vehículos híbridos y eléctricos,Nacional,2016,2,3,0,0,0,2016-02-01,Feb,1,0
Registro Administrativo de la Industria Automotriz de Vehículos Ligeros. Venta de vehículos híbridos y eléctricos,Nacional,2016,2,4,0,0,0,2016-02-01,Feb,1,0
Registro Administrativo de la Industria Automotriz de Vehículos Ligeros. Venta de vehículos híbridos y eléctricos,Nacional,2016,2,5,0,0,3,2016-02-01,Feb,1,3
Registro Administrativo de la Industria Automotriz de Vehículos Ligeros. Venta de vehículos híbridos y eléctricos,Nacional,2016,2,6,0,3,0,2016-02-01,Feb,1,3
Registro Administrativo de la Industria Automotriz de Vehículos Ligeros. Venta de vehículos híbridos y eléctricos,Nacional,2016,2,7,0,2,0,2016-02-01,Feb,1,2
Registro Administrativo de la Industria Automotriz de Vehículos Ligeros. Venta de vehículos híbridos y eléctricos,Nacional,2016,2,8,0,0,1,2016-02-01,Feb,1,1
Registro Administrativo de la Industria Automotriz de Vehículos Ligeros. Venta de vehículos híbridos y eléctricos,Nacional,2016,2,9,7,0,36,2016-02-01,Feb,1,43
Registro Administrativo de la Industria Automotriz de Vehículos Ligeros. Venta de vehículos híbridos y eléctricos,Nacional,2016,2,10,0,0,1,2016-02-01,Feb,1,1
Registro Administrativo de la Industria Automotriz de Vehículos Ligeros. Venta de vehículos híbridos y eléctricos,Nacional,2016,2,11,0,0,2,2016-02-01,Feb,1,2
Registro Administrativo de la Industria Automotriz de Vehículos Ligeros. Venta de vehículos híbridos y eléctricos,Nacional,2016,2,12,0,0,0,2016-02-01,Feb,1,0
Registro Administrativo de la Industria Automotriz de Vehículos Ligeros. Venta de vehículos híbridos y eléctricos,Nacional,2016,2,13,0,3,0,2016-02-01,Feb,1,3
Registro Administrativo de la Industria Automotriz de Vehículos Ligeros. Venta de vehículos híbridos y eléctricos,Nacional,2016,2,14,5,0,6,2016-02-01,Feb,1,11
Registro Administrativo de la Industria Automotriz de Vehículos Ligeros. Venta de vehículos híbridos y eléctricos,Nacional,2016,2,15,0,0,6,2016-02-01,Feb,1,6
Registro Administrativo de la Industria Automotriz de Vehículos Ligeros. Venta de vehículos híbridos y eléctricos,Nacional,2016,2,16,0,0,0,2016-02-01,Feb,1,0
Registro Administrativo de la Industria Automotriz de Vehículos Ligeros. Venta de vehículos híbridos y eléctricos,Nacional,2016,2,17,0,0,0,2016-02-01,Feb,1,0
Registro Administrativo de la Industria Automotriz de Vehículos Ligeros. Venta de vehículos híbridos y eléctricos,Nacional,2016,2,18,0,0,0,2016-02-01,Feb,1,0
Registro Administrativo de la Industria Automotriz de Vehículos Ligeros. Venta de vehículos híbridos y eléctricos,Nacional,2016,2,19,0,2,28,2016-02-01,Feb,1,30
Registro Administrativo de la Industria Automotriz de Vehículos Ligeros. Venta de vehículos híbridos y eléctricos,Nacional,2016,2,20,0,0,1,2016-02-01,Feb,1,1
Registro Administrativo de la Industria Automotriz de Vehículos Ligeros. Venta de vehículos híbridos y eléctricos,Nacional,2016,2,21,0,0,2,2016-02-01,Feb,1,2
Registro Administrativo de la Industria Automotriz de Vehículos Ligeros. Venta de vehículos híbridos y eléctricos,Nacional,2016,2,22,1,0,1,2016-02-01,Feb,1,2
Registro Administrativo de la Industria Automotriz de Vehículos Ligeros. Venta de vehículos híbridos y eléctricos,Nacional,2016,2,23,0,2,0,2016-02-01,Feb,1,2
Registro Administrativo de la Industria Automotriz de Vehículos Ligeros. Venta de vehículos híbridos y eléctricos,Nacional,2016,2,24,0,0,2,2016-02-01,Feb,1,2
Registro Administrativo de la Industria Automotriz de Vehículos Ligeros. Venta de vehículos híbridos y eléctricos,Nacional,2016,2,25,0,0,1,2016-02-01,Feb,1,1
Registro Administrativo de la Industria Automotriz de Vehículos Ligeros. Venta de vehículos híbridos y eléctricos,Nacional,2016,2,26,1,0,0,2016-02-01,Feb,1,1
Registro Administrativo de la Industria Automotriz de Vehículos Ligeros. Venta de vehículos híbridos y eléctricos,Nacional,2016,2,27,0,0,1,2016-02-01,Feb,1,1
Registro Administrativo de la Industria Automotriz de Vehículos Ligeros. Venta de vehículos híbridos y eléctricos,Nacional,2016,2,28,0,0,0,2016-02-01,Feb,1,0
Registro Administrativo de la Industria Automotriz de Vehículos Ligeros. Venta de vehículos híbridos y eléctricos,Nacional,2016,2,29,0,0,0,2016-02-01,Feb,1,0
Registro Administrativo de la Industria Automotriz de Vehículos Ligeros. Venta de vehículos híbridos y eléctricos,Nacional,2016,2,30,0,1,0,2016-02-01,Feb,1,1
Registro Administrativo de la Industria Automotriz de Vehículos Ligeros. Venta de vehículos híbridos y eléctricos,Nacional,2016,2,31,0,0,1,2016-02-01,Feb,1,1
Registro Administrativo de la Industria Automotriz de Vehículos Ligeros. Venta de vehículos híbridos y eléctricos,Nacional,2016,2,32,0,0,0,2016-02-01,Feb,1,0
Registro Administrativo de la Industria Automotriz de Vehículos Ligeros. Venta de vehículos híbridos y eléctricos,Nacional,2016,2,99,0,0,0,2016-02-01,Feb,1,0
Registro Administrativo de la Industria Automotriz de Vehículos Ligeros. Venta de vehículos híbridos y eléctricos,Nacional,2016,3,1,1,0,10,2016-03-01,Mar,1,11
Registro Administrativo de la Industria Automotriz de Vehículos Ligeros. Venta de vehículos híbridos y eléctricos,Nacional,2016,3,2,2,0,7,2016-03-01,Mar,1,9
Registro Administrativo de la Industria Automotriz de Vehículos Ligeros. Venta de vehículos híbridos y eléctricos,Nacional,2016,3,3,0,0,3,2016-03-01,Mar,1,3
Registro Administrativo de la Industria Automotriz de Vehículos Ligeros. Venta de vehículos híbridos y eléctricos,Nacional,2016,3,4,0,0,2,2016-03-01,Mar,1,2
Registro Administrativo de la Industria Automotriz de Vehículos Ligeros. Venta de vehículos híbridos y eléctricos,Nacional,2016,3,5,2,0,6,2016-03-01,Mar,1,8
Registro Administrativo de la Industria Automotriz de Vehículos Ligeros. Venta de vehículos híbridos y eléctricos,Nacional,2016,3,6,1,3,0,2016-03-01,Mar,1,4
Registro Administrativo de la Industria Automotriz de Vehículos Ligeros. Venta de vehículos híbridos y eléctricos,Nacional,2016,3,7,0,1,1,2016-03-01,Mar,1,2
Registro Administrativo de la Industria Automotriz de Vehículos Ligeros. Venta de vehículos híbridos y eléctricos,Nacional,2016,3,8,0,0,14,2016-03-01,Mar,1,14
Registro Administrativo de la Industria Automotriz de Vehículos Ligeros. Venta de vehículos híbridos y eléctricos,Nacional,2016,3,9,7,0,283,2016-03-01,Mar,1,290
Registro Administrativo de la Industria Automotriz de Vehículos Ligeros. Venta de vehículos híbridos y eléctricos,Nacional,2016,3,10,1,0,6,2016-03-01,Mar,1,7
Registro Administrativo de la Industria Automotriz de Vehículos Ligeros. Venta de vehículos híbridos y eléctricos,Nacional,2016,3,11,2,0,14,2016-03-01,Mar,1,16
Registro Administrativo de la Industria Automotriz de Vehículos Ligeros. Venta de vehículos híbridos y eléctricos,Nacional,2016,3,12,0,0,0,2016-03-01,Mar,1,0
Registro Administrativo de la Industria Automotriz de Vehículos Ligeros. Venta de vehículos híbridos y eléctricos,Nacional,2016,3,13,2,0,5,2016-03-01,Mar,1,7
Registro Administrativo de la Industria Automotriz de Vehículos Ligeros. Venta de vehículos híbridos y eléctricos,Nacional,2016,3,14,4,0,30,2016-03-01,Mar,1,34
Registro Administrativo de la Industria Automotriz de Vehículos Ligeros. Venta de vehículos híbridos y eléctricos,Nacional,2016,3,15,3,0,48,2016-03-01,Mar,1,51
Registro Administrativo de la Industria Automotriz de Vehículos Ligeros. Venta de vehículos híbridos y eléctricos,Nacional,2016,3,16,2,0,2,2016-03-01,Mar,1,4
Registro Administrativo de la Industria Automotriz de Vehículos Ligeros. Venta de vehículos híbridos y eléctricos,Nacional,2016,3,17,0,0,3,2016-03-01,Mar,1,3
Registro Administrativo de la Industria Automotriz de Vehículos Ligeros. Venta de vehículos híbridos y eléctricos,Nacional,2016,3,18,1,0,0,2016-03-01,Mar,1,1
Registro Administrativo de la Industria Automotriz de Vehículos Ligeros. Venta de vehículos híbridos y eléctricos,Nacional,2016,3,19,3,3,42,2016-03-01,Mar,1,48
Registro Administrativo de la Industria Automotriz de Vehículos Ligeros. Venta de vehículos híbridos y eléctricos,Nacional,2016,3,20,1,0,2,2016-03-01,Mar,1,3
Registro Administrativo de la Industria Automotriz de Vehículos Ligeros. Venta de vehículos híbridos y eléctricos,Nacional,2016,3,21,1,0,27,2016-03-01,Mar,1,28
Registro Administrativo de la Industria Automotriz de Vehículos Ligeros. Venta de vehículos híbridos y eléctricos,Nacional,2016,3,22,0,0,14,2016-03-01,Mar,1,14
Registro Administrativo de la Industria Automotriz de Vehículos Ligeros. Venta de vehículos híbridos y eléctricos,Nacional,2016,3,23,1,0,3,2016-03-01,Mar,1,4
Registro Administrativo de la Industria Automotriz de Vehículos Ligeros. Venta de vehículos híbridos y eléctricos,Nacional,2016,3,24,1,0,4,2016-03-01,Mar,1,5
Registro Administrativo de la Industria Automotriz de Vehículos Ligeros. Venta de vehículos híbridos y eléctricos,Nacional,2016,3,25,2,0,9,2016-03-01,Mar,1,11
Registro Administrativo de la Industria Automotriz de Vehículos Ligeros. Venta de vehículos híbridos y eléctricos,Nacional,2016,3,26,2,0,4,2016-03-01,Mar,1,6
Registro Administrativo de la Industria Automotriz de Vehículos Ligeros. Venta de vehículos híbridos y eléctricos,Nacional,2016,3,27,0,0,2,2016-03-01,Mar,1,2
Registro Administrativo de la Industria Automotriz de Vehículos Ligeros. Venta de vehículos híbridos y eléctricos,Nacional,2016,3,28,3,0,5,2016-03-01,Mar,1,8
Registro Administrativo de la Industria Automotriz de Vehículos Ligeros. Venta de vehículos híbridos y eléctricos,Nacional,2016,3,29,1,0,5,2016-03-01,Mar,1,6
Registro Administrativo de la Industria Automotriz de Vehículos Ligeros. Venta de vehículos híbridos y eléctricos,Nacional,2016,3,30,3,0,20,2016-03-01,Mar,1,23
Registro Administrativo de la Industria Automotriz de Vehículos Ligeros. Venta de vehículos híbridos y eléctricos,Nacional,2016,3,31,0,1,6,2016-03-01,Mar,1,7
Registro Administrativo de la Industria Automotriz de Vehículos Ligeros. Venta de vehículos híbridos y eléctricos,Nacional,2016,3,32,0,0,2,2016-03-01,Mar,1,2
Registro Administrativo de la Industria Automotriz de Vehículos Ligeros. Venta de vehículos híbridos y eléctricos,Nacional,2016,3,99,0,0,0,2016-03-01,Mar,1,0
Registro Administrativo de la Industria Automotriz de Vehículos Ligeros. Venta de vehículos híbridos y eléctricos,Nacional,2016,4,1,0,0,4,2016-04-01,Apr,2,4
Registro Administrativo de la Industria Automotriz de Vehículos Ligeros. Venta de vehículos híbridos y eléctricos,Nacional,2016,4,2,0,0,4,2016-04-01,Apr,2,4
Registro Administrativo de la Industria Automotriz de Vehículos Ligeros. Venta de vehículos híbridos y eléctricos,Nacional,2016,4,3,0,0,2,2016-04-01,Apr,2,2
Registro Administrativo de la Industria Automotriz de Vehículos Ligeros. Venta de vehículos híbridos y eléctricos,Nacional,2016,4,4,0,0,0,2016-04-01,Apr,2,0
Registro Administrativo de la Industria Automotriz de Vehículos Ligeros. Venta de vehículos híbridos y eléctricos,Nacional,2016,4,5,0,1,6,2016-04-01,Apr,2,7
Registro Administrativo de la Industria Automotriz de Vehículos Ligeros. Venta de vehículos híbridos y eléctricos,Nacional,2016,4,6,0,0,5,2016-04-01,Apr,2,5
Registro Administrativo de la Industria Automotriz de Vehículos Ligeros. Venta de vehículos híbridos y eléctricos,Nacional,2016,4,7,0,0,2,2016-04-01,Apr,2,2
Registro Administrativo de la Industria Automotriz de Vehículos Ligeros. Venta de vehículos híbridos y eléctricos,Nacional,2016,4,8,0,0,4,2016-04-01,Apr,2,4
Registro Administrativo de la Industria Automotriz de Vehículos Ligeros. Venta de vehículos híbridos y eléctricos,Nacional,2016,4,9,19,18,164,2016-04-01,Apr,2,201
Registro Administrativo de la Industria Automotriz de Vehículos Ligeros. Venta de vehículos híbridos y eléctricos,Nacional,2016,4,10,0,0,5,2016-04-01,Apr,2,5
Registro Administrativo de la Industria Automotriz de Vehículos Ligeros. Venta de vehículos híbridos y eléctricos,Nacional,2016,4,11,0,0,11,2016-04-01,Apr,2,11
Registro Administrativo de la Industria Automotriz de Vehículos Ligeros. Venta de vehículos híbridos y eléctricos,Nacional,2016,4,12,0,0,1,2016-04-01,Apr,2,1
Registro Administrativo de la Industria Automotriz de Vehículos Ligeros. Venta de vehículos híbridos y eléctricos,Nacional,2016,4,13,0,0,12,2016-04-01,Apr,2,12
Registro Administrativo de la Industria Automotriz de Vehículos Ligeros. Venta de vehículos híbridos y eléctricos,Nacional,2016,4,14,2,1,30,2016-04-01,Apr,2,33
Registro Administrativo de la Industria Automotriz de Vehículos Ligeros. Venta de vehículos híbridos y eléctricos,Nacional,2016,4,15,0,1,40,2016-04-01,Apr,2,41
Registro Administrativo de la Industria Automotriz de Vehículos Ligeros. Venta de vehículos híbridos y eléctricos,Nacional,2016,4,16,0,0,1,2016-04-01,Apr,2,1
Registro Administrativo de la Industria Automotriz de Vehículos Ligeros. Venta de vehículos híbridos y eléctricos,Nacional,2016,4,17,1,0,6,2016-04-01,Apr,2,7
Registro Administrativo de la Industria Automotriz de Vehículos Ligeros. Venta de vehículos híbridos y eléctricos,Nacional,2016,4,19,0,7,25,2016-04-01,Apr,2,32
Registro Administrativo de la Industria Automotriz de Vehículos Ligeros. Venta de vehículos híbridos y eléctricos,Nacional,2016,4,20,0,0,3,2016-04-01,Apr,2,3
Registro Administrativo de la Industria Automotriz de Vehículos Ligeros. Venta de vehículos híbridos y eléctricos,Nacional,2016,4,21,0,2,7,2016-04-01,Apr,2,9
Registro Administrativo de la Industria Automotriz de Vehículos Ligeros. Venta de vehículos híbridos y eléctricos,Nacional,2016,4,22,1,0,10,2016-04-01,Apr,2,11
Registro Administrativo de la Industria Automotriz de Vehículos Ligeros. Venta de vehículos híbridos y eléctricos,Nacional,2016,4,23,1,2,1,2016-04-01,Apr,2,4
Registro Administrativo de la Industria Automotriz de Vehículos Ligeros. Venta de vehículos híbridos y eléctricos,Nacional,2016,4,24,0,0,5,2016-04-01,Apr,2,5
Registro Administrativo de la Industria Automotriz de Vehículos Ligeros. Venta de vehículos híbridos y eléctricos,Nacional,2016,4,25,0,0,3,2016-04-01,Apr,2,3
Registro Administrativo de la Industria Automotriz de Vehículos Ligeros. Venta de vehículos híbridos y eléctricos,Nacional,2016,4,26,0,0,5,2016-04-01,Apr,2,5
Registro Administrativo de la Industria Automotriz de Vehículos Ligeros. Venta de vehículos híbridos y eléctricos,Nacional,2016,4,27,0,0,0,2016-04-01,Apr,2,0
Registro Administrativo de la Industria Automotriz de Vehículos Ligeros. Venta de vehículos híbridos y eléctricos,Nacional,2016,4,28,0,0,5,2016-04-01,Apr,2,5
Registro Administrativo de la Industria Automotriz de Vehículos Ligeros. Venta de vehículos híbridos y eléctricos,Nacional,2016,4,29,0,0,1,2016-04-01,Apr,2,1
Registro Administrativo de la Industria Automotriz de Vehículos Ligeros. Venta de vehículos híbridos y eléctricos,Nacional,2016,4,30,0,1,11,2016-04-01,Apr,2,12
Registro Administrativo de la Industria Automotriz de Vehículos Ligeros. Venta de vehículos híbridos y eléctricos,Nacional,2016,4,31,0,0,3,2016-04-01,Apr,2,3
Registro Administrativo de la Industria Automotriz de Vehículos Ligeros. Venta de vehículos híbridos y eléctricos,Nacional,2016,5,1,0,0,3,2016-05-01,May,2,3
Registro Administrativo de la Industria Automotriz de Vehículos Ligeros. Venta de vehículos híbridos y eléctricos,Nacional,2016,5,2,0,0,1,2016-05-01,May,2,1
Registro Administrativo de la Industria Automotriz de Vehículos Ligeros. Venta de vehículos híbridos y eléctricos,Nacional,2016,5,3,0,0,1,2016-05-01,May,2,1
Registro Administrativo de la Industria Automotriz de Vehículos Ligeros. Venta de vehículos híbridos y eléctricos,Nacional,2016,5,5,0,1,2,2016-05-01,May,2,3
Registro Administrativo de la Industria Automotriz de Vehículos Ligeros. Venta de vehículos híbridos y eléctricos,Nacional,2016,5,6,0,0,3,2016-05-01,May,2,3
Registro Administrativo de la Industria Automotriz de Vehículos Ligeros. Venta de vehículos híbridos y eléctricos,Nacional,2016,5,7,0,0,3,2016-05-01,May,2,3
Registro Administrativo de la Industria Automotriz de Vehículos Ligeros. Venta de vehículos híbridos y eléctricos,Nacional,2016,5,8,0,0,6,2016-05-01,May,2,6
Registro Administrativo de la Industria Automotriz de Vehículos Ligeros. Venta de vehículos híbridos y eléctricos,Nacional,2016,5,9,11,10,143,2016-05-01,May,2,164
Registro Administrativo de la Industria Automotriz de Vehículos Ligeros. Venta de vehículos híbridos y eléctricos,Nacional,2016,5,10,0,0,3,2016-05-01,May,2,3
Registro Administrativo de la Industria Automotriz de Vehículos Ligeros. Venta de vehículos híbridos y eléctricos,Nacional,2016,5,11,0,1,7,2016-05-01,May,2,8
Registro Administrativo de la Industria Automotriz de Vehículos Ligeros. Venta de vehículos híbridos y eléctricos,Nacional,2016,5,12,0,0,1,2016-05-01,May,2,1
Registro Administrativo de la Industria Automotriz de Vehículos Ligeros. Venta de vehículos híbridos y eléctricos,Nacional,2016,5,13,0,0,4,2016-05-01,May,2,4
Registro Administrativo de la Industria Automotriz de Vehículos Ligeros. Venta de vehículos híbridos y eléctricos,Nacional,2016,5,14,2,4,56,2016-05-01,May,2,62
Registro Administrativo de la Industria Automotriz de Vehículos Ligeros. Venta de vehículos híbridos y eléctricos,Nacional,2016,5,15,1,1,44,2016-05-01,May,2,46
Registro Administrativo de la Industria Automotriz de Vehículos Ligeros. Venta de vehículos híbridos y eléctricos,Nacional,2016,5,16,0,0,1,2016-05-01,May,2,1
Registro Administrativo de la Industria Automotriz de Vehículos Ligeros. Venta de vehículos híbridos y eléctricos,Nacional,2016,5,17,0,0,2,2016-05-01,May,2,2
Registro Administrativo de la Industria Automotriz de Vehículos Ligeros. Venta de vehículos híbridos y eléctricos,Nacional,2016,5,19,1,2,20,2016-05-01,May,2,23
Registro Administrativo de la Industria Automotriz de Vehículos Ligeros. Venta de vehículos híbridos y eléctricos,Nacional,2016,5,20,0,0,3,2016-05-01,May,2,3
Registro Administrativo de la Industria Automotriz de Vehículos Ligeros. Venta de vehículos híbridos y eléctricos,Nacional,2016,5,21,0,1,59,2016-05-01,May,2,60
Registro Administrativo de la Industria Automotriz de Vehículos Ligeros. Venta de vehículos híbridos y eléctricos,Nacional,2016,5,22,0,0,6,2016-05-01,May,2,6
Registro Administrativo de la Industria Automotriz de Vehículos Ligeros. Venta de vehículos híbridos y eléctricos,Nacional,2016,5,23,0,0,2,2016-05-01,May,2,2
Registro Administrativo de la Industria Automotriz de Vehículos Ligeros. Venta de vehículos híbridos y eléctricos,Nacional,2016,5,24,0,0,13,2016-05-01,May,2,13
Registro Administrativo de la Industria Automotriz de Vehículos Ligeros. Venta de vehículos híbridos y eléctricos,Nacional,2016,5,25,0,0,2,2016-05-01,May,2,2
Registro Administrativo de la Industria Automotriz de Vehículos Ligeros. Venta de vehículos híbridos y eléctricos,Nacional,2016,5,26,0,0,2,2016-05-01,May,2,2
Registro Administrativo de la Industria Automotriz de Vehículos Ligeros. Venta de vehículos híbridos y eléctricos,Nacional,2016,5,27,0,0,2,2016-05-01,May,2,2
Registro Administrativo de la Industria Automotriz de Vehículos Ligeros. Venta de vehículos híbridos y eléctricos,Nacional,2016,5,28,0,0,3,2016-05-01,May,2,3
Registro Administrativo de la Industria Automotriz de Vehículos Ligeros. Venta de vehículos híbridos y eléctricos,Nacional,2016,5,30,0,0,6,2016-05-01,May,2,6
Registro Administrativo de la Industria Automotriz de Vehículos Ligeros. Venta de vehículos híbridos y eléctricos,Nacional,2016,5,31,0,1,2,2016-05-01,May,2,3
Registro Administrativo de la Industria Automotriz de Vehículos Ligeros. Venta de vehículos híbridos y eléctricos,Nacional,2016,6,1,0,0,17,2016-06-01,Jun,2,17
Registro Administrativo de la Industria Automotriz de Vehículos Ligeros. Venta de vehículos híbridos y eléctricos,Nacional,2016,6,2,0,0,4,2016-06-01,Jun,2,4
Registro Administrativo de la Industria Automotriz de Vehículos Ligeros. Venta de vehículos híbridos y eléctricos,Nacional,2016,6,3,0,0,6,2016-06-01,Jun,2,6
Registro Administrativo de la Industria Automotriz de Vehículos Ligeros. Venta de vehículos híbridos y eléctricos,Nacional,2016,6,4,0,0,2,2016-06-01,Jun,2,2
Registro Administrativo de la Industria Automotriz de Vehículos Ligeros. Venta de vehículos híbridos y eléctricos,Nacional,2016,6,5,0,0,13,2016-06-01,Jun,2,13
Registro Administrativo de la Industria Automotriz de Vehículos Ligeros. Venta de vehículos híbridos y eléctricos,Nacional,2016,6,6,1,0,3,2016-06-01,Jun,2,4
Registro Administrativo de la Industria Automotriz de Vehículos Ligeros. Venta de vehículos híbridos y eléctricos,Nacional,2016,6,7,0,0,6,2016-06-01,Jun,2,6
Registro Administrativo de la Industria Automotriz de Vehículos Ligeros. Venta de vehículos híbridos y eléctricos,Nacional,2016,6,8,0,0,9,2016-06-01,Jun,2,9
Registro Administrativo de la Industria Automotriz de Vehículos Ligeros. Venta de vehículos híbridos y eléctricos,Nacional,2016,6,9,16,20,407,2016-06-01,Jun,2,443
Registro Administrativo de la Industria Automotriz de Vehículos Ligeros. Venta de vehículos híbridos y eléctricos,Nacional,2016,6,10,0,0,9,2016-06-01,Jun,2,9
Registro Administrativo de la Industria Automotriz de Vehículos Ligeros. Venta de vehículos híbridos y eléctricos,Nacional,2016,6,11,0,1,26,2016-06-01,Jun,2,27
Registro Administrativo de la Industria Automotriz de Vehículos Ligeros. Venta de vehículos híbridos y eléctricos,Nacional,2016,6,13,0,0,7,2016-06-01,Jun,2,7
Registro Administrativo de la Industria Automotriz de Vehículos Ligeros. Venta de vehículos híbridos y eléctricos,Nacional,2016,6,14,3,6,128,2016-06-01,Jun,2,137
Registro Administrativo de la Industria Automotriz de Vehículos Ligeros. Venta de vehículos híbridos y eléctricos,Nacional,2016,6,15,5,1,145,2016-06-01,Jun,2,151
Registro Administrativo de la Industria Automotriz de Vehículos Ligeros. Venta de vehículos híbridos y eléctricos,Nacional,2016,6,16,1,0,6,2016-06-01,Jun,2,7
Registro Administrativo de la Industria Automotriz de Vehículos Ligeros. Venta de vehículos híbridos y eléctricos,Nacional,2016,6,17,0,0,12,2016-06-01,Jun,2,12
Registro Administrativo de la Industria Automotriz de Vehículos Ligeros. Venta de vehículos híbridos y eléctricos,Nacional,2016,6,19,0,3,65,2016-06-01,Jun,2,68
Registro Administrativo de la Industria Automotriz de Vehículos Ligeros. Venta de vehículos híbridos y eléctricos,Nacional,2016,6,20,0,0,1,2016-06-01,Jun,2,1
Registro Administrativo de la Industria Automotriz de Vehículos Ligeros. Venta de vehículos híbridos y eléctricos,Nacional,2016,6,21,1,1,37,2016-06-01,Jun,2,39
Registro Administrativo de la Industria Automotriz de Vehículos Ligeros. Venta de vehículos híbridos y eléctricos,Nacional,2016,6,22,2,0,11,2016-06-01,Jun,2,13
Registro Administrativo de la Industria Automotriz de Vehículos Ligeros. Venta de vehículos híbridos y eléctricos,Nacional,2016,6,23,0,1,4,2016-06-01,Jun,2,5
Registro Administrativo de la Industria Automotriz de Vehículos Ligeros. Venta de vehículos híbridos y eléctricos,Nacional,2016,6,24,0,0,22,2016-06-01,Jun,2,22
Registro Administrativo de la Industria Automotriz de Vehículos Ligeros. Venta de vehículos híbridos y eléctricos,Nacional,2016,6,25,0,0,12,2016-06-01,Jun,2,12
Registro Administrativo de la Industria Automotriz de Vehículos Ligeros. Venta de vehículos híbridos y eléctricos,Nacional,2016,6,26,0,0,6,2016-06-01,Jun,2,6
Registro Administrativo de la Industria Automotriz de Vehículos Ligeros. Venta de vehículos híbridos y eléctricos,Nacional,2016,6,27,0,0,2,2016-06-01,Jun,2,2
Registro Administrativo de la Industria Automotriz de Vehículos Ligeros. Venta de vehículos híbridos y eléctricos,Nacional,2016,6,28,0,0,7,2016-06-01,Jun,2,7
Registro Administrativo de la Industria Automotriz de Vehículos Ligeros. Venta de vehículos híbridos y eléctricos,Nacional,2016,6,29,0,0,8,2016-06-01,Jun,2,8
Registro Administrativo de la Industria Automotriz de Vehículos Ligeros. Venta de vehículos híbridos y eléctricos,Nacional,2016,6,30,0,0,26,2016-06-01,Jun,2,26
Registro Administrativo de la Industria Automotriz de Vehículos Ligeros. Venta de vehículos híbridos y eléctricos,Nacional,2016,6,31,0,0,6,2016-06-01,Jun,2,6
Registro Administrativo de la Industria Automotriz de Vehículos Ligeros. Venta de vehículos híbridos y eléctricos,Nacional,2016,6,32,0,0,4,2016-06-01,Jun,2,4
Registro Administrativo de la Industria Automotriz de Vehículos Ligeros. Venta de vehículos híbridos y eléctricos,Nacional,2016,7,1,0,0,11,2016-07-01,Jul,3,11
Registro Administrativo de la Industria Automotriz de Vehículos Ligeros. Venta de vehículos híbridos y eléctricos,Nacional,2016,7,2,0,0,1,2016-07-01,Jul,3,1
Registro Administrativo de la Industria Automotriz de Vehículos Ligeros. Venta de vehículos híbridos y eléctricos,Nacional,2016,7,3,0,0,5,2016-07-01,Jul,3,5
Registro Administrativo de la Industria Automotriz de Vehículos Ligeros. Venta de vehículos híbridos y eléctricos,Nacional,2016,7,4,0,0,1,2016-07-01,Jul,3,1
Registro Administrativo de la Industria Automotriz de Vehículos Ligeros. Venta de vehículos híbridos y eléctricos,Nacional,2016,7,5,0,0,14,2016-07-01,Jul,3,14
Registro Administrativo de la Industria Automotriz de Vehículos Ligeros. Venta de vehículos híbridos y eléctricos,Nacional,2016,7,6,0,0,7,2016-07-01,Jul,3,7
Registro Administrativo de la Industria Automotriz de Vehículos Ligeros. Venta de vehículos híbridos y eléctricos,Nacional,2016,7,7,0,0,3,2016-07-01,Jul,3,3
Registro Administrativo de la Industria Automotriz de Vehículos Ligeros. Venta de vehículos híbridos y eléctricos,Nacional,2016,7,8,0,0,3,2016-07-01,Jul,3,3
Registro Administrativo de la Industria Automotriz de Vehículos Ligeros. Venta de vehículos híbridos y eléctricos,Nacional,2016,7,9,13,17,376,2016-07-01,Jul,3,406
Registro Administrativo de la Industria Automotriz de Vehículos Ligeros. Venta de vehículos híbridos y eléctricos,Nacional,2016,7,10,0,0,7,2016-07-01,Jul,3,7
Registro Administrativo de la Industria Automotriz de Vehículos Ligeros. Venta de vehículos híbridos y eléctricos,Nacional,2016,7,11,0,0,15,2016-07-01,Jul,3,15
Registro Administrativo de la Industria Automotriz de Vehículos Ligeros. Venta de vehículos híbridos y eléctricos,Nacional,2016,7,13,0,0,11,2016-07-01,Jul,3,11
Registro Administrativo de la Industria Automotriz de Vehículos Ligeros. Venta de vehículos híbridos y eléctricos,Nacional,2016,7,14,2,2,64,2016-07-01,Jul,3,68
Registro Administrativo de la Industria Automotriz de Vehículos Ligeros. Venta de vehículos híbridos y eléctricos,Nacional,2016,7,15,1,0,122,2016-07-01,Jul,3,123
Registro Administrativo de la Industria Automotriz de Vehículos Ligeros. Venta de vehículos híbridos y eléctricos,Nacional,2016,7,16,0,0,5,2016-07-01,Jul,3,5
Registro Administrativo de la Industria Automotriz de Vehículos Ligeros. Venta de vehículos híbridos y eléctricos,Nacional,2016,7,17,0,0,8,2016-07-01,Jul,3,8
Registro Administrativo de la Industria Automotriz de Vehículos Ligeros. Venta de vehículos híbridos y eléctricos,Nacional,2016,7,19,3,1,61,2016-07-01,Jul,3,65
Registro Administrativo de la Industria Automotriz de Vehículos Ligeros. Venta de vehículos híbridos y eléctricos,Nacional,2016,7,20,0,0,5,2016-07-01,Jul,3,5
Registro Administrativo de la Industria Automotriz de Vehículos Ligeros. Venta de vehículos híbridos y eléctricos,Nacional,2016,7,21,1,0,39,2016-07-01,Jul,3,40
Registro Administrativo de la Industria Automotriz de Vehículos Ligeros. Venta de vehículos híbridos y eléctricos,Nacional,2016,7,22,0,0,25,2016-07-01,Jul,3,25
Registro Administrativo de la Industria Automotriz de Vehículos Ligeros. Venta de vehículos híbridos y eléctricos,Nacional,2016,7,23,0,0,5,2016-07-01,Jul,3,5
Registro Administrativo de la Industria Automotriz de Vehículos Ligeros. Venta de vehículos híbridos y eléctricos,Nacional,2016,7,24,0,0,10,2016-07-01,Jul,3,10
Registro Administrativo de la Industria Automotriz de Vehículos Ligeros. Venta de vehículos híbridos y eléctricos,Nacional,2016,7,25,0,0,9,2016-07-01,Jul,3,9
Registro Administrativo de la Industria Automotriz de Vehículos Ligeros. Venta de vehículos híbridos y eléctricos,Nacional,2016,7,26,0,0,9,2016-07-01,Jul,3,9
Registro Administrativo de la Industria Automotriz de Vehículos Ligeros. Venta de vehículos híbridos y eléctricos,Nacional,2016,7,27,0,0,3,2016-07-01,Jul,3,3
Registro Administrativo de la Industria Automotriz de Vehículos Ligeros. Venta de vehículos híbridos y eléctricos,Nacional,2016,7,28,0,0,5,2016-07-01,Jul,3,5
Registro Administrativo de la Industria Automotriz de Vehículos Ligeros. Venta de vehículos híbridos y eléctricos,Nacional,2016,7,29,0,0,4,2016-07-01,Jul,3,4
Registro Administrativo de la Industria Automotriz de Vehículos Ligeros. Venta de vehículos híbridos y eléctricos,Nacional,2016,7,30,0,0,20,2016-07-01,Jul,3,20
Registro Administrativo de la Industria Automotriz de Vehículos Ligeros. Venta de vehículos híbridos y eléctricos,Nacional,2016,7,31,0,0,5,2016-07-01,Jul,3,5
Registro Administrativo de la Industria Automotriz de Vehículos Ligeros. Venta de vehículos híbridos y eléctricos,Nacional,2016,7,32,0,0,1,2016-07-01,Jul,3,1
Registro Administrativo de la Industria Automotriz de Vehículos Ligeros. Venta de vehículos híbridos y eléctricos,Nacional,2016,8,1,0,0,3,2016-08-01,Aug,3,3
Registro Administrativo de la Industria Automotriz de Vehículos Ligeros. Venta de vehículos híbridos y eléctricos,Nacional,2016,8,2,0,0,8,2016-08-01,Aug,3,8
Registro Administrativo de la Industria Automotriz de Vehículos Ligeros. Venta de vehículos híbridos y eléctricos,Nacional,2016,8,3,0,0,2,2016-08-01,Aug,3,2
Registro Administrativo de la Industria Automotriz de Vehículos Ligeros. Venta de vehículos híbridos y eléctricos,Nacional,2016,8,4,0,0,2,2016-08-01,Aug,3,2
Registro Administrativo de la Industria Automotriz de Vehículos Ligeros. Venta de vehículos híbridos y eléctricos,Nacional,2016,8,5,0,0,13,2016-08-01,Aug,3,13
Registro Administrativo de la Industria Automotriz de Vehículos Ligeros. Venta de vehículos híbridos y eléctricos,Nacional,2016,8,6,0,0,3,2016-08-01,Aug,3,3
Registro Administrativo de la Industria Automotriz de Vehículos Ligeros. Venta de vehículos híbridos y eléctricos,Nacional,2016,8,7,0,0,3,2016-08-01,Aug,3,3
Registro Administrativo de la Industria Automotriz de Vehículos Ligeros. Venta de vehículos híbridos y eléctricos,Nacional,2016,8,8,0,0,7,2016-08-01,Aug,3,7
Registro Administrativo de la Industria Automotriz de Vehículos Ligeros. Venta de vehículos híbridos y eléctricos,Nacional,2016,8,9,10,30,364,2016-08-01,Aug,3,404
Registro Administrativo de la Industria Automotriz de Vehículos Ligeros. Venta de vehículos híbridos y eléctricos,Nacional,2016,8,10,0,0,5,2016-08-01,Aug,3,5
Registro Administrativo de la Industria Automotriz de Vehículos Ligeros. Venta de vehículos híbridos y eléctricos,Nacional,2016,8,11,0,0,21,2016-08-01,Aug,3,21
Registro Administrativo de la Industria Automotriz de Vehículos Ligeros. Venta de vehículos híbridos y eléctricos,Nacional,2016,8,12,0,0,5,2016-08-01,Aug,3,5
Registro Administrativo de la Industria Automotriz de Vehículos Ligeros. Venta de vehículos híbridos y eléctricos,Nacional,2016,8,13,0,0,15,2016-08-01,Aug,3,15
Registro Administrativo de la Industria Automotriz de Vehículos Ligeros. Venta de vehículos híbridos y eléctricos,Nacional,2016,8,14,1,8,43,2016-08-01,Aug,3,52
Registro Administrativo de la Industria Automotriz de Vehículos Ligeros. Venta de vehículos híbridos y eléctricos,Nacional,2016,8,15,0,2,158,2016-08-01,Aug,3,160
Registro Administrativo de la Industria Automotriz de Vehículos Ligeros. Venta de vehículos híbridos y eléctricos,Nacional,2016,8,16,0,0,3,2016-08-01,Aug,3,3
Registro Administrativo de la Industria Automotriz de Vehículos Ligeros. Venta de vehículos híbridos y eléctricos,Nacional,2016,8,17,0,0,17,2016-08-01,Aug,3,17
Registro Administrativo de la Industria Automotriz de Vehículos Ligeros. Venta de vehículos híbridos y eléctricos,Nacional,2016,8,18,0,0,1,2016-08-01,Aug,3,1
Registro Administrativo de la Industria Automotriz de Vehículos Ligeros. Venta de vehículos híbridos y eléctricos,Nacional,2016,8,19,0,6,54,2016-08-01,Aug,3,60
Registro Administrativo de la Industria Automotriz de Vehículos Ligeros. Venta de vehículos híbridos y eléctricos,Nacional,2016,8,20,0,0,3,2016-08-01,Aug,3,3
Registro Administrativo de la Industria Automotriz de Vehículos Ligeros. Venta de vehículos híbridos y eléctricos,Nacional,2016,8,21,0,1,15,2016-08-01,Aug,3,16
Registro Administrativo de la Industria Automotriz de Vehículos Ligeros. Venta de vehículos híbridos y eléctricos,Nacional,2016,8,22,0,1,25,2016-08-01,Aug,3,26
Registro Administrativo de la Industria Automotriz de Vehículos Ligeros. Venta de vehículos híbridos y eléctricos,Nacional,2016,8,23,0,0,0,2016-08-01,Aug,3,0
Registro Administrativo de la Industria Automotriz de Vehículos Ligeros. Venta de vehículos híbridos y eléctricos,Nacional,2016,8,24,0,0,8,2016-08-01,Aug,3,8
Registro Administrativo de la Industria Automotriz de Vehículos Ligeros. Venta de vehículos híbridos y eléctricos,Nacional,2016,8,25,0,0,13,2016-08-01,Aug,3,13
Registro Administrativo de la Industria Automotriz de Vehículos Ligeros. Venta de vehículos híbridos y eléctricos,Nacional,2016,8,26,0,0,2,2016-08-01,Aug,3,2
Registro Administrativo de la Industria Automotriz de Vehículos Ligeros. Venta de vehículos híbridos y eléctricos,Nacional,2016,8,27,0,0,1,2016-08-01,Aug,3,1
Registro Administrativo de la Industria Automotriz de Vehículos Ligeros. Venta de vehículos híbridos y eléctricos,Nacional,2016,8,28,0,0,5,2016-08-01,Aug,3,5
Registro Administrativo de la Industria Automotriz de Vehículos Ligeros. Venta de vehículos híbridos y eléctricos,Nacional,2016,8,29,0,0,1,2016-08-01,Aug,3,1
Registro Administrativo de la Industria Automotriz de Vehículos Ligeros. Venta de vehículos híbridos y eléctricos,Nacional,2016,8,30,0,1,24,2016-08-01,Aug,3,25
Registro Administrativo de la Industria Automotriz de Vehículos Ligeros. Venta de vehículos híbridos y eléctricos,Nacional,2016,8,31,0,0,7,2016-08-01,Aug,3,7
Registro Administrativo de la Industria Automotriz de Vehículos Ligeros. Venta de vehículos híbridos y eléctricos,Nacional,2016,8,32,0,0,2,2016-08-01,Aug,3,2
Registro Administrativo de la Industria Automotriz de Vehículos Ligeros. Venta de vehículos híbridos y eléctricos,Nacional,2016,9,1,0,0,7,2016-09-01,Sep,3,7
Registro Administrativo de la Industria Automotriz de Vehículos Ligeros. Venta de vehículos híbridos y eléctricos,Nacional,2016,9,2,1,0,7,2016-09-01,Sep,3,8
Registro Administrativo de la Industria Automotriz de Vehículos Ligeros. Venta de vehículos híbridos y eléctricos,Nacional,2016,9,3,0,0,4,2016-09-01,Sep,3,4
Registro Administrativo de la Industria Automotriz de Vehículos Ligeros. Venta de vehículos híbridos y eléctricos,Nacional,2016,9,5,0,0,5,2016-09-01,Sep,3,5
Registro Administrativo de la Industria Automotriz de Vehículos Ligeros. Venta de vehículos híbridos y eléctricos,Nacional,2016,9,6,0,0,3,2016-09-01,Sep,3,3
Registro Administrativo de la Industria Automotriz de Vehículos Ligeros. Venta de vehículos híbridos y eléctricos,Nacional,2016,9,7,0,0,2,2016-09-01,Sep,3,2
Registro Administrativo de la Industria Automotriz de Vehículos Ligeros. Venta de vehículos híbridos y eléctricos,Nacional,2016,9,8,0,0,8,2016-09-01,Sep,3,8
Registro Administrativo de la Industria Automotriz de Vehículos Ligeros. Venta de vehículos híbridos y eléctricos,Nacional,2016,9,9,4,49,463,2016-09-01,Sep,3,516
Registro Administrativo de la Industria Automotriz de Vehículos Ligeros. Venta de vehículos híbridos y eléctricos,Nacional,2016,9,10,0,0,2,2016-09-01,Sep,3,2
Registro Administrativo de la Industria Automotriz de Vehículos Ligeros. Venta de vehículos híbridos y eléctricos,Nacional,2016,9,11,1,2,17,2016-09-01,Sep,3,20
Registro Administrativo de la Industria Automotriz de Vehículos Ligeros. Venta de vehículos híbridos y eléctricos,Nacional,2016,9,13,0,0,9,2016-09-01,Sep,3,9
Registro Administrativo de la Industria Automotriz de Vehículos Ligeros. Venta de vehículos híbridos y eléctricos,Nacional,2016,9,14,1,9,28,2016-09-01,Sep,3,38
Registro Administrativo de la Industria Automotriz de Vehículos Ligeros. Venta de vehículos híbridos y eléctricos,Nacional,2016,9,15,0,5,89,2016-09-01,Sep,3,94
Registro Administrativo de la Industria Automotriz de Vehículos Ligeros. Venta de vehículos híbridos y eléctricos,Nacional,2016,9,16,0,0,3,2016-09-01,Sep,3,3
Registro Administrativo de la Industria Automotriz de Vehículos Ligeros. Venta de vehículos híbridos y eléctricos,Nacional,2016,9,17,0,1,11,2016-09-01,Sep,3,12
Registro Administrativo de la Industria Automotriz de Vehículos Ligeros. Venta de vehículos híbridos y eléctricos,Nacional,2016,9,19,0,6,27,2016-09-01,Sep,3,33
Registro Administrativo de la Industria Automotriz de Vehículos Ligeros. Venta de vehículos híbridos y eléctricos,Nacional,2016,9,20,1,0,1,2016-09-01,Sep,3,2
Registro Administrativo de la Industria Automotriz de Vehículos Ligeros. Venta de vehículos híbridos y eléctricos,Nacional,2016,9,21,0,4,20,2016-09-01,Sep,3,24
Registro Administrativo de la Industria Automotriz de Vehículos Ligeros. Venta de vehículos híbridos y eléctricos,Nacional,2016,9,22,0,3,16,2016-09-01,Sep,3,19
Registro Administrativo de la Industria Automotriz de Vehículos Ligeros. Venta de vehículos híbridos y eléctricos,Nacional,2016,9,23,0,0,19,2016-09-01,Sep,3,19
Registro Administrativo de la Industria Automotriz de Vehículos Ligeros. Venta de vehículos híbridos y eléctricos,Nacional,2016,9,24,1,0,2,2016-09-01,Sep,3,3
Registro Administrativo de la Industria Automotriz de Vehículos Ligeros. Venta de vehículos híbridos y eléctricos,Nacional,2016,9,25,0,0,11,2016-09-01,Sep,3,11
Registro Administrativo de la Industria Automotriz de Vehículos Ligeros. Venta de vehículos híbridos y eléctricos,Nacional,2016,9,26,0,0,6,2016-09-01,Sep,3,6
Registro Administrativo de la Industria Automotriz de Vehículos Ligeros. Venta de vehículos híbridos y eléctricos,Nacional,2016,9,27,0,0,2,2016-09-01,Sep,3,2
Registro Administrativo de la Industria Automotriz de Vehículos Ligeros. Venta de vehículos híbridos y eléctricos,Nacional,2016,9,28,0,0,4,2016-09-01,Sep,3,4
Registro Administrativo de la Industria Automotriz de Vehículos Ligeros. Venta de vehículos híbridos y eléctricos,Nacional,2016,9,29,0,0,2,2016-09-01,Sep,3,2
Registro Administrativo de la Industria Automotriz de Vehículos Ligeros. Venta de vehículos híbridos y eléctricos,Nacional,2016,9,30,0,0,12,2016-09-01,Sep,3,12
Registro Administrativo de la Industria Automotriz de Vehículos Ligeros. Venta de vehículos híbridos y eléctricos,Nacional,2016,9,31,0,0,5,2016-09-01,Sep,3,5
Registro Administrativo de la Industria Automotriz de Vehículos Ligeros. Venta de vehículos híbridos y eléctricos,Nacional,2016,9,32,0,0,2,2016-09-01,Sep,3,2
Registro Administrativo de la Industria Automotriz de Vehículos Ligeros. Venta de vehículos híbridos y eléctricos,Nacional,2016,10,1,0,0,2,2016-10-01,Oct,4,2
Registro Administrativo de la Industria Automotriz de Vehículos Ligeros. Venta de vehículos híbridos y eléctricos,Nacional,2016,10,2,0,0,6,2016-10-01,Oct,4,6
Registro Administrativo de la Industria Automotriz de Vehículos Ligeros. Venta de vehículos híbridos y eléctricos,Nacional,2016,10,3,0,0,2,2016-10-01,Oct,4,2
Registro Administrativo de la Industria Automotriz de Vehículos Ligeros. Venta de vehículos híbridos y eléctricos,Nacional,2016,10,5,0,1,5,2016-10-01,Oct,4,6
Registro Administrativo de la Industria Automotriz de Vehículos Ligeros. Venta de vehículos híbridos y eléctricos,Nacional,2016,10,6,0,0,2,2016-10-01,Oct,4,2
Registro Administrativo de la Industria Automotriz de Vehículos Ligeros. Venta de vehículos híbridos y eléctricos,Nacional,2016,10,7,0,0,3,2016-10-01,Oct,4,3
Registro Administrativo de la Industria Automotriz de Vehículos Ligeros. Venta de vehículos híbridos y eléctricos,Nacional,2016,10,8,0,0,7,2016-10-01,Oct,4,7
Registro Administrativo de la Industria Automotriz de Vehículos Ligeros. Venta de vehículos híbridos y eléctricos,Nacional,2016,10,9,17,39,304,2016-10-01,Oct,4,360
Registro Administrativo de la Industria Automotriz de Vehículos Ligeros. Venta de vehículos híbridos y eléctricos,Nacional,2016,10,10,0,0,3,2016-10-01,Oct,4,3
Registro Administrativo de la Industria Automotriz de Vehículos Ligeros. Venta de vehículos híbridos y eléctricos,Nacional,2016,10,11,0,3,10,2016-10-01,Oct,4,13
Registro Administrativo de la Industria Automotriz de Vehículos Ligeros. Venta de vehículos híbridos y eléctricos,Nacional,2016,10,12,0,0,1,2016-10-01,Oct,4,1
Registro Administrativo de la Industria Automotriz de Vehículos Ligeros. Venta de vehículos híbridos y eléctricos,Nacional,2016,10,13,0,0,14,2016-10-01,Oct,4,14
Registro Administrativo de la Industria Automotriz de Vehículos Ligeros. Venta de vehículos híbridos y eléctricos,Nacional,2016,10,14,20,5,28,2016-10-01,Oct,4,53
Registro Administrativo de la Industria Automotriz de Vehículos Ligeros. Venta de vehículos híbridos y eléctricos,Nacional,2016,10,15,1,5,96,2016-10-01,Oct,4,102
Registro Administrativo de la Industria Automotriz de Vehículos Ligeros. Venta de vehículos híbridos y eléctricos,Nacional,2016,10,16,0,0,5,2016-10-01,Oct,4,5
Registro Administrativo de la Industria Automotriz de Vehículos Ligeros. Venta de vehículos híbridos y eléctricos,Nacional,2016,10,17,0,1,5,2016-10-01,Oct,4,6
Registro Administrativo de la Industria Automotriz de Vehículos Ligeros. Venta de vehículos híbridos y eléctricos,Nacional,2016,10,19,3,6,41,2016-10-01,Oct,4,50
Registro Administrativo de la Industria Automotriz de Vehículos Ligeros. Venta de vehículos híbridos y eléctricos,Nacional,2016,10,20,0,0,5,2016-10-01,Oct,4,5
Registro Administrativo de la Industria Automotriz de Vehículos Ligeros. Venta de vehículos híbridos y eléctricos,Nacional,2016,10,21,0,2,14,2016-10-01,Oct,4,16
Registro Administrativo de la Industria Automotriz de Vehículos Ligeros. Venta de vehículos híbridos y eléctricos,Nacional,2016,10,22,0,1,19,2016-10-01,Oct,4,20
Registro Administrativo de la Industria Automotriz de Vehículos Ligeros. Venta de vehículos híbridos y eléctricos,Nacional,2016,10,23,0,1,4,2016-10-01,Oct,4,5
Registro Administrativo de la Industria Automotriz de Vehículos Ligeros. Venta de vehículos híbridos y eléctricos,Nacional,2016,10,24,0,4,2,2016-10-01,Oct,4,6
Registro Administrativo de la Industria Automotriz de Vehículos Ligeros. Venta de vehículos híbridos y eléctricos,Nacional,2016,10,25,0,0,7,2016-10-01,Oct,4,7
Registro Administrativo de la Industria Automotriz de Vehículos Ligeros. Venta de vehículos híbridos y eléctricos,Nacional,2016,10,26,0,0,5,2016-10-01,Oct,4,5
Registro Administrativo de la Industria Automotriz de Vehículos Ligeros. Venta de vehículos híbridos y eléctricos,Nacional,2016,10,27,0,0,2,2016-10-01,Oct,4,2
Registro Administrativo de la Industria Automotriz de Vehículos Ligeros. Venta de vehículos híbridos y eléctricos,Nacional,2016,10,28,0,0,7,2016-10-01,Oct,4,7
Registro Administrativo de la Industria Automotriz de Vehículos Ligeros. Venta de vehículos híbridos y eléctricos,Nacional,2016,10,30,0,0,17,2016-10-01,Oct,4,17
Registro Administrativo de la Industria Automotriz de Vehículos Ligeros. Venta de vehículos híbridos y eléctricos,Nacional,2016,10,31,0,0,3,2016-10-01,Oct,4,3
Registro Administrativo de la Industria Automotriz de Vehículos Ligeros. Venta de vehículos híbridos y eléctricos,Nacional,2016,10,32,0,0,4,2016-10-01,Oct,4,4
Registro Administrativo de la Industria Automotriz de Vehículos Ligeros. Venta de vehículos híbridos y eléctricos,Nacional,2016,11,1,0,0,4,2016-11-01,Nov,4,4
Registro Administrativo de la Industria Automotriz de Vehículos Ligeros. Venta de vehículos híbridos y eléctricos,Nacional,2016,11,2,0,0,2,2016-11-01,Nov,4,2
Registro Administrativo de la Industria Automotriz de Vehículos Ligeros. Venta de vehículos híbridos y eléctricos,Nacional,2016,11,3,0,0,4,2016-11-01,Nov,4,4
Registro Administrativo de la Industria Automotriz de Vehículos Ligeros. Venta de vehículos híbridos y eléctricos,Nacional,2016,11,4,0,0,4,2016-11-01,Nov,4,4
Registro Administrativo de la Industria Automotriz de Vehículos Ligeros. Venta de vehículos híbridos y eléctricos,Nacional,2016,11,5,0,1,10,2016-11-01,Nov,4,11
Registro Administrativo de la Industria Automotriz de Vehículos Ligeros. Venta de vehículos híbridos y eléctricos,Nacional,2016,11,6,0,0,2,2016-11-01,Nov,4,2
Registro Administrativo de la Industria Automotriz de Vehículos Ligeros. Venta de vehículos híbridos y eléctricos,Nacional,2016,11,7,0,0,1,2016-11-01,Nov,4,1
Registro Administrativo de la Industria Automotriz de Vehículos Ligeros. Venta de vehículos híbridos y eléctricos,Nacional,2016,11,8,0,0,6,2016-11-01,Nov,4,6
Registro Administrativo de la Industria Automotriz de Vehículos Ligeros. Venta de vehículos híbridos y eléctricos,Nacional,2016,11,9,6,46,370,2016-11-01,Nov,4,422
Registro Administrativo de la Industria Automotriz de Vehículos Ligeros. Venta de vehículos híbridos y eléctricos,Nacional,2016,11,10,0,0,3,2016-11-01,Nov,4,3
Registro Administrativo de la Industria Automotriz de Vehículos Ligeros. Venta de vehículos híbridos y eléctricos,Nacional,2016,11,11,0,0,14,2016-11-01,Nov,4,14
Registro Administrativo de la Industria Automotriz de Vehículos Ligeros. Venta de vehículos híbridos y eléctricos,Nacional,2016,11,12,0,0,1,2016-11-01,Nov,4,1
Registro Administrativo de la Industria Automotriz de Vehículos Ligeros. Venta de vehículos híbridos y eléctricos,Nacional,2016,11,13,0,0,8,2016-11-01,Nov,4,8
Registro Administrativo de la Industria Automotriz de Vehículos Ligeros. Venta de vehículos híbridos y eléctricos,Nacional,2016,11,14,8,6,51,2016-11-01,Nov,4,65
Registro Administrativo de la Industria Automotriz de Vehículos Ligeros. Venta de vehículos híbridos y eléctricos,Nacional,2016,11,15,2,1,135,2016-11-01,Nov,4,138
Registro Administrativo de la Industria Automotriz de Vehículos Ligeros. Venta de vehículos híbridos y eléctricos,Nacional,2016,11,16,0,0,3,2016-11-01,Nov,4,3
Registro Administrativo de la Industria Automotriz de Vehículos Ligeros. Venta de vehículos híbridos y eléctricos,Nacional,2016,11,17,0,3,7,2016-11-01,Nov,4,10
Registro Administrativo de la Industria Automotriz de Vehículos Ligeros. Venta de vehículos híbridos y eléctricos,Nacional,2016,11,18,0,0,2,2016-11-01,Nov,4,2
Registro Administrativo de la Industria Automotriz de Vehículos Ligeros. Venta de vehículos híbridos y eléctricos,Nacional,2016,11,19,4,16,65,2016-11-01,Nov,4,85
Registro Administrativo de la Industria Automotriz de Vehículos Ligeros. Venta de vehículos híbridos y eléctricos,Nacional,2016,11,20,0,0,5,2016-11-01,Nov,4,5
Registro Administrativo de la Industria Automotriz de Vehículos Ligeros. Venta de vehículos híbridos y eléctricos,Nacional,2016,11,21,0,4,14,2016-11-01,Nov,4,18
Registro Administrativo de la Industria Automotriz de Vehículos Ligeros. Venta de vehículos híbridos y eléctricos,Nacional,2016,11,22,0,2,17,2016-11-01,Nov,4,19
Registro Administrativo de la Industria Automotriz de Vehículos Ligeros. Venta de vehículos híbridos y eléctricos,Nacional,2016,11,23,0,1,4,2016-11-01,Nov,4,5
Registro Administrativo de la Industria Automotriz de Vehículos Ligeros. Venta de vehículos híbridos y eléctricos,Nacional,2016,11,24,0,3,8,2016-11-01,Nov,4,11
Registro Administrativo de la Industria Automotriz de Vehículos Ligeros. Venta de vehículos híbridos y eléctricos,Nacional,2016,11,25,0,0,8,2016-11-01,Nov,4,8
Registro Administrativo de la Industria Automotriz de Vehículos Ligeros. Venta de vehículos híbridos y eléctricos,Nacional,2016,11,26,0,0,9,2016-11-01,Nov,4,9
Registro Administrativo de la Industria Automotriz de Vehículos Ligeros. Venta de vehículos híbridos y eléctricos,Nacional,2016,11,27,0,0,0,2016-11-01,Nov,4,0
Registro Administrativo de la Industria Automotriz de Vehículos Ligeros. Venta de vehículos híbridos y eléctricos,Nacional,2016,11,28,0,0,38,2016-11-01,Nov,4,38
Registro Administrativo de la Industria Automotriz de Vehículos Ligeros. Venta de vehículos híbridos y eléctricos,Nacional,2016,11,29,0,0,3,2016-11-01,Nov,4,3
Registro Administrativo de la Industria Automotriz de Vehículos Ligeros. Venta de vehículos híbridos y eléctricos,Nacional,2016,11,30,0,1,18,2016-11-01,Nov,4,19
Registro Administrativo de la Industria Automotriz de Vehículos Ligeros. Venta de vehículos híbridos y eléctricos,Nacional,2016,11,31,0,0,5,2016-11-01,Nov,4,5
Registro Administrativo de la Industria Automotriz de Vehículos Ligeros. Venta de vehículos híbridos y eléctricos,Nacional,2016,11,32,0,0,3,2016-11-01,Nov,4,3
Registro Administrativo de la Industria Automotriz de Vehículos Ligeros. Venta de vehículos híbridos y eléctricos,Nacional,2016,12,1,0,0,2,2016-12-01,Dec,4,2
Registro Administrativo de la Industria Automotriz de Vehículos Ligeros. Venta de vehículos híbridos y eléctricos,Nacional,2016,12,2,0,0,10,2016-12-01,Dec,4,10
Registro Administrativo de la Industria Automotriz de Vehículos Ligeros. Venta de vehículos híbridos y eléctricos,Nacional,2016,12,3,0,0,2,2016-12-01,Dec,4,2
Registro Administrativo de la Industria Automotriz de Vehículos Ligeros. Venta de vehículos híbridos y eléctricos,Nacional,2016,12,4,0,0,2,2016-12-01,Dec,4,2
Registro Administrativo de la Industria Automotriz de Vehículos Ligeros. Venta de vehículos híbridos y eléctricos,Nacional,2016,12,5,0,1,16,2016-12-01,Dec,4,17
Registro Administrativo de la Industria Automotriz de Vehículos Ligeros. Venta de vehículos híbridos y eléctricos,Nacional,2016,12,6,0,0,0,2016-12-01,Dec,4,0
Registro Administrativo de la Industria Automotriz de Vehículos Ligeros. Venta de vehículos híbridos y eléctricos,Nacional,2016,12,7,0,0,4,2016-12-01,Dec,4,4
Registro Administrativo de la Industria Automotriz de Vehículos Ligeros. Venta de vehículos híbridos y eléctricos,Nacional,2016,12,8,0,0,13,2016-12-01,Dec,4,13
Registro Administrativo de la Industria Automotriz de Vehículos Ligeros. Venta de vehículos híbridos y eléctricos,Nacional,2016,12,9,13,55,454,2016-12-01,Dec,4,522
Registro Administrativo de la Industria Automotriz de Vehículos Ligeros. Venta de vehículos híbridos y eléctricos,Nacional,2016,12,10,0,0,6,2016-12-01,Dec,4,6
Registro Administrativo de la Industria Automotriz de Vehículos Ligeros. Venta de vehículos híbridos y eléctricos,Nacional,2016,12,11,0,3,30,2016-12-01,Dec,4,33
Registro Administrativo de la Industria Automotriz de Vehículos Ligeros. Venta de vehículos híbridos y eléctricos,Nacional,2016,12,12,0,0,4,2016-12-01,Dec,4,4
Registro Administrativo de la Industria Automotriz de Vehículos Ligeros. Venta de vehículos híbridos y eléctricos,Nacional,2016,12,13,0,0,13,2016-12-01,Dec,4,13
Registro Administrativo de la Industria Automotriz de Vehículos Ligeros. Venta de vehículos híbridos y eléctricos,Nacional,2016,12,14,1,10,51,2016-12-01,Dec,4,62
Registro Administrativo de la Industria Automotriz de Vehículos Ligeros. Venta de vehículos híbridos y eléctricos,Nacional,2016,12,15,0,7,131,2016-12-01,Dec,4,138
Registro Administrativo de la Industria Automotriz de Vehículos Ligeros. Venta de vehículos híbridos y eléctricos,Nacional,2016,12,16,0,1,5,2016-12-01,Dec,4,6
Registro Administrativo de la Industria Automotriz de Vehículos Ligeros. Venta de vehículos híbridos y eléctricos,Nacional,2016,12,17,0,6,9,2016-12-01,Dec,4,15
Registro Administrativo de la Industria Automotriz de Vehículos Ligeros. Venta de vehículos híbridos y eléctricos,Nacional,2016,12,18,0,0,1,2016-12-01,Dec,4,1
Registro Administrativo de la Industria Automotriz de Vehículos Ligeros. Venta de vehículos híbridos y eléctricos,Nacional,2016,12,19,0,11,50,2016-12-01,Dec,4,61
Registro Administrativo de la Industria Automotriz de Vehículos Ligeros. Venta de vehículos híbridos y eléctricos,Nacional,2016,12,20,0,0,8,2016-12-01,Dec,4,8
Registro Administrativo de la Industria Automotriz de Vehículos Ligeros. Venta de vehículos híbridos y eléctricos,Nacional,2016,12,21,0,5,38,2016-12-01,Dec,4,43
Registro Administrativo de la Industria Automotriz de Vehículos Ligeros. Venta de vehículos híbridos y eléctricos,Nacional,2016,12,22,0,1,20,2016-12-01,Dec,4,21
Registro Administrativo de la Industria Automotriz de Vehículos Ligeros. Venta de vehículos híbridos y eléctricos,Nacional,2016,12,23,0,3,11,2016-12-01,Dec,4,14
Registro Administrativo de la Industria Automotriz de Vehículos Ligeros. Venta de vehículos híbridos y eléctricos,Nacional,2016,12,24,0,1,12,2016-12-01,Dec,4,13
Registro Administrativo de la Industria Automotriz de Vehículos Ligeros. Venta de vehículos híbridos y eléctricos,Nacional,2016,12,25,0,0,19,2016-12-01,Dec,4,19
Registro Administrativo de la Industria Automotriz de Vehículos Ligeros. Venta de vehículos híbridos y eléctricos,Nacional,2016,12,26,0,0,10,2016-12-01,Dec,4,10
Registro Administrativo de la Industria Automotriz de Vehículos Ligeros. Venta de vehículos híbridos y eléctricos,Nacional,2016,12,27,0,0,3,2016-12-01,Dec,4,3
Registro Administrativo de la Industria Automotriz de Vehículos Ligeros. Venta de vehículos híbridos y eléctricos,Nacional,2016,12,28,0,0,28,2016-12-01,Dec,4,28
Registro Administrativo de la Industria Automotriz de Vehículos Ligeros. Venta de vehículos híbridos y eléctricos,Nacional,2016,12,29,0,0,3,2016-12-01,Dec,4,3
Registro Administrativo de la Industria Automotriz de Vehículos Ligeros. Venta de vehículos híbridos y eléctricos,Nacional,2016,12,30,0,0,16,2016-12-01,Dec,4,16
Registro Administrativo de la Industria Automotriz de Vehículos Ligeros. Venta de vehículos híbridos y eléctricos,Nacional,2016,12,31,2,1,9,2016-12-01,Dec,4,12
Registro Administrativo de la Industria Automotriz de Vehículos Ligeros. Venta de vehículos híbridos y eléctricos,Nacional,2016,12,32,0,0,4,2016-12-01,Dec,4,4
Registro Administrativo de la Industria Automotriz de Vehículos Ligeros. Venta de vehículos híbridos y eléctricos,Nacional,2018,1,1,0,0,6,2018-01-01,Jan,1,6
Registro Administrativo de la Industria Automotriz de Vehículos Ligeros. Venta de vehículos híbridos y eléctricos,Nacional,2018,1,2,0,0,12,2018-01-01,Jan,1,12
Registro Administrativo de la Industria Automotriz de Vehículos Ligeros. Venta de vehículos híbridos y eléctricos,Nacional,2018,1,3,0,0,1,2018-01-01,Jan,1,1
Registro Administrativo de la Industria Automotriz de Vehículos Ligeros. Venta de vehículos híbridos y eléctricos,Nacional,2018,1,4,0,0,0,2018-01-01,Jan,1,0
Registro Administrativo de la Industria Automotriz de Vehículos Ligeros. Venta de vehículos híbridos y eléctricos,Nacional,2018,1,5,0,2,14,2018-01-01,Jan,1,16
Registro Administrativo de la Industria Automotriz de Vehículos Ligeros. Venta de vehículos híbridos y eléctricos,Nacional,2018,1,6,0,0,7,2018-01-01,Jan,1,7
Registro Administrativo de la Industria Automotriz de Vehículos Ligeros. Venta de vehículos híbridos y eléctricos,Nacional,2018,1,7,0,0,1,2018-01-01,Jan,1,1
Registro Administrativo de la Industria Automotriz de Vehículos Ligeros. Venta de vehículos híbridos y eléctricos,Nacional,2018,1,8,0,0,12,2018-01-01,Jan,1,12
Registro Administrativo de la Industria Automotriz de Vehículos Ligeros. Venta de vehículos híbridos y eléctricos,Nacional,2018,1,9,5,46,289,2018-01-01,Jan,1,340
Registro Administrativo de la Industria Automotriz de Vehículos Ligeros. Venta de vehículos híbridos y eléctricos,Nacional,2018,1,10,0,0,2,2018-01-01,Jan,1,2
Registro Administrativo de la Industria Automotriz de Vehículos Ligeros. Venta de vehículos híbridos y eléctricos,Nacional,2018,1,11,0,4,24,2018-01-01,Jan,1,28
Registro Administrativo de la Industria Automotriz de Vehículos Ligeros. Venta de vehículos híbridos y eléctricos,Nacional,2018,1,12,0,0,0,2018-01-01,Jan,1,0
Registro Administrativo de la Industria Automotriz de Vehículos Ligeros. Venta de vehículos híbridos y eléctricos,Nacional,2018,1,13,0,0,15,2018-01-01,Jan,1,15
Registro Administrativo de la Industria Automotriz de Vehículos Ligeros. Venta de vehículos híbridos y eléctricos,Nacional,2018,1,14,1,8,70,2018-01-01,Jan,1,79
Registro Administrativo de la Industria Automotriz de Vehículos Ligeros. Venta de vehículos híbridos y eléctricos,Nacional,2018,1,15,0,6,133,2018-01-01,Jan,1,139
Registro Administrativo de la Industria Automotriz de Vehículos Ligeros. Venta de vehículos híbridos y eléctricos,Nacional,2018,1,16,0,1,32,2018-01-01,Jan,1,33
Registro Administrativo de la Industria Automotriz de Vehículos Ligeros. Venta de vehículos híbridos y eléctricos,Nacional,2018,1,17,0,1,13,2018-01-01,Jan,1,14
Registro Administrativo de la Industria Automotriz de Vehículos Ligeros. Venta de vehículos híbridos y eléctricos,Nacional,2018,1,18,0,0,0,2018-01-01,Jan,1,0
Registro Administrativo de la Industria Automotriz de Vehículos Ligeros. Venta de vehículos híbridos y eléctricos,Nacional,2018,1,19,1,9,34,2018-01-01,Jan,1,44
Registro Administrativo de la Industria Automotriz de Vehículos Ligeros. Venta de vehículos híbridos y eléctricos,Nacional,2018,1,20,0,0,17,2018-01-01,Jan,1,17
Registro Administrativo de la Industria Automotriz de Vehículos Ligeros. Venta de vehículos híbridos y eléctricos,Nacional,2018,1,21,0,2,29,2018-01-01,Jan,1,31
Registro Administrativo de la Industria Automotriz de Vehículos Ligeros. Venta de vehículos híbridos y eléctricos,Nacional,2018,1,22,0,1,24,2018-01-01,Jan,1,25
Registro Administrativo de la Industria Automotriz de Vehículos Ligeros. Venta de vehículos híbridos y eléctricos,Nacional,2018,1,23,0,3,11,2018-01-01,Jan,1,14
Registro Administrativo de la Industria Automotriz de Vehículos Ligeros. Venta de vehículos híbridos y eléctricos,Nacional,2018,1,24,0,2,7,2018-01-01,Jan,1,9
Registro Administrativo de la Industria Automotriz de Vehículos Ligeros. Venta de vehículos híbridos y eléctricos,Nacional,2018,1,25,0,0,8,2018-01-01,Jan,1,8
Registro Administrativo de la Industria Automotriz de Vehículos Ligeros. Venta de vehículos híbridos y eléctricos,Nacional,2018,1,26,0,0,4,2018-01-01,Jan,1,4
Registro Administrativo de la Industria Automotriz de Vehículos Ligeros. Venta de vehículos híbridos y eléctricos,Nacional,2018,1,27,0,0,7,2018-01-01,Jan,1,7
Registro Administrativo de la Industria Automotriz de Vehículos Ligeros. Venta de vehículos híbridos y eléctricos,Nacional,2018,1,28,0,0,11,2018-01-01,Jan,1,11
Registro Administrativo de la Industria Automotriz de Vehículos Ligeros. Venta de vehículos híbridos y eléctricos,Nacional,2018,1,29,0,0,8,2018-01-01,Jan,1,8
Registro Administrativo de la Industria Automotriz de Vehículos Ligeros. Venta de vehículos híbridos y eléctricos,Nacional,2018,1,30,0,2,23,2018-01-01,Jan,1,25
Registro Administrativo de la Industria Automotriz de Vehículos Ligeros. Venta de vehículos híbridos y eléctricos,Nacional,2018,1,31,0,2,10,2018-01-01,Jan,1,12
Registro Administrativo de la Industria Automotriz de Vehículos Ligeros. Venta de vehículos híbridos y eléctricos,Nacional,2018,1,32,0,0,3,2018-01-01,Jan,1,3
Registro Administrativo de la Industria Automotriz de Vehículos Ligeros. Venta de vehículos híbridos y eléctricos,Nacional,2018,1,99,4,0,74,2018-01-01,Jan,1,78
Registro Administrativo de la Industria Automotriz de Vehículos Ligeros. Venta de vehículos híbridos y eléctricos,Nacional,2018,2,1,0,0,12,2018-02-01,Feb,1,12
Registro Administrativo de la Industria Automotriz de Vehículos Ligeros. Venta de vehículos híbridos y eléctricos,Nacional,2018,2,2,0,0,9,2018-02-01,Feb,1,9
Registro Administrativo de la Industria Automotriz de Vehículos Ligeros. Venta de vehículos híbridos y eléctricos,Nacional,2018,2,3,0,0,2,2018-02-01,Feb,1,2
Registro Administrativo de la Industria Automotriz de Vehículos Ligeros. Venta de vehículos híbridos y eléctricos,Nacional,2018,2,4,0,0,3,2018-02-01,Feb,1,3
Registro Administrativo de la Industria Automotriz de Vehículos Ligeros. Venta de vehículos híbridos y eléctricos,Nacional,2018,2,5,0,0,14,2018-02-01,Feb,1,14
Registro Administrativo de la Industria Automotriz de Vehículos Ligeros. Venta de vehículos híbridos y eléctricos,Nacional,2018,2,6,0,0,9,2018-02-01,Feb,1,9
Registro Administrativo de la Industria Automotriz de Vehículos Ligeros. Venta de vehículos híbridos y eléctricos,Nacional,2018,2,7,0,0,5,2018-02-01,Feb,1,5
Registro Administrativo de la Industria Automotriz de Vehículos Ligeros. Venta de vehículos híbridos y eléctricos,Nacional,2018,2,8,0,0,10,2018-02-01,Feb,1,10
Registro Administrativo de la Industria Automotriz de Vehículos Ligeros. Venta de vehículos híbridos y eléctricos,Nacional,2018,2,9,4,66,391,2018-02-01,Feb,1,461
Registro Administrativo de la Industria Automotriz de Vehículos Ligeros. Venta de vehículos híbridos y eléctricos,Nacional,2018,2,10,0,0,6,2018-02-01,Feb,1,6
Registro Administrativo de la Industria Automotriz de Vehículos Ligeros. Venta de vehículos híbridos y eléctricos,Nacional,2018,2,11,0,3,36,2018-02-01,Feb,1,39
Registro Administrativo de la Industria Automotriz de Vehículos Ligeros. Venta de vehículos híbridos y eléctricos,Nacional,2018,2,12,0,0,1,2018-02-01,Feb,1,1
Registro Administrativo de la Industria Automotriz de Vehículos Ligeros. Venta de vehículos híbridos y eléctricos,Nacional,2018,2,13,0,0,8,2018-02-01,Feb,1,8
Registro Administrativo de la Industria Automotriz de Vehículos Ligeros. Venta de vehículos híbridos y eléctricos,Nacional,2018,2,14,0,8,93,2018-02-01,Feb,1,101
Registro Administrativo de la Industria Automotriz de Vehículos Ligeros. Venta de vehículos híbridos y eléctricos,Nacional,2018,2,15,0,8,161,2018-02-01,Feb,1,169
Registro Administrativo de la Industria Automotriz de Vehículos Ligeros. Venta de vehículos híbridos y eléctricos,Nacional,2018,2,16,0,0,37,2018-02-01,Feb,1,37
Registro Administrativo de la Industria Automotriz de Vehículos Ligeros. Venta de vehículos híbridos y eléctricos,Nacional,2018,2,17,0,4,19,2018-02-01,Feb,1,23
Registro Administrativo de la Industria Automotriz de Vehículos Ligeros. Venta de vehículos híbridos y eléctricos,Nacional,2018,2,18,0,0,0,2018-02-01,Feb,1,0
Registro Administrativo de la Industria Automotriz de Vehículos Ligeros. Venta de vehículos híbridos y eléctricos,Nacional,2018,2,19,0,8,45,2018-02-01,Feb,1,53
Registro Administrativo de la Industria Automotriz de Vehículos Ligeros. Venta de vehículos híbridos y eléctricos,Nacional,2018,2,20,0,0,30,2018-02-01,Feb,1,30
Registro Administrativo de la Industria Automotriz de Vehículos Ligeros. Venta de vehículos híbridos y eléctricos,Nacional,2018,2,21,0,4,36,2018-02-01,Feb,1,40
Registro Administrativo de la Industria Automotriz de Vehículos Ligeros. Venta de vehículos híbridos y eléctricos,Nacional,2018,2,22,0,3,39,2018-02-01,Feb,1,42
Registro Administrativo de la Industria Automotriz de Vehículos Ligeros. Venta de vehículos híbridos y eléctricos,Nacional,2018,2,23,0,1,6,2018-02-01,Feb,1,7
Registro Administrativo de la Industria Automotriz de Vehículos Ligeros. Venta de vehículos híbridos y eléctricos,Nacional,2018,2,24,0,4,17,2018-02-01,Feb,1,21
Registro Administrativo de la Industria Automotriz de Vehículos Ligeros. Venta de vehículos híbridos y eléctricos,Nacional,2018,2,25,0,0,20,2018-02-01,Feb,1,20
Registro Administrativo de la Industria Automotriz de Vehículos Ligeros. Venta de vehículos híbridos y eléctricos,Nacional,2018,2,26,0,1,9,2018-02-01,Feb,1,10
Registro Administrativo de la Industria Automotriz de Vehículos Ligeros. Venta de vehículos híbridos y eléctricos,Nacional,2018,2,27,0,0,3,2018-02-01,Feb,1,3
Registro Administrativo de la Industria Automotriz de Vehículos Ligeros. Venta de vehículos híbridos y eléctricos,Nacional,2018,2,28,0,0,19,2018-02-01,Feb,1,19
Registro Administrativo de la Industria Automotriz de Vehículos Ligeros. Venta de vehículos híbridos y eléctricos,Nacional,2018,2,29,0,0,4,2018-02-01,Feb,1,4
Registro Administrativo de la Industria Automotriz de Vehículos Ligeros. Venta de vehículos híbridos y eléctricos,Nacional,2018,2,30,0,2,29,2018-02-01,Feb,1,31
Registro Administrativo de la Industria Automotriz de Vehículos Ligeros. Venta de vehículos híbridos y eléctricos,Nacional,2018,2,31,0,5,12,2018-02-01,Feb,1,17
Registro Administrativo de la Industria Automotriz de Vehículos Ligeros. Venta de vehículos híbridos y eléctricos,Nacional,2018,2,32,0,0,6,2018-02-01,Feb,1,6
Registro Administrativo de la Industria Automotriz de Vehículos Ligeros. Venta de vehículos híbridos y eléctricos,Nacional,2018,2,99,12,0,85,2018-02-01,Feb,1,97
Registro Administrativo de la Industria Automotriz de Vehículos Ligeros. Venta de vehículos híbridos y eléctricos,Nacional,2018,3,1,0,0,9,2018-03-01,Mar,1,9
Registro Administrativo de la Industria Automotriz de Vehículos Ligeros. Venta de vehículos híbridos y eléctricos,Nacional,2018,3,2,0,0,16,2018-03-01,Mar,1,16
Registro Administrativo de la Industria Automotriz de Vehículos Ligeros. Venta de vehículos híbridos y eléctricos,Nacional,2018,3,3,0,0,2,2018-03-01,Mar,1,2
Registro Administrativo de la Industria Automotriz de Vehículos Ligeros. Venta de vehículos híbridos y eléctricos,Nacional,2018,3,4,0,0,0,2018-03-01,Mar,1,0
Registro Administrativo de la Industria Automotriz de Vehículos Ligeros. Venta de vehículos híbridos y eléctricos,Nacional,2018,3,5,0,0,19,2018-03-01,Mar,1,19
Registro Administrativo de la Industria Automotriz de Vehículos Ligeros. Venta de vehículos híbridos y eléctricos,Nacional,2018,3,6,0,0,8,2018-03-01,Mar,1,8
Registro Administrativo de la Industria Automotriz de Vehículos Ligeros. Venta de vehículos híbridos y eléctricos,Nacional,2018,3,7,0,0,3,2018-03-01,Mar,1,3
Registro Administrativo de la Industria Automotriz de Vehículos Ligeros. Venta de vehículos híbridos y eléctricos,Nacional,2018,3,8,0,0,12,2018-03-01,Mar,1,12
Registro Administrativo de la Industria Automotriz de Vehículos Ligeros. Venta de vehículos híbridos y eléctricos,Nacional,2018,3,9,4,114,350,2018-03-01,Mar,1,468
Registro Administrativo de la Industria Automotriz de Vehículos Ligeros. Venta de vehículos híbridos y eléctricos,Nacional,2018,3,10,0,0,4,2018-03-01,Mar,1,4
Registro Administrativo de la Industria Automotriz de Vehículos Ligeros. Venta de vehículos híbridos y eléctricos,Nacional,2018,3,11,0,2,22,2018-03-01,Mar,1,24
Registro Administrativo de la Industria Automotriz de Vehículos Ligeros. Venta de vehículos híbridos y eléctricos,Nacional,2018,3,12,0,0,7,2018-03-01,Mar,1,7
Registro Administrativo de la Industria Automotriz de Vehículos Ligeros. Venta de vehículos híbridos y eléctricos,Nacional,2018,3,13,0,0,11,2018-03-01,Mar,1,11
Registro Administrativo de la Industria Automotriz de Vehículos Ligeros. Venta de vehículos híbridos y eléctricos,Nacional,2018,3,14,4,22,100,2018-03-01,Mar,1,126
Registro Administrativo de la Industria Automotriz de Vehículos Ligeros. Venta de vehículos híbridos y eléctricos,Nacional,2018,3,15,0,12,209,2018-03-01,Mar,1,221
Registro Administrativo de la Industria Automotriz de Vehículos Ligeros. Venta de vehículos híbridos y eléctricos,Nacional,2018,3,16,0,7,42,2018-03-01,Mar,1,49
Registro Administrativo de la Industria Automotriz de Vehículos Ligeros. Venta de vehículos híbridos y eléctricos,Nacional,2018,3,17,0,9,18,2018-03-01,Mar,1,27
Registro Administrativo de la Industria Automotriz de Vehículos Ligeros. Venta de vehículos híbridos y eléctricos,Nacional,2018,3,18,0,0,0,2018-03-01,Mar,1,0
Registro Administrativo de la Industria Automotriz de Vehículos Ligeros. Venta de vehículos híbridos y eléctricos,Nacional,2018,3,19,0,8,45,2018-03-01,Mar,1,53
Registro Administrativo de la Industria Automotriz de Vehículos Ligeros. Venta de vehículos híbridos y eléctricos,Nacional,2018,3,20,0,1,15,2018-03-01,Mar,1,16
Registro Administrativo de la Industria Automotriz de Vehículos Ligeros. Venta de vehículos híbridos y eléctricos,Nacional,2018,3,21,0,0,27,2018-03-01,Mar,1,27
Registro Administrativo de la Industria Automotriz de Vehículos Ligeros. Venta de vehículos híbridos y eléctricos,Nacional,2018,3,22,1,5,26,2018-03-01,Mar,1,32
Registro Administrativo de la Industria Automotriz de Vehículos Ligeros. Venta de vehículos híbridos y eléctricos,Nacional,2018,3,23,0,1,5,2018-03-01,Mar,1,6
Registro Administrativo de la Industria Automotriz de Vehículos Ligeros. Venta de vehículos híbridos y eléctricos,Nacional,2018,3,24,0,0,20,2018-03-01,Mar,1,20
Registro Administrativo de la Industria Automotriz de Vehículos Ligeros. Venta de vehículos híbridos y eléctricos,Nacional,2018,3,25,0,0,19,2018-03-01,Mar,1,19
Registro Administrativo de la Industria Automotriz de Vehículos Ligeros. Venta de vehículos híbridos y eléctricos,Nacional,2018,3,26,0,0,5,2018-03-01,Mar,1,5
Registro Administrativo de la Industria Automotriz de Vehículos Ligeros. Venta de vehículos híbridos y eléctricos,Nacional,2018,3,27,0,0,5,2018-03-01,Mar,1,5
Registro Administrativo de la Industria Automotriz de Vehículos Ligeros. Venta de vehículos híbridos y eléctricos,Nacional,2018,3,28,0,0,13,2018-03-01,Mar,1,13
Registro Administrativo de la Industria Automotriz de Vehículos Ligeros. Venta de vehículos híbridos y eléctricos,Nacional,2018,3,29,0,0,11,2018-03-01,Mar,1,11
Registro Administrativo de la Industria Automotriz de Vehículos Ligeros. Venta de vehículos híbridos y eléctricos,Nacional,2018,3,30,0,1,32,2018-03-01,Mar,1,33
Registro Administrativo de la Industria Automotriz de Vehículos Ligeros. Venta de vehículos híbridos y eléctricos,Nacional,2018,3,31,0,3,14,2018-03-01,Mar,1,17
Registro Administrativo de la Industria Automotriz de Vehículos Ligeros. Venta de vehículos híbridos y eléctricos,Nacional,2018,3,32,0,0,7,2018-03-01,Mar,1,7
Registro Administrativo de la Industria Automotriz de Vehículos Ligeros. Venta de vehículos híbridos y eléctricos,Nacional,2018,3,99,10,0,30,2018-03-01,Mar,1,40
Registro Administrativo de la Industria Automotriz de Vehículos Ligeros. Venta de vehículos híbridos y eléctricos,Nacional,2018,4,1,0,0,9,2018-04-01,Apr,2,9
Registro Administrativo de la Industria Automotriz de Vehículos Ligeros. Venta de vehículos híbridos y eléctricos,Nacional,2018,4,2,0,1,10,2018-04-01,Apr,2,11
Registro Administrativo de la Industria Automotriz de Vehículos Ligeros. Venta de vehículos híbridos y eléctricos,Nacional,2018,4,3,0,0,4,2018-04-01,Apr,2,4
Registro Administrativo de la Industria Automotriz de Vehículos Ligeros. Venta de vehículos híbridos y eléctricos,Nacional,2018,4,4,0,0,2,2018-04-01,Apr,2,2
Registro Administrativo de la Industria Automotriz de Vehículos Ligeros. Venta de vehículos híbridos y eléctricos,Nacional,2018,4,5,0,1,33,2018-04-01,Apr,2,34
Registro Administrativo de la Industria Automotriz de Vehículos Ligeros. Venta de vehículos híbridos y eléctricos,Nacional,2018,4,6,0,0,7,2018-04-01,Apr,2,7
Registro Administrativo de la Industria Automotriz de Vehículos Ligeros. Venta de vehículos híbridos y eléctricos,Nacional,2018,4,7,0,0,1,2018-04-01,Apr,2,1
Registro Administrativo de la Industria Automotriz de Vehículos Ligeros. Venta de vehículos híbridos y eléctricos,Nacional,2018,4,8,0,0,10,2018-04-01,Apr,2,10
Registro Administrativo de la Industria Automotriz de Vehículos Ligeros. Venta de vehículos híbridos y eléctricos,Nacional,2018,4,9,3,94,416,2018-04-01,Apr,2,513
Registro Administrativo de la Industria Automotriz de Vehículos Ligeros. Venta de vehículos híbridos y eléctricos,Nacional,2018,4,10,0,0,6,2018-04-01,Apr,2,6
Registro Administrativo de la Industria Automotriz de Vehículos Ligeros. Venta de vehículos híbridos y eléctricos,Nacional,2018,4,11,0,5,24,2018-04-01,Apr,2,29
Registro Administrativo de la Industria Automotriz de Vehículos Ligeros. Venta de vehículos híbridos y eléctricos,Nacional,2018,4,12,0,0,5,2018-04-01,Apr,2,5
Registro Administrativo de la Industria Automotriz de Vehículos Ligeros. Venta de vehículos híbridos y eléctricos,Nacional,2018,4,13,0,0,22,2018-04-01,Apr,2,22
Registro Administrativo de la Industria Automotriz de Vehículos Ligeros. Venta de vehículos híbridos y eléctricos,Nacional,2018,4,14,0,19,91,2018-04-01,Apr,2,110
Registro Administrativo de la Industria Automotriz de Vehículos Ligeros. Venta de vehículos híbridos y eléctricos,Nacional,2018,4,15,0,13,195,2018-04-01,Apr,2,208
Registro Administrativo de la Industria Automotriz de Vehículos Ligeros. Venta de vehículos híbridos y eléctricos,Nacional,2018,4,16,0,1,55,2018-04-01,Apr,2,56
Registro Administrativo de la Industria Automotriz de Vehículos Ligeros. Venta de vehículos híbridos y eléctricos,Nacional,2018,4,17,0,3,20,2018-04-01,Apr,2,23
Registro Administrativo de la Industria Automotriz de Vehículos Ligeros. Venta de vehículos híbridos y eléctricos,Nacional,2018,4,18,0,0,2,2018-04-01,Apr,2,2
Registro Administrativo de la Industria Automotriz de Vehículos Ligeros. Venta de vehículos híbridos y eléctricos,Nacional,2018,4,19,0,11,33,2018-04-01,Apr,2,44
Registro Administrativo de la Industria Automotriz de Vehículos Ligeros. Venta de vehículos híbridos y eléctricos,Nacional,2018,4,20,0,0,33,2018-04-01,Apr,2,33
Registro Administrativo de la Industria Automotriz de Vehículos Ligeros. Venta de vehículos híbridos y eléctricos,Nacional,2018,4,21,0,6,22,2018-04-01,Apr,2,28
Registro Administrativo de la Industria Automotriz de Vehículos Ligeros. Venta de vehículos híbridos y eléctricos,Nacional,2018,4,22,0,7,17,2018-04-01,Apr,2,24
Registro Administrativo de la Industria Automotriz de Vehículos Ligeros. Venta de vehículos híbridos y eléctricos,Nacional,2018,4,23,0,5,10,2018-04-01,Apr,2,15
Registro Administrativo de la Industria Automotriz de Vehículos Ligeros. Venta de vehículos híbridos y eléctricos,Nacional,2018,4,24,0,3,12,2018-04-01,Apr,2,15
Registro Administrativo de la Industria Automotriz de Vehículos Ligeros. Venta de vehículos híbridos y eléctricos,Nacional,2018,4,25,0,1,14,2018-04-01,Apr,2,15
Registro Administrativo de la Industria Automotriz de Vehículos Ligeros. Venta de vehículos híbridos y eléctricos,Nacional,2018,4,26,0,6,10,2018-04-01,Apr,2,16
Registro Administrativo de la Industria Automotriz de Vehículos Ligeros. Venta de vehículos híbridos y eléctricos,Nacional,2018,4,27,0,0,1,2018-04-01,Apr,2,1
Registro Administrativo de la Industria Automotriz de Vehículos Ligeros. Venta de vehículos híbridos y eléctricos,Nacional,2018,4,28,0,0,14,2018-04-01,Apr,2,14
Registro Administrativo de la Industria Automotriz de Vehículos Ligeros. Venta de vehículos híbridos y eléctricos,Nacional,2018,4,29,0,0,4,2018-04-01,Apr,2,4
Registro Administrativo de la Industria Automotriz de Vehículos Ligeros. Venta de vehículos híbridos y eléctricos,Nacional,2018,4,30,0,0,34,2018-04-01,Apr,2,34
Registro Administrativo de la Industria Automotriz de Vehículos Ligeros. Venta de vehículos híbridos y eléctricos,Nacional,2018,4,31,0,5,15,2018-04-01,Apr,2,20
Registro Administrativo de la Industria Automotriz de Vehículos Ligeros. Venta de vehículos híbridos y eléctricos,Nacional,2018,4,32,0,0,4,2018-04-01,Apr,2,4
Registro Administrativo de la Industria Automotriz de Vehículos Ligeros. Venta de vehículos híbridos y eléctricos,Nacional,2018,4,99,18,0,46,2018-04-01,Apr,2,64
Registro Administrativo de la Industria Automotriz de Vehículos Ligeros. Venta de vehículos híbridos y eléctricos,Nacional,2018,5,1,0,0,4,2018-05-01,May,2,4
Registro Administrativo de la Industria Automotriz de Vehículos Ligeros. Venta de vehículos híbridos y eléctricos,Nacional,2018,5,2,0,2,14,2018-05-01,May,2,16
Registro Administrativo de la Industria Automotriz de Vehículos Ligeros. Venta de vehículos híbridos y eléctricos,Nacional,2018,5,3,0,0,7,2018-05-01,May,2,7
Registro Administrativo de la Industria Automotriz de Vehículos Ligeros. Venta de vehículos híbridos y eléctricos,Nacional,2018,5,4,0,0,8,2018-05-01,May,2,8
Registro Administrativo de la Industria Automotriz de Vehículos Ligeros. Venta de vehículos híbridos y eléctricos,Nacional,2018,5,5,0,2,24,2018-05-01,May,2,26
Registro Administrativo de la Industria Automotriz de Vehículos Ligeros. Venta de vehículos híbridos y eléctricos,Nacional,2018,5,6,0,0,5,2018-05-01,May,2,5
Registro Administrativo de la Industria Automotriz de Vehículos Ligeros. Venta de vehículos híbridos y eléctricos,Nacional,2018,5,7,0,0,6,2018-05-01,May,2,6
Registro Administrativo de la Industria Automotriz de Vehículos Ligeros. Venta de vehículos híbridos y eléctricos,Nacional,2018,5,8,0,0,14,2018-05-01,May,2,14
Registro Administrativo de la Industria Automotriz de Vehículos Ligeros. Venta de vehículos híbridos y eléctricos,Nacional,2018,5,9,3,108,455,2018-05-01,May,2,566
Registro Administrativo de la Industria Automotriz de Vehículos Ligeros. Venta de vehículos híbridos y eléctricos,Nacional,2018,5,10,0,0,6,2018-05-01,May,2,6
Registro Administrativo de la Industria Automotriz de Vehículos Ligeros. Venta de vehículos híbridos y eléctricos,Nacional,2018,5,11,0,4,38,2018-05-01,May,2,42
Registro Administrativo de la Industria Automotriz de Vehículos Ligeros. Venta de vehículos híbridos y eléctricos,Nacional,2018,5,12,0,0,2,2018-05-01,May,2,2
Registro Administrativo de la Industria Automotriz de Vehículos Ligeros. Venta de vehículos híbridos y eléctricos,Nacional,2018,5,13,0,0,15,2018-05-01,May,2,15
Registro Administrativo de la Industria Automotriz de Vehículos Ligeros. Venta de vehículos híbridos y eléctricos,Nacional,2018,5,14,0,21,125,2018-05-01,May,2,146
Registro Administrativo de la Industria Automotriz de Vehículos Ligeros. Venta de vehículos híbridos y eléctricos,Nacional,2018,5,15,1,7,185,2018-05-01,May,2,193
Registro Administrativo de la Industria Automotriz de Vehículos Ligeros. Venta de vehículos híbridos y eléctricos,Nacional,2018,5,16,0,5,52,2018-05-01,May,2,57
Registro Administrativo de la Industria Automotriz de Vehículos Ligeros. Venta de vehículos híbridos y eléctricos,Nacional,2018,5,17,0,3,34,2018-05-01,May,2,37
Registro Administrativo de la Industria Automotriz de Vehículos Ligeros. Venta de vehículos híbridos y eléctricos,Nacional,2018,5,18,0,0,0,2018-05-01,May,2,0
Registro Administrativo de la Industria Automotriz de Vehículos Ligeros. Venta de vehículos híbridos y eléctricos,Nacional,2018,5,19,3,16,40,2018-05-01,May,2,59
Registro Administrativo de la Industria Automotriz de Vehículos Ligeros. Venta de vehículos híbridos y eléctricos,Nacional,2018,5,20,0,0,32,2018-05-01,May,2,32
Registro Administrativo de la Industria Automotriz de Vehículos Ligeros. Venta de vehículos híbridos y eléctricos,Nacional,2018,5,21,2,5,32,2018-05-01,May,2,39
Registro Administrativo de la Industria Automotriz de Vehículos Ligeros. Venta de vehículos híbridos y eléctricos,Nacional,2018,5,22,0,6,20,2018-05-01,May,2,26
Registro Administrativo de la Industria Automotriz de Vehículos Ligeros. Venta de vehículos híbridos y eléctricos,Nacional,2018,5,23,0,4,14,2018-05-01,May,2,18
Registro Administrativo de la Industria Automotriz de Vehículos Ligeros. Venta de vehículos híbridos y eléctricos,Nacional,2018,5,24,0,2,13,2018-05-01,May,2,15
Registro Administrativo de la Industria Automotriz de Vehículos Ligeros. Venta de vehículos híbridos y eléctricos,Nacional,2018,5,25,0,1,17,2018-05-01,May,2,18
Registro Administrativo de la Industria Automotriz de Vehículos Ligeros. Venta de vehículos híbridos y eléctricos,Nacional,2018,5,26,0,1,15,2018-05-01,May,2,16
Registro Administrativo de la Industria Automotriz de Vehículos Ligeros. Venta de vehículos híbridos y eléctricos,Nacional,2018,5,27,0,0,3,2018-05-01,May,2,3
Registro Administrativo de la Industria Automotriz de Vehículos Ligeros. Venta de vehículos híbridos y eléctricos,Nacional,2018,5,28,0,0,11,2018-05-01,May,2,11
Registro Administrativo de la Industria Automotriz de Vehículos Ligeros. Venta de vehículos híbridos y eléctricos,Nacional,2018,5,29,0,0,5,2018-05-01,May,2,5
Registro Administrativo de la Industria Automotriz de Vehículos Ligeros. Venta de vehículos híbridos y eléctricos,Nacional,2018,5,30,0,1,30,2018-05-01,May,2,31
Registro Administrativo de la Industria Automotriz de Vehículos Ligeros. Venta de vehículos híbridos y eléctricos,Nacional,2018,5,31,0,1,7,2018-05-01,May,2,8
Registro Administrativo de la Industria Automotriz de Vehículos Ligeros. Venta de vehículos híbridos y eléctricos,Nacional,2018,5,32,0,0,2,2018-05-01,May,2,2
Registro Administrativo de la Industria Automotriz de Vehículos Ligeros. Venta de vehículos híbridos y eléctricos,Nacional,2018,5,99,7,0,48,2018-05-01,May,2,55
Registro Administrativo de la Industria Automotriz de Vehículos Ligeros. Venta de vehículos híbridos y eléctricos,Nacional,2018,6,1,0,0,9,2018-06-01,Jun,2,9
Registro Administrativo de la Industria Automotriz de Vehículos Ligeros. Venta de vehículos híbridos y eléctricos,Nacional,2018,6,2,0,3,8,2018-06-01,Jun,2,11
Registro Administrativo de la Industria Automotriz de Vehículos Ligeros. Venta de vehículos híbridos y eléctricos,Nacional,2018,6,3,0,0,6,2018-06-01,Jun,2,6
Registro Administrativo de la Industria Automotriz de Vehículos Ligeros. Venta de vehículos híbridos y eléctricos,Nacional,2018,6,4,0,0,6,2018-06-01,Jun,2,6
Registro Administrativo de la Industria Automotriz de Vehículos Ligeros. Venta de vehículos híbridos y eléctricos,Nacional,2018,6,5,0,5,11,2018-06-01,Jun,2,16
Registro Administrativo de la Industria Automotriz de Vehículos Ligeros. Venta de vehículos híbridos y eléctricos,Nacional,2018,6,6,0,0,7,2018-06-01,Jun,2,7
Registro Administrativo de la Industria Automotriz de Vehículos Ligeros. Venta de vehículos híbridos y eléctricos,Nacional,2018,6,7,0,0,4,2018-06-01,Jun,2,4
Registro Administrativo de la Industria Automotriz de Vehículos Ligeros. Venta de vehículos híbridos y eléctricos,Nacional,2018,6,8,0,3,9,2018-06-01,Jun,2,12
Registro Administrativo de la Industria Automotriz de Vehículos Ligeros. Venta de vehículos híbridos y eléctricos,Nacional,2018,6,9,5,75,481,2018-06-01,Jun,2,561
Registro Administrativo de la Industria Automotriz de Vehículos Ligeros. Venta de vehículos híbridos y eléctricos,Nacional,2018,6,10,0,0,6,2018-06-01,Jun,2,6
Registro Administrativo de la Industria Automotriz de Vehículos Ligeros. Venta de vehículos híbridos y eléctricos,Nacional,2018,6,11,0,4,26,2018-06-01,Jun,2,30
Registro Administrativo de la Industria Automotriz de Vehículos Ligeros. Venta de vehículos híbridos y eléctricos,Nacional,2018,6,12,0,0,6,2018-06-01,Jun,2,6
Registro Administrativo de la Industria Automotriz de Vehículos Ligeros. Venta de vehículos híbridos y eléctricos,Nacional,2018,6,13,0,0,13,2018-06-01,Jun,2,13
Registro Administrativo de la Industria Automotriz de Vehículos Ligeros. Venta de vehículos híbridos y eléctricos,Nacional,2018,6,14,0,26,96,2018-06-01,Jun,2,122
Registro Administrativo de la Industria Automotriz de Vehículos Ligeros. Venta de vehículos híbridos y eléctricos,Nacional,2018,6,15,0,12,177,2018-06-01,Jun,2,189
Registro Administrativo de la Industria Automotriz de Vehículos Ligeros. Venta de vehículos híbridos y eléctricos,Nacional,2018,6,16,0,3,69,2018-06-01,Jun,2,72
Registro Administrativo de la Industria Automotriz de Vehículos Ligeros. Venta de vehículos híbridos y eléctricos,Nacional,2018,6,17,0,5,34,2018-06-01,Jun,2,39
Registro Administrativo de la Industria Automotriz de Vehículos Ligeros. Venta de vehículos híbridos y eléctricos,Nacional,2018,6,18,0,0,0,2018-06-01,Jun,2,0
Registro Administrativo de la Industria Automotriz de Vehículos Ligeros. Venta de vehículos híbridos y eléctricos,Nacional,2018,6,19,0,8,66,2018-06-01,Jun,2,74
Registro Administrativo de la Industria Automotriz de Vehículos Ligeros. Venta de vehículos híbridos y eléctricos,Nacional,2018,6,20,0,0,26,2018-06-01,Jun,2,26
Registro Administrativo de la Industria Automotriz de Vehículos Ligeros. Venta de vehículos híbridos y eléctricos,Nacional,2018,6,21,0,3,14,2018-06-01,Jun,2,17
Registro Administrativo de la Industria Automotriz de Vehículos Ligeros. Venta de vehículos híbridos y eléctricos,Nacional,2018,6,22,0,1,32,2018-06-01,Jun,2,33
Registro Administrativo de la Industria Automotriz de Vehículos Ligeros. Venta de vehículos híbridos y eléctricos,Nacional,2018,6,23,0,2,9,2018-06-01,Jun,2,11
Registro Administrativo de la Industria Automotriz de Vehículos Ligeros. Venta de vehículos híbridos y eléctricos,Nacional,2018,6,24,0,3,23,2018-06-01,Jun,2,26
Registro Administrativo de la Industria Automotriz de Vehículos Ligeros. Venta de vehículos híbridos y eléctricos,Nacional,2018,6,25,0,6,20,2018-06-01,Jun,2,26
Registro Administrativo de la Industria Automotriz de Vehículos Ligeros. Venta de vehículos híbridos y eléctricos,Nacional,2018,6,26,0,7,12,2018-06-01,Jun,2,19
Registro Administrativo de la Industria Automotriz de Vehículos Ligeros. Venta de vehículos híbridos y eléctricos,Nacional,2018,6,27,0,0,3,2018-06-01,Jun,2,3
Registro Administrativo de la Industria Automotriz de Vehículos Ligeros. Venta de vehículos híbridos y eléctricos,Nacional,2018,6,28,0,0,14,2018-06-01,Jun,2,14
Registro Administrativo de la Industria Automotriz de Vehículos Ligeros. Venta de vehículos híbridos y eléctricos,Nacional,2018,6,29,0,0,4,2018-06-01,Jun,2,4
Registro Administrativo de la Industria Automotriz de Vehículos Ligeros. Venta de vehículos híbridos y eléctricos,Nacional,2018,6,30,0,0,29,2018-06-01,Jun,2,29
Registro Administrativo de la Industria Automotriz de Vehículos Ligeros. Venta de vehículos híbridos y eléctricos,Nacional,2018,6,31,0,3,20,2018-06-01,Jun,2,23
Registro Administrativo de la Industria Automotriz de Vehículos Ligeros. Venta de vehículos híbridos y eléctricos,Nacional,2018,6,32,0,0,4,2018-06-01,Jun,2,4
Registro Administrativo de la Industria Automotriz de Vehículos Ligeros. Venta de vehículos híbridos y eléctricos,Nacional,2018,6,99,14,0,159,2018-06-01,Jun,2,173
Registro Administrativo de la Industria Automotriz de Vehículos Ligeros. Venta de vehículos híbridos y eléctricos,Nacional,2018,7,1,0,0,13,2018-07-01,Jul,3,13
Registro Administrativo de la Industria Automotriz de Vehículos Ligeros. Venta de vehículos híbridos y eléctricos,Nacional,2018,7,2,0,3,17,2018-07-01,Jul,3,20
Registro Administrativo de la Industria Automotriz de Vehículos Ligeros. Venta de vehículos híbridos y eléctricos,Nacional,2018,7,3,0,0,1,2018-07-01,Jul,3,1
Registro Administrativo de la Industria Automotriz de Vehículos Ligeros. Venta de vehículos híbridos y eléctricos,Nacional,2018,7,4,0,0,3,2018-07-01,Jul,3,3
Registro Administrativo de la Industria Automotriz de Vehículos Ligeros. Venta de vehículos híbridos y eléctricos,Nacional,2018,7,5,0,1,6,2018-07-01,Jul,3,7
Registro Administrativo de la Industria Automotriz de Vehículos Ligeros. Venta de vehículos híbridos y eléctricos,Nacional,2018,7,6,0,0,8,2018-07-01,Jul,3,8
Registro Administrativo de la Industria Automotriz de Vehículos Ligeros. Venta de vehículos híbridos y eléctricos,Nacional,2018,7,7,0,0,7,2018-07-01,Jul,3,7
Registro Administrativo de la Industria Automotriz de Vehículos Ligeros. Venta de vehículos híbridos y eléctricos,Nacional,2018,7,8,0,0,16,2018-07-01,Jul,3,16
Registro Administrativo de la Industria Automotriz de Vehículos Ligeros. Venta de vehículos híbridos y eléctricos,Nacional,2018,7,9,6,56,407,2018-07-01,Jul,3,469
Registro Administrativo de la Industria Automotriz de Vehículos Ligeros. Venta de vehículos híbridos y eléctricos,Nacional,2018,7,10,0,0,3,2018-07-01,Jul,3,3
Registro Administrativo de la Industria Automotriz de Vehículos Ligeros. Venta de vehículos híbridos y eléctricos,Nacional,2018,7,11,1,1,30,2018-07-01,Jul,3,32
Registro Administrativo de la Industria Automotriz de Vehículos Ligeros. Venta de vehículos híbridos y eléctricos,Nacional,2018,7,12,0,0,3,2018-07-01,Jul,3,3
Registro Administrativo de la Industria Automotriz de Vehículos Ligeros. Venta de vehículos híbridos y eléctricos,Nacional,2018,7,13,0,1,9,2018-07-01,Jul,3,10
Registro Administrativo de la Industria Automotriz de Vehículos Ligeros. Venta de vehículos híbridos y eléctricos,Nacional,2018,7,14,1,7,74,2018-07-01,Jul,3,82
Registro Administrativo de la Industria Automotriz de Vehículos Ligeros. Venta de vehículos híbridos y eléctricos,Nacional,2018,7,15,0,9,193,2018-07-01,Jul,3,202
Registro Administrativo de la Industria Automotriz de Vehículos Ligeros. Venta de vehículos híbridos y eléctricos,Nacional,2018,7,16,0,2,43,2018-07-01,Jul,3,45
Registro Administrativo de la Industria Automotriz de Vehículos Ligeros. Venta de vehículos híbridos y eléctricos,Nacional,2018,7,17,1,5,25,2018-07-01,Jul,3,31
Registro Administrativo de la Industria Automotriz de Vehículos Ligeros. Venta de vehículos híbridos y eléctricos,Nacional,2018,7,18,0,0,0,2018-07-01,Jul,3,0
Registro Administrativo de la Industria Automotriz de Vehículos Ligeros. Venta de vehículos híbridos y eléctricos,Nacional,2018,7,19,2,4,59,2018-07-01,Jul,3,65
Registro Administrativo de la Industria Automotriz de Vehículos Ligeros. Venta de vehículos híbridos y eléctricos,Nacional,2018,7,20,0,0,32,2018-07-01,Jul,3,32
Registro Administrativo de la Industria Automotriz de Vehículos Ligeros. Venta de vehículos híbridos y eléctricos,Nacional,2018,7,21,0,4,20,2018-07-01,Jul,3,24
Registro Administrativo de la Industria Automotriz de Vehículos Ligeros. Venta de vehículos híbridos y eléctricos,Nacional,2018,7,22,1,13,41,2018-07-01,Jul,3,55
Registro Administrativo de la Industria Automotriz de Vehículos Ligeros. Venta de vehículos híbridos y eléctricos,Nacional,2018,7,23,0,2,12,2018-07-01,Jul,3,14
Registro Administrativo de la Industria Automotriz de Vehículos Ligeros. Venta de vehículos híbridos y eléctricos,Nacional,2018,7,24,0,1,13,2018-07-01,Jul,3,14
Registro Administrativo de la Industria Automotriz de Vehículos Ligeros. Venta de vehículos híbridos y eléctricos,Nacional,2018,7,25,0,1,18,2018-07-01,Jul,3,19
Registro Administrativo de la Industria Automotriz de Vehículos Ligeros. Venta de vehículos híbridos y eléctricos,Nacional,2018,7,26,0,1,11,2018-07-01,Jul,3,12
Registro Administrativo de la Industria Automotriz de Vehículos Ligeros. Venta de vehículos híbridos y eléctricos,Nacional,2018,7,27,0,0,4,2018-07-01,Jul,3,4
Registro Administrativo de la Industria Automotriz de Vehículos Ligeros. Venta de vehículos híbridos y eléctricos,Nacional,2018,7,28,0,0,11,2018-07-01,Jul,3,11
Registro Administrativo de la Industria Automotriz de Vehículos Ligeros. Venta de vehículos híbridos y eléctricos,Nacional,2018,7,29,0,0,2,2018-07-01,Jul,3,2
Registro Administrativo de la Industria Automotriz de Vehículos Ligeros. Venta de vehículos híbridos y eléctricos,Nacional,2018,7,30,0,0,20,2018-07-01,Jul,3,20
Registro Administrativo de la Industria Automotriz de Vehículos Ligeros. Venta de vehículos híbridos y eléctricos,Nacional,2018,7,31,0,2,8,2018-07-01,Jul,3,10
Registro Administrativo de la Industria Automotriz de Vehículos Ligeros. Venta de vehículos híbridos y eléctricos,Nacional,2018,7,32,0,0,4,2018-07-01,Jul,3,4
Registro Administrativo de la Industria Automotriz de Vehículos Ligeros. Venta de vehículos híbridos y eléctricos,Nacional,2018,7,99,1,0,0,2018-07-01,Jul,3,1
Registro Administrativo de la Industria Automotriz de Vehículos Ligeros. Venta de vehículos híbridos y eléctricos,Nacional,2018,8,1,0,0,5,2018-08-01,Aug,3,5
Registro Administrativo de la Industria Automotriz de Vehículos Ligeros. Venta de vehículos híbridos y eléctricos,Nacional,2018,8,2,0,0,17,2018-08-01,Aug,3,17
Registro Administrativo de la Industria Automotriz de Vehículos Ligeros. Venta de vehículos híbridos y eléctricos,Nacional,2018,8,3,0,0,4,2018-08-01,Aug,3,4
Registro Administrativo de la Industria Automotriz de Vehículos Ligeros. Venta de vehículos híbridos y eléctricos,Nacional,2018,8,4,0,0,1,2018-08-01,Aug,3,1
Registro Administrativo de la Industria Automotriz de Vehículos Ligeros. Venta de vehículos híbridos y eléctricos,Nacional,2018,8,5,0,0,12,2018-08-01,Aug,3,12
Registro Administrativo de la Industria Automotriz de Vehículos Ligeros. Venta de vehículos híbridos y eléctricos,Nacional,2018,8,6,0,0,8,2018-08-01,Aug,3,8
Registro Administrativo de la Industria Automotriz de Vehículos Ligeros. Venta de vehículos híbridos y eléctricos,Nacional,2018,8,7,0,0,1,2018-08-01,Aug,3,1
Registro Administrativo de la Industria Automotriz de Vehículos Ligeros. Venta de vehículos híbridos y eléctricos,Nacional,2018,8,8,0,0,11,2018-08-01,Aug,3,11
Registro Administrativo de la Industria Automotriz de Vehículos Ligeros. Venta de vehículos híbridos y eléctricos,Nacional,2018,8,9,12,50,423,2018-08-01,Aug,3,485
Registro Administrativo de la Industria Automotriz de Vehículos Ligeros. Venta de vehículos híbridos y eléctricos,Nacional,2018,8,10,0,0,6,2018-08-01,Aug,3,6
Registro Administrativo de la Industria Automotriz de Vehículos Ligeros. Venta de vehículos híbridos y eléctricos,Nacional,2018,8,11,0,0,37,2018-08-01,Aug,3,37
Registro Administrativo de la Industria Automotriz de Vehículos Ligeros. Venta de vehículos híbridos y eléctricos,Nacional,2018,8,12,0,0,4,2018-08-01,Aug,3,4
Registro Administrativo de la Industria Automotriz de Vehículos Ligeros. Venta de vehículos híbridos y eléctricos,Nacional,2018,8,13,0,0,17,2018-08-01,Aug,3,17
Registro Administrativo de la Industria Automotriz de Vehículos Ligeros. Venta de vehículos híbridos y eléctricos,Nacional,2018,8,14,1,6,91,2018-08-01,Aug,3,98
Registro Administrativo de la Industria Automotriz de Vehículos Ligeros. Venta de vehículos híbridos y eléctricos,Nacional,2018,8,15,0,10,235,2018-08-01,Aug,3,245
Registro Administrativo de la Industria Automotriz de Vehículos Ligeros. Venta de vehículos híbridos y eléctricos,Nacional,2018,8,16,0,4,30,2018-08-01,Aug,3,34
Registro Administrativo de la Industria Automotriz de Vehículos Ligeros. Venta de vehículos híbridos y eléctricos,Nacional,2018,8,17,0,7,13,2018-08-01,Aug,3,20
Registro Administrativo de la Industria Automotriz de Vehículos Ligeros. Venta de vehículos híbridos y eléctricos,Nacional,2018,8,18,0,0,1,2018-08-01,Aug,3,1
Registro Administrativo de la Industria Automotriz de Vehículos Ligeros. Venta de vehículos híbridos y eléctricos,Nacional,2018,8,19,1,11,65,2018-08-01,Aug,3,77
Registro Administrativo de la Industria Automotriz de Vehículos Ligeros. Venta de vehículos híbridos y eléctricos,Nacional,2018,8,20,0,0,39,2018-08-01,Aug,3,39
Registro Administrativo de la Industria Automotriz de Vehículos Ligeros. Venta de vehículos híbridos y eléctricos,Nacional,2018,8,21,1,2,47,2018-08-01,Aug,3,50
Registro Administrativo de la Industria Automotriz de Vehículos Ligeros. Venta de vehículos híbridos y eléctricos,Nacional,2018,8,22,2,3,31,2018-08-01,Aug,3,36
Registro Administrativo de la Industria Automotriz de Vehículos Ligeros. Venta de vehículos híbridos y eléctricos,Nacional,2018,8,23,0,0,8,2018-08-01,Aug,3,8
Registro Administrativo de la Industria Automotriz de Vehículos Ligeros. Venta de vehículos híbridos y eléctricos,Nacional,2018,8,24,0,0,15,2018-08-01,Aug,3,15
Registro Administrativo de la Industria Automotriz de Vehículos Ligeros. Venta de vehículos híbridos y eléctricos,Nacional,2018,8,25,0,0,23,2018-08-01,Aug,3,23
Registro Administrativo de la Industria Automotriz de Vehículos Ligeros. Venta de vehículos híbridos y eléctricos,Nacional,2018,8,26,0,0,19,2018-08-01,Aug,3,19
Registro Administrativo de la Industria Automotriz de Vehículos Ligeros. Venta de vehículos híbridos y eléctricos,Nacional,2018,8,27,0,1,9,2018-08-01,Aug,3,10
Registro Administrativo de la Industria Automotriz de Vehículos Ligeros. Venta de vehículos híbridos y eléctricos,Nacional,2018,8,28,0,0,12,2018-08-01,Aug,3,12
Registro Administrativo de la Industria Automotriz de Vehículos Ligeros. Venta de vehículos híbridos y eléctricos,Nacional,2018,8,29,0,0,2,2018-08-01,Aug,3,2
Registro Administrativo de la Industria Automotriz de Vehículos Ligeros. Venta de vehículos híbridos y eléctricos,Nacional,2018,8,30,0,0,28,2018-08-01,Aug,3,28
Registro Administrativo de la Industria Automotriz de Vehículos Ligeros. Venta de vehículos híbridos y eléctricos,Nacional,2018,8,31,0,1,27,2018-08-01,Aug,3,28
Registro Administrativo de la Industria Automotriz de Vehículos Ligeros. Venta de vehículos híbridos y eléctricos,Nacional,2018,8,32,0,0,2,2018-08-01,Aug,3,2
Registro Administrativo de la Industria Automotriz de Vehículos Ligeros. Venta de vehículos híbridos y eléctricos,Nacional,2018,8,99,0,0,0,2018-08-01,Aug,3,0
Registro Administrativo de la Industria Automotriz de Vehículos Ligeros. Venta de vehículos híbridos y eléctricos,Nacional,2018,9,1,0,0,16,2018-09-01,Sep,3,16
Registro Administrativo de la Industria Automotriz de Vehículos Ligeros. Venta de vehículos híbridos y eléctricos,Nacional,2018,9,2,0,2,24,2018-09-01,Sep,3,26
Registro Administrativo de la Industria Automotriz de Vehículos Ligeros. Venta de vehículos híbridos y eléctricos,Nacional,2018,9,3,0,0,3,2018-09-01,Sep,3,3
Registro Administrativo de la Industria Automotriz de Vehículos Ligeros. Venta de vehículos híbridos y eléctricos,Nacional,2018,9,4,0,0,3,2018-09-01,Sep,3,3
Registro Administrativo de la Industria Automotriz de Vehículos Ligeros. Venta de vehículos híbridos y eléctricos,Nacional,2018,9,5,1,1,18,2018-09-01,Sep,3,20
Registro Administrativo de la Industria Automotriz de Vehículos Ligeros. Venta de vehículos híbridos y eléctricos,Nacional,2018,9,6,0,0,9,2018-09-01,Sep,3,9
Registro Administrativo de la Industria Automotriz de Vehículos Ligeros. Venta de vehículos híbridos y eléctricos,Nacional,2018,9,7,0,0,2,2018-09-01,Sep,3,2
Registro Administrativo de la Industria Automotriz de Vehículos Ligeros. Venta de vehículos híbridos y eléctricos,Nacional,2018,9,8,0,0,12,2018-09-01,Sep,3,12
Registro Administrativo de la Industria Automotriz de Vehículos Ligeros. Venta de vehículos híbridos y eléctricos,Nacional,2018,9,9,5,53,526,2018-09-01,Sep,3,584
Registro Administrativo de la Industria Automotriz de Vehículos Ligeros. Venta de vehículos híbridos y eléctricos,Nacional,2018,9,10,0,0,7,2018-09-01,Sep,3,7
Registro Administrativo de la Industria Automotriz de Vehículos Ligeros. Venta de vehículos híbridos y eléctricos,Nacional,2018,9,11,0,4,39,2018-09-01,Sep,3,43
Registro Administrativo de la Industria Automotriz de Vehículos Ligeros. Venta de vehículos híbridos y eléctricos,Nacional,2018,9,12,0,0,5,2018-09-01,Sep,3,5
Registro Administrativo de la Industria Automotriz de Vehículos Ligeros. Venta de vehículos híbridos y eléctricos,Nacional,2018,9,13,0,0,21,2018-09-01,Sep,3,21
Registro Administrativo de la Industria Automotriz de Vehículos Ligeros. Venta de vehículos híbridos y eléctricos,Nacional,2018,9,14,1,11,141,2018-09-01,Sep,3,153
Registro Administrativo de la Industria Automotriz de Vehículos Ligeros. Venta de vehículos híbridos y eléctricos,Nacional,2018,9,15,0,17,297,2018-09-01,Sep,3,314
Registro Administrativo de la Industria Automotriz de Vehículos Ligeros. Venta de vehículos híbridos y eléctricos,Nacional,2018,9,16,0,1,48,2018-09-01,Sep,3,49
Registro Administrativo de la Industria Automotriz de Vehículos Ligeros. Venta de vehículos híbridos y eléctricos,Nacional,2018,9,17,0,7,20,2018-09-01,Sep,3,27
Registro Administrativo de la Industria Automotriz de Vehículos Ligeros. Venta de vehículos híbridos y eléctricos,Nacional,2018,9,18,0,0,1,2018-09-01,Sep,3,1
Registro Administrativo de la Industria Automotriz de Vehículos Ligeros. Venta de vehículos híbridos y eléctricos,Nacional,2018,9,19,1,14,64,2018-09-01,Sep,3,79
Registro Administrativo de la Industria Automotriz de Vehículos Ligeros. Venta de vehículos híbridos y eléctricos,Nacional,2018,9,20,0,0,26,2018-09-01,Sep,3,26
Registro Administrativo de la Industria Automotriz de Vehículos Ligeros. Venta de vehículos híbridos y eléctricos,Nacional,2018,9,21,0,4,40,2018-09-01,Sep,3,44
Registro Administrativo de la Industria Automotriz de Vehículos Ligeros. Venta de vehículos híbridos y eléctricos,Nacional,2018,9,22,0,7,36,2018-09-01,Sep,3,43
Registro Administrativo de la Industria Automotriz de Vehículos Ligeros. Venta de vehículos híbridos y eléctricos,Nacional,2018,9,23,0,3,13,2018-09-01,Sep,3,16
Registro Administrativo de la Industria Automotriz de Vehículos Ligeros. Venta de vehículos híbridos y eléctricos,Nacional,2018,9,24,0,2,22,2018-09-01,Sep,3,24
Registro Administrativo de la Industria Automotriz de Vehículos Ligeros. Venta de vehículos híbridos y eléctricos,Nacional,2018,9,25,0,0,27,2018-09-01,Sep,3,27
Registro Administrativo de la Industria Automotriz de Vehículos Ligeros. Venta de vehículos híbridos y eléctricos,Nacional,2018,9,26,1,0,9,2018-09-01,Sep,3,10
Registro Administrativo de la Industria Automotriz de Vehículos Ligeros. Venta de vehículos híbridos y eléctricos,Nacional,2018,9,27,0,0,10,2018-09-01,Sep,3,10
Registro Administrativo de la Industria Automotriz de Vehículos Ligeros. Venta de vehículos híbridos y eléctricos,Nacional,2018,9,28,0,0,16,2018-09-01,Sep,3,16
Registro Administrativo de la Industria Automotriz de Vehículos Ligeros. Venta de vehículos híbridos y eléctricos,Nacional,2018,9,29,0,0,10,2018-09-01,Sep,3,10
Registro Administrativo de la Industria Automotriz de Vehículos Ligeros. Venta de vehículos híbridos y eléctricos,Nacional,2018,9,30,0,0,31,2018-09-01,Sep,3,31
Registro Administrativo de la Industria Automotriz de Vehículos Ligeros. Venta de vehículos híbridos y eléctricos,Nacional,2018,9,31,0,1,23,2018-09-01,Sep,3,24
Registro Administrativo de la Industria Automotriz de Vehículos Ligeros. Venta de vehículos híbridos y eléctricos,Nacional,2018,9,32,0,0,4,2018-09-01,Sep,3,4
Registro Administrativo de la Industria Automotriz de Vehículos Ligeros. Venta de vehículos híbridos y eléctricos,Nacional,2018,9,99,0,0,0,2018-09-01,Sep,3,0
Registro Administrativo de la Industria Automotriz de Vehículos Ligeros. Venta de vehículos híbridos y eléctricos,Nacional,2018,10,1,2,0,15,2018-10-01,Oct,4,17
Registro Administrativo de la Industria Automotriz de Vehículos Ligeros. Venta de vehículos híbridos y eléctricos,Nacional,2018,10,2,0,0,14,2018-10-01,Oct,4,14
Registro Administrativo de la Industria Automotriz de Vehículos Ligeros. Venta de vehículos híbridos y eléctricos,Nacional,2018,10,3,0,0,8,2018-10-01,Oct,4,8
Registro Administrativo de la Industria Automotriz de Vehículos Ligeros. Venta de vehículos híbridos y eléctricos,Nacional,2018,10,4,0,0,3,2018-10-01,Oct,4,3
Registro Administrativo de la Industria Automotriz de Vehículos Ligeros. Venta de vehículos híbridos y eléctricos,Nacional,2018,10,5,0,0,16,2018-10-01,Oct,4,16
Registro Administrativo de la Industria Automotriz de Vehículos Ligeros. Venta de vehículos híbridos y eléctricos,Nacional,2018,10,6,0,0,7,2018-10-01,Oct,4,7
Registro Administrativo de la Industria Automotriz de Vehículos Ligeros. Venta de vehículos híbridos y eléctricos,Nacional,2018,10,7,0,0,4,2018-10-01,Oct,4,4
Registro Administrativo de la Industria Automotriz de Vehículos Ligeros. Venta de vehículos híbridos y eléctricos,Nacional,2018,10,8,2,0,46,2018-10-01,Oct,4,48
Registro Administrativo de la Industria Automotriz de Vehículos Ligeros. Venta de vehículos híbridos y eléctricos,Nacional,2018,10,9,7,78,488,2018-10-01,Oct,4,573
Registro Administrativo de la Industria Automotriz de Vehículos Ligeros. Venta de vehículos híbridos y eléctricos,Nacional,2018,10,10,2,0,4,2018-10-01,Oct,4,6
Registro Administrativo de la Industria Automotriz de Vehículos Ligeros. Venta de vehículos híbridos y eléctricos,Nacional,2018,10,11,0,0,52,2018-10-01,Oct,4,52
Registro Administrativo de la Industria Automotriz de Vehículos Ligeros. Venta de vehículos híbridos y eléctricos,Nacional,2018,10,12,0,0,7,2018-10-01,Oct,4,7
Registro Administrativo de la Industria Automotriz de Vehículos Ligeros. Venta de vehículos híbridos y eléctricos,Nacional,2018,10,13,0,1,28,2018-10-01,Oct,4,29
Registro Administrativo de la Industria Automotriz de Vehículos Ligeros. Venta de vehículos híbridos y eléctricos,Nacional,2018,10,14,3,8,156,2018-10-01,Oct,4,167
Registro Administrativo de la Industria Automotriz de Vehículos Ligeros. Venta de vehículos híbridos y eléctricos,Nacional,2018,10,15,0,11,246,2018-10-01,Oct,4,257
Registro Administrativo de la Industria Automotriz de Vehículos Ligeros. Venta de vehículos híbridos y eléctricos,Nacional,2018,10,16,0,1,62,2018-10-01,Oct,4,63
Registro Administrativo de la Industria Automotriz de Vehículos Ligeros. Venta de vehículos híbridos y eléctricos,Nacional,2018,10,17,0,4,27,2018-10-01,Oct,4,31
Registro Administrativo de la Industria Automotriz de Vehículos Ligeros. Venta de vehículos híbridos y eléctricos,Nacional,2018,10,18,1,0,1,2018-10-01,Oct,4,2
Registro Administrativo de la Industria Automotriz de Vehículos Ligeros. Venta de vehículos híbridos y eléctricos,Nacional,2018,10,19,2,11,45,2018-10-01,Oct,4,58
Registro Administrativo de la Industria Automotriz de Vehículos Ligeros. Venta de vehículos híbridos y eléctricos,Nacional,2018,10,20,0,0,32,2018-10-01,Oct,4,32
Registro Administrativo de la Industria Automotriz de Vehículos Ligeros. Venta de vehículos híbridos y eléctricos,Nacional,2018,10,21,1,2,49,2018-10-01,Oct,4,52
Registro Administrativo de la Industria Automotriz de Vehículos Ligeros. Venta de vehículos híbridos y eléctricos,Nacional,2018,10,22,0,6,37,2018-10-01,Oct,4,43
Registro Administrativo de la Industria Automotriz de Vehículos Ligeros. Venta de vehículos híbridos y eléctricos,Nacional,2018,10,23,0,0,11,2018-10-01,Oct,4,11
Registro Administrativo de la Industria Automotriz de Vehículos Ligeros. Venta de vehículos híbridos y eléctricos,Nacional,2018,10,24,0,2,23,2018-10-01,Oct,4,25
Registro Administrativo de la Industria Automotriz de Vehículos Ligeros. Venta de vehículos híbridos y eléctricos,Nacional,2018,10,25,0,2,20,2018-10-01,Oct,4,22
Registro Administrativo de la Industria Automotriz de Vehículos Ligeros. Venta de vehículos híbridos y eléctricos,Nacional,2018,10,26,0,0,18,2018-10-01,Oct,4,18
Registro Administrativo de la Industria Automotriz de Vehículos Ligeros. Venta de vehículos híbridos y eléctricos,Nacional,2018,10,27,0,0,6,2018-10-01,Oct,4,6
Registro Administrativo de la Industria Automotriz de Vehículos Ligeros. Venta de vehículos híbridos y eléctricos,Nacional,2018,10,28,0,0,7,2018-10-01,Oct,4,7
Registro Administrativo de la Industria Automotriz de Vehículos Ligeros. Venta de vehículos híbridos y eléctricos,Nacional,2018,10,29,0,0,7,2018-10-01,Oct,4,7
Registro Administrativo de la Industria Automotriz de Vehículos Ligeros. Venta de vehículos híbridos y eléctricos,Nacional,2018,10,30,0,0,25,2018-10-01,Oct,4,25
Registro Administrativo de la Industria Automotriz de Vehículos Ligeros. Venta de vehículos híbridos y eléctricos,Nacional,2018,10,31,0,4,12,2018-10-01,Oct,4,16
Registro Administrativo de la Industria Automotriz de Vehículos Ligeros. Venta de vehículos híbridos y eléctricos,Nacional,2018,10,32,0,0,6,2018-10-01,Oct,4,6
Registro Administrativo de la Industria Automotriz de Vehículos Ligeros. Venta de vehículos híbridos y eléctricos,Nacional,2018,10,99,0,0,0,2018-10-01,Oct,4,0
Registro Administrativo de la Industria Automotriz de Vehículos Ligeros. Venta de vehículos híbridos y eléctricos,Nacional,2018,11,1,0,0,14,2018-11-01,Nov,4,14
Registro Administrativo de la Industria Automotriz de Vehículos Ligeros. Venta de vehículos híbridos y eléctricos,Nacional,2018,11,2,2,5,13,2018-11-01,Nov,4,20
Registro Administrativo de la Industria Automotriz de Vehículos Ligeros. Venta de vehículos híbridos y eléctricos,Nacional,2018,11,3,0,0,7,2018-11-01,Nov,4,7
Registro Administrativo de la Industria Automotriz de Vehículos Ligeros. Venta de vehículos híbridos y eléctricos,Nacional,2018,11,4,0,0,5,2018-11-01,Nov,4,5
Registro Administrativo de la Industria Automotriz de Vehículos Ligeros. Venta de vehículos híbridos y eléctricos,Nacional,2018,11,5,0,3,26,2018-11-01,Nov,4,29
Registro Administrativo de la Industria Automotriz de Vehículos Ligeros. Venta de vehículos híbridos y eléctricos,Nacional,2018,11,6,0,0,10,2018-11-01,Nov,4,10
Registro Administrativo de la Industria Automotriz de Vehículos Ligeros. Venta de vehículos híbridos y eléctricos,Nacional,2018,11,7,0,0,4,2018-11-01,Nov,4,4
Registro Administrativo de la Industria Automotriz de Vehículos Ligeros. Venta de vehículos híbridos y eléctricos,Nacional,2018,11,8,0,1,18,2018-11-01,Nov,4,19
Registro Administrativo de la Industria Automotriz de Vehículos Ligeros. Venta de vehículos híbridos y eléctricos,Nacional,2018,11,9,8,64,511,2018-11-01,Nov,4,583
Registro Administrativo de la Industria Automotriz de Vehículos Ligeros. Venta de vehículos híbridos y eléctricos,Nacional,2018,11,10,0,0,8,2018-11-01,Nov,4,8
Registro Administrativo de la Industria Automotriz de Vehículos Ligeros. Venta de vehículos híbridos y eléctricos,Nacional,2018,11,11,1,4,65,2018-11-01,Nov,4,70
Registro Administrativo de la Industria Automotriz de Vehículos Ligeros. Venta de vehículos híbridos y eléctricos,Nacional,2018,11,12,0,0,8,2018-11-01,Nov,4,8
Registro Administrativo de la Industria Automotriz de Vehículos Ligeros. Venta de vehículos híbridos y eléctricos,Nacional,2018,11,13,0,3,18,2018-11-01,Nov,4,21
Registro Administrativo de la Industria Automotriz de Vehículos Ligeros. Venta de vehículos híbridos y eléctricos,Nacional,2018,11,14,3,9,151,2018-11-01,Nov,4,163
Registro Administrativo de la Industria Automotriz de Vehículos Ligeros. Venta de vehículos híbridos y eléctricos,Nacional,2018,11,15,1,8,264,2018-11-01,Nov,4,273
Registro Administrativo de la Industria Automotriz de Vehículos Ligeros. Venta de vehículos híbridos y eléctricos,Nacional,2018,11,16,0,1,99,2018-11-01,Nov,4,100
Registro Administrativo de la Industria Automotriz de Vehículos Ligeros. Venta de vehículos híbridos y eléctricos,Nacional,2018,11,17,0,4,30,2018-11-01,Nov,4,34
Registro Administrativo de la Industria Automotriz de Vehículos Ligeros. Venta de vehículos híbridos y eléctricos,Nacional,2018,11,18,0,0,0,2018-11-01,Nov,4,0
Registro Administrativo de la Industria Automotriz de Vehículos Ligeros. Venta de vehículos híbridos y eléctricos,Nacional,2018,11,19,1,8,74,2018-11-01,Nov,4,83
Registro Administrativo de la Industria Automotriz de Vehículos Ligeros. Venta de vehículos híbridos y eléctricos,Nacional,2018,11,20,0,0,31,2018-11-01,Nov,4,31
Registro Administrativo de la Industria Automotriz de Vehículos Ligeros. Venta de vehículos híbridos y eléctricos,Nacional,2018,11,21,0,4,59,2018-11-01,Nov,4,63
Registro Administrativo de la Industria Automotriz de Vehículos Ligeros. Venta de vehículos híbridos y eléctricos,Nacional,2018,11,22,0,9,64,2018-11-01,Nov,4,73
Registro Administrativo de la Industria Automotriz de Vehículos Ligeros. Venta de vehículos híbridos y eléctricos,Nacional,2018,11,23,0,0,10,2018-11-01,Nov,4,10
Registro Administrativo de la Industria Automotriz de Vehículos Ligeros. Venta de vehículos híbridos y eléctricos,Nacional,2018,11,24,0,2,21,2018-11-01,Nov,4,23
Registro Administrativo de la Industria Automotriz de Vehículos Ligeros. Venta de vehículos híbridos y eléctricos,Nacional,2018,11,25,0,0,30,2018-11-01,Nov,4,30
Registro Administrativo de la Industria Automotriz de Vehículos Ligeros. Venta de vehículos híbridos y eléctricos,Nacional,2018,11,26,0,0,22,2018-11-01,Nov,4,22
Registro Administrativo de la Industria Automotriz de Vehículos Ligeros. Venta de vehículos híbridos y eléctricos,Nacional,2018,11,27,0,0,9,2018-11-01,Nov,4,9
Registro Administrativo de la Industria Automotriz de Vehículos Ligeros. Venta de vehículos híbridos y eléctricos,Nacional,2018,11,28,0,0,14,2018-11-01,Nov,4,14
Registro Administrativo de la Industria Automotriz de Vehículos Ligeros. Venta de vehículos híbridos y eléctricos,Nacional,2018,11,29,0,0,8,2018-11-01,Nov,4,8
Registro Administrativo de la Industria Automotriz de Vehículos Ligeros. Venta de vehículos híbridos y eléctricos,Nacional,2018,11,30,0,1,31,2018-11-01,Nov,4,32
Registro Administrativo de la Industria Automotriz de Vehículos Ligeros. Venta de vehículos híbridos y eléctricos,Nacional,2018,11,31,0,2,8,2018-11-01,Nov,4,10
Registro Administrativo de la Industria Automotriz de Vehículos Ligeros. Venta de vehículos híbridos y eléctricos,Nacional,2018,11,32,0,0,7,2018-11-01,Nov,4,7
Registro Administrativo de la Industria Automotriz de Vehículos Ligeros. Venta de vehículos híbridos y eléctricos,Nacional,2018,11,99,0,0,0,2018-11-01,Nov,4,0
Registro Administrativo de la Industria Automotriz de Vehículos Ligeros. Venta de vehículos híbridos y eléctricos,Nacional,2018,12,1,0,0,14,2018-12-01,Dec,4,14
Registro Administrativo de la Industria Automotriz de Vehículos Ligeros. Venta de vehículos híbridos y eléctricos,Nacional,2018,12,2,1,1,23,2018-12-01,Dec,4,25
Registro Administrativo de la Industria Automotriz de Vehículos Ligeros. Venta de vehículos híbridos y eléctricos,Nacional,2018,12,3,0,0,10,2018-12-01,Dec,4,10
Registro Administrativo de la Industria Automotriz de Vehículos Ligeros. Venta de vehículos híbridos y eléctricos,Nacional,2018,12,4,0,0,4,2018-12-01,Dec,4,4
Registro Administrativo de la Industria Automotriz de Vehículos Ligeros. Venta de vehículos híbridos y eléctricos,Nacional,2018,12,5,0,1,30,2018-12-01,Dec,4,31
Registro Administrativo de la Industria Automotriz de Vehículos Ligeros. Venta de vehículos híbridos y eléctricos,Nacional,2018,12,6,0,0,12,2018-12-01,Dec,4,12
Registro Administrativo de la Industria Automotriz de Vehículos Ligeros. Venta de vehículos híbridos y eléctricos,Nacional,2018,12,7,0,0,6,2018-12-01,Dec,4,6
Registro Administrativo de la Industria Automotriz de Vehículos Ligeros. Venta de vehículos híbridos y eléctricos,Nacional,2018,12,8,0,0,23,2018-12-01,Dec,4,23
Registro Administrativo de la Industria Automotriz de Vehículos Ligeros. Venta de vehículos híbridos y eléctricos,Nacional,2018,12,9,7,76,629,2018-12-01,Dec,4,712
Registro Administrativo de la Industria Automotriz de Vehículos Ligeros. Venta de vehículos híbridos y eléctricos,Nacional,2018,12,10,0,0,3,2018-12-01,Dec,4,3
Registro Administrativo de la Industria Automotriz de Vehículos Ligeros. Venta de vehículos híbridos y eléctricos,Nacional,2018,12,11,2,3,44,2018-12-01,Dec,4,49
Registro Administrativo de la Industria Automotriz de Vehículos Ligeros. Venta de vehículos híbridos y eléctricos,Nacional,2018,12,12,0,0,4,2018-12-01,Dec,4,4
Registro Administrativo de la Industria Automotriz de Vehículos Ligeros. Venta de vehículos híbridos y eléctricos,Nacional,2018,12,13,0,2,25,2018-12-01,Dec,4,27
Registro Administrativo de la Industria Automotriz de Vehículos Ligeros. Venta de vehículos híbridos y eléctricos,Nacional,2018,12,14,5,11,218,2018-12-01,Dec,4,234
Registro Administrativo de la Industria Automotriz de Vehículos Ligeros. Venta de vehículos híbridos y eléctricos,Nacional,2018,12,15,2,13,357,2018-12-01,Dec,4,372
Registro Administrativo de la Industria Automotriz de Vehículos Ligeros. Venta de vehículos híbridos y eléctricos,Nacional,2018,12,16,2,1,134,2018-12-01,Dec,4,137
Registro Administrativo de la Industria Automotriz de Vehículos Ligeros. Venta de vehículos híbridos y eléctricos,Nacional,2018,12,17,0,3,34,2018-12-01,Dec,4,37
Registro Administrativo de la Industria Automotriz de Vehículos Ligeros. Venta de vehículos híbridos y eléctricos,Nacional,2018,12,18,0,0,3,2018-12-01,Dec,4,3
Registro Administrativo de la Industria Automotriz de Vehículos Ligeros. Venta de vehículos híbridos y eléctricos,Nacional,2018,12,19,3,19,82,2018-12-01,Dec,4,104
Registro Administrativo de la Industria Automotriz de Vehículos Ligeros. Venta de vehículos híbridos y eléctricos,Nacional,2018,12,20,0,0,36,2018-12-01,Dec,4,36
Registro Administrativo de la Industria Automotriz de Vehículos Ligeros. Venta de vehículos híbridos y eléctricos,Nacional,2018,12,21,2,9,57,2018-12-01,Dec,4,68
Registro Administrativo de la Industria Automotriz de Vehículos Ligeros. Venta de vehículos híbridos y eléctricos,Nacional,2018,12,22,0,5,57,2018-12-01,Dec,4,62
Registro Administrativo de la Industria Automotriz de Vehículos Ligeros. Venta de vehículos híbridos y eléctricos,Nacional,2018,12,23,1,1,16,2018-12-01,Dec,4,18
Registro Administrativo de la Industria Automotriz de Vehículos Ligeros. Venta de vehículos híbridos y eléctricos,Nacional,2018,12,24,0,0,20,2018-12-01,Dec,4,20
Registro Administrativo de la Industria Automotriz de Vehículos Ligeros. Venta de vehículos híbridos y eléctricos,Nacional,2018,12,25,0,6,33,2018-12-01,Dec,4,39
Registro Administrativo de la Industria Automotriz de Vehículos Ligeros. Venta de vehículos híbridos y eléctricos,Nacional,2018,12,26,1,1,14,2018-12-01,Dec,4,16
Registro Administrativo de la Industria Automotriz de Vehículos Ligeros. Venta de vehículos híbridos y eléctricos,Nacional,2018,12,27,0,0,11,2018-12-01,Dec,4,11
Registro Administrativo de la Industria Automotriz de Vehículos Ligeros. Venta de vehículos híbridos y eléctricos,Nacional,2018,12,28,0,0,11,2018-12-01,Dec,4,11
Registro Administrativo de la Industria Automotriz de Vehículos Ligeros. Venta de vehículos híbridos y eléctricos,Nacional,2018,12,29,0,0,6,2018-12-01,Dec,4,6
Registro Administrativo de la Industria Automotriz de Vehículos Ligeros. Venta de vehículos híbridos y eléctricos,Nacional,2018,12,30,0,1,33,2018-12-01,Dec,4,34
Registro Administrativo de la Industria Automotriz de Vehículos Ligeros. Venta de vehículos híbridos y eléctricos,Nacional,2018,12,31,1,0,18,2018-12-01,Dec,4,19
Registro Administrativo de la Industria Automotriz de Vehículos Ligeros. Venta de vehículos híbridos y eléctricos,Nacional,2018,12,32,1,0,5,2018-12-01,Dec,4,6
Registro Administrativo de la Industria Automotriz de Vehículos Ligeros. Venta de vehículos híbridos y eléctricos,Nacional,2018,12,99,0,0,0,2018-12-01,Dec,4,0
Registro Administrativo de la Industria Automotriz de Vehículos Ligeros. Venta de vehículos híbridos y eléctricos,Nacional,2021,1,1,0,0,25,2021-01-01,Jan,1,25
Registro Administrativo de la Industria Automotriz de Vehículos Ligeros. Venta de vehículos híbridos y eléctricos,Nacional,2021,1,2,0,1,53,2021-01-01,Jan,1,54
Registro Administrativo de la Industria Automotriz de Vehículos Ligeros. Venta de vehículos híbridos y eléctricos,Nacional,2021,1,3,0,0,33,2021-01-01,Jan,1,33
Registro Administrativo de la Industria Automotriz de Vehículos Ligeros. Venta de vehículos híbridos y eléctricos,Nacional,2021,1,4,0,0,6,2021-01-01,Jan,1,6
Registro Administrativo de la Industria Automotriz de Vehículos Ligeros. Venta de vehículos híbridos y eléctricos,Nacional,2021,1,5,0,8,57,2021-01-01,Jan,1,65
Registro Administrativo de la Industria Automotriz de Vehículos Ligeros. Venta de vehículos híbridos y eléctricos,Nacional,2021,1,6,0,0,14,2021-01-01,Jan,1,14
Registro Administrativo de la Industria Automotriz de Vehículos Ligeros. Venta de vehículos híbridos y eléctricos,Nacional,2021,1,7,0,1,15,2021-01-01,Jan,1,16
Registro Administrativo de la Industria Automotriz de Vehículos Ligeros. Venta de vehículos híbridos y eléctricos,Nacional,2021,1,8,0,2,48,2021-01-01,Jan,1,50
Registro Administrativo de la Industria Automotriz de Vehículos Ligeros. Venta de vehículos híbridos y eléctricos,Nacional,2021,1,9,17,81,670,2021-01-01,Jan,1,768
Registro Administrativo de la Industria Automotriz de Vehículos Ligeros. Venta de vehículos híbridos y eléctricos,Nacional,2021,1,10,1,0,10,2021-01-01,Jan,1,11
Registro Administrativo de la Industria Automotriz de Vehículos Ligeros. Venta de vehículos híbridos y eléctricos,Nacional,2021,1,11,0,6,78,2021-01-01,Jan,1,84
Registro Administrativo de la Industria Automotriz de Vehículos Ligeros. Venta de vehículos híbridos y eléctricos,Nacional,2021,1,12,0,0,12,2021-01-01,Jan,1,12
Registro Administrativo de la Industria Automotriz de Vehículos Ligeros. Venta de vehículos híbridos y eléctricos,Nacional,2021,1,13,0,0,44,2021-01-01,Jan,1,44
Registro Administrativo de la Industria Automotriz de Vehículos Ligeros. Venta de vehículos híbridos y eléctricos,Nacional,2021,1,14,1,15,210,2021-01-01,Jan,1,226
Registro Administrativo de la Industria Automotriz de Vehículos Ligeros. Venta de vehículos híbridos y eléctricos,Nacional,2021,1,15,41,11,321,2021-01-01,Jan,1,373
Registro Administrativo de la Industria Automotriz de Vehículos Ligeros. Venta de vehículos híbridos y eléctricos,Nacional,2021,1,16,0,2,89,2021-01-01,Jan,1,91
Registro Administrativo de la Industria Automotriz de Vehículos Ligeros. Venta de vehículos híbridos y eléctricos,Nacional,2021,1,17,1,4,45,2021-01-01,Jan,1,50
Registro Administrativo de la Industria Automotriz de Vehículos Ligeros. Venta de vehículos híbridos y eléctricos,Nacional,2021,1,18,0,0,3,2021-01-01,Jan,1,3
Registro Administrativo de la Industria Automotriz de Vehículos Ligeros. Venta de vehículos híbridos y eléctricos,Nacional,2021,1,19,2,15,199,2021-01-01,Jan,1,216
Registro Administrativo de la Industria Automotriz de Vehículos Ligeros. Venta de vehículos híbridos y eléctricos,Nacional,2021,1,20,0,1,16,2021-01-01,Jan,1,17
Registro Administrativo de la Industria Automotriz de Vehículos Ligeros. Venta de vehículos híbridos y eléctricos,Nacional,2021,1,21,0,1,87,2021-01-01,Jan,1,88
Registro Administrativo de la Industria Automotriz de Vehículos Ligeros. Venta de vehículos híbridos y eléctricos,Nacional,2021,1,22,0,5,73,2021-01-01,Jan,1,78
Registro Administrativo de la Industria Automotriz de Vehículos Ligeros. Venta de vehículos híbridos y eléctricos,Nacional,2021,1,23,0,1,20,2021-01-01,Jan,1,21
Registro Administrativo de la Industria Automotriz de Vehículos Ligeros. Venta de vehículos híbridos y eléctricos,Nacional,2021,1,24,0,4,34,2021-01-01,Jan,1,38
Registro Administrativo de la Industria Automotriz de Vehículos Ligeros. Venta de vehículos híbridos y eléctricos,Nacional,2021,1,25,0,2,72,2021-01-01,Jan,1,74
Registro Administrativo de la Industria Automotriz de Vehículos Ligeros. Venta de vehículos híbridos y eléctricos,Nacional,2021,1,26,0,0,27,2021-01-01,Jan,1,27
Registro Administrativo de la Industria Automotriz de Vehículos Ligeros. Venta de vehículos híbridos y eléctricos,Nacional,2021,1,27,0,0,6,2021-01-01,Jan,1,6
Registro Administrativo de la Industria Automotriz de Vehículos Ligeros. Venta de vehículos híbridos y eléctricos,Nacional,2021,1,28,0,0,45,2021-01-01,Jan,1,45
Registro Administrativo de la Industria Automotriz de Vehículos Ligeros. Venta de vehículos híbridos y eléctricos,Nacional,2021,1,29,0,0,17,2021-01-01,Jan,1,17
Registro Administrativo de la Industria Automotriz de Vehículos Ligeros. Venta de vehículos híbridos y eléctricos,Nacional,2021,1,30,1,3,76,2021-01-01,Jan,1,80
Registro Administrativo de la Industria Automotriz de Vehículos Ligeros. Venta de vehículos híbridos y eléctricos,Nacional,2021,1,31,0,3,38,2021-01-01,Jan,1,41
Registro Administrativo de la Industria Automotriz de Vehículos Ligeros. Venta de vehículos híbridos y eléctricos,Nacional,2021,1,32,0,0,13,2021-01-01,Jan,1,13
Registro Administrativo de la Industria Automotriz de Vehículos Ligeros. Venta de vehículos híbridos y eléctricos,Nacional,2021,1,99,0,0,0,2021-01-01,Jan,1,0
Registro Administrativo de la Industria Automotriz de Vehículos Ligeros. Venta de vehículos híbridos y eléctricos,Nacional,2021,2,1,0,0,39,2021-02-01,Feb,1,39
Registro Administrativo de la Industria Automotriz de Vehículos Ligeros. Venta de vehículos híbridos y eléctricos,Nacional,2021,2,2,0,3,38,2021-02-01,Feb,1,41
Registro Administrativo de la Industria Automotriz de Vehículos Ligeros. Venta de vehículos híbridos y eléctricos,Nacional,2021,2,3,0,0,30,2021-02-01,Feb,1,30
Registro Administrativo de la Industria Automotriz de Vehículos Ligeros. Venta de vehículos híbridos y eléctricos,Nacional,2021,2,4,0,0,5,2021-02-01,Feb,1,5
Registro Administrativo de la Industria Automotriz de Vehículos Ligeros. Venta de vehículos híbridos y eléctricos,Nacional,2021,2,5,0,5,74,2021-02-01,Feb,1,79
Registro Administrativo de la Industria Automotriz de Vehículos Ligeros. Venta de vehículos híbridos y eléctricos,Nacional,2021,2,6,0,0,12,2021-02-01,Feb,1,12
Registro Administrativo de la Industria Automotriz de Vehículos Ligeros. Venta de vehículos híbridos y eléctricos,Nacional,2021,2,7,0,0,16,2021-02-01,Feb,1,16
Registro Administrativo de la Industria Automotriz de Vehículos Ligeros. Venta de vehículos híbridos y eléctricos,Nacional,2021,2,8,0,0,58,2021-02-01,Feb,1,58
Registro Administrativo de la Industria Automotriz de Vehículos Ligeros. Venta de vehículos híbridos y eléctricos,Nacional,2021,2,9,12,67,732,2021-02-01,Feb,1,811
Registro Administrativo de la Industria Automotriz de Vehículos Ligeros. Venta de vehículos híbridos y eléctricos,Nacional,2021,2,10,0,0,18,2021-02-01,Feb,1,18
Registro Administrativo de la Industria Automotriz de Vehículos Ligeros. Venta de vehículos híbridos y eléctricos,Nacional,2021,2,11,2,11,116,2021-02-01,Feb,1,129
Registro Administrativo de la Industria Automotriz de Vehículos Ligeros. Venta de vehículos híbridos y eléctricos,Nacional,2021,2,12,0,0,15,2021-02-01,Feb,1,15
Registro Administrativo de la Industria Automotriz de Vehículos Ligeros. Venta de vehículos híbridos y eléctricos,Nacional,2021,2,13,0,0,41,2021-02-01,Feb,1,41
Registro Administrativo de la Industria Automotriz de Vehículos Ligeros. Venta de vehículos híbridos y eléctricos,Nacional,2021,2,14,6,19,271,2021-02-01,Feb,1,296
Registro Administrativo de la Industria Automotriz de Vehículos Ligeros. Venta de vehículos híbridos y eléctricos,Nacional,2021,2,15,1,12,378,2021-02-01,Feb,1,391
Registro Administrativo de la Industria Automotriz de Vehículos Ligeros. Venta de vehículos híbridos y eléctricos,Nacional,2021,2,16,2,6,91,2021-02-01,Feb,1,99
Registro Administrativo de la Industria Automotriz de Vehículos Ligeros. Venta de vehículos híbridos y eléctricos,Nacional,2021,2,17,1,4,51,2021-02-01,Feb,1,56
Registro Administrativo de la Industria Automotriz de Vehículos Ligeros. Venta de vehículos híbridos y eléctricos,Nacional,2021,2,18,0,0,1,2021-02-01,Feb,1,1
Registro Administrativo de la Industria Automotriz de Vehículos Ligeros. Venta de vehículos híbridos y eléctricos,Nacional,2021,2,19,3,8,280,2021-02-01,Feb,1,291
Registro Administrativo de la Industria Automotriz de Vehículos Ligeros. Venta de vehículos híbridos y eléctricos,Nacional,2021,2,20,0,0,21,2021-02-01,Feb,1,21
Registro Administrativo de la Industria Automotriz de Vehículos Ligeros. Venta de vehículos híbridos y eléctricos,Nacional,2021,2,21,2,3,120,2021-02-01,Feb,1,125
Registro Administrativo de la Industria Automotriz de Vehículos Ligeros. Venta de vehículos híbridos y eléctricos,Nacional,2021,2,22,5,6,80,2021-02-01,Feb,1,91
Registro Administrativo de la Industria Automotriz de Vehículos Ligeros. Venta de vehículos híbridos y eléctricos,Nacional,2021,2,23,0,1,22,2021-02-01,Feb,1,23
Registro Administrativo de la Industria Automotriz de Vehículos Ligeros. Venta de vehículos híbridos y eléctricos,Nacional,2021,2,24,0,6,60,2021-02-01,Feb,1,66
Registro Administrativo de la Industria Automotriz de Vehículos Ligeros. Venta de vehículos híbridos y eléctricos,Nacional,2021,2,25,2,7,87,2021-02-01,Feb,1,96
Registro Administrativo de la Industria Automotriz de Vehículos Ligeros. Venta de vehículos híbridos y eléctricos,Nacional,2021,2,26,0,0,45,2021-02-01,Feb,1,45
Registro Administrativo de la Industria Automotriz de Vehículos Ligeros. Venta de vehículos híbridos y eléctricos,Nacional,2021,2,27,0,2,19,2021-02-01,Feb,1,21
Registro Administrativo de la Industria Automotriz de Vehículos Ligeros. Venta de vehículos híbridos y eléctricos,Nacional,2021,2,28,0,0,41,2021-02-01,Feb,1,41
Registro Administrativo de la Industria Automotriz de Vehículos Ligeros. Venta de vehículos híbridos y eléctricos,Nacional,2021,2,29,0,0,20,2021-02-01,Feb,1,20
Registro Administrativo de la Industria Automotriz de Vehículos Ligeros. Venta de vehículos híbridos y eléctricos,Nacional,2021,2,30,0,2,113,2021-02-01,Feb,1,115
Registro Administrativo de la Industria Automotriz de Vehículos Ligeros. Venta de vehículos híbridos y eléctricos,Nacional,2021,2,31,0,2,32,2021-02-01,Feb,1,34
Registro Administrativo de la Industria Automotriz de Vehículos Ligeros. Venta de vehículos híbridos y eléctricos,Nacional,2021,2,32,0,0,10,2021-02-01,Feb,1,10
Registro Administrativo de la Industria Automotriz de Vehículos Ligeros. Venta de vehículos híbridos y eléctricos,Nacional,2021,2,99,0,0,0,2021-02-01,Feb,1,0
Registro Administrativo de la Industria Automotriz de Vehículos Ligeros. Venta de vehículos híbridos y eléctricos,Nacional,2021,3,1,0,0,56,2021-03-01,Mar,1,56
Registro Administrativo de la Industria Automotriz de Vehículos Ligeros. Venta de vehículos híbridos y eléctricos,Nacional,2021,3,2,0,1,95,2021-03-01,Mar,1,96
Registro Administrativo de la Industria Automotriz de Vehículos Ligeros. Venta de vehículos híbridos y eléctricos,Nacional,2021,3,3,0,1,59,2021-03-01,Mar,1,60
Registro Administrativo de la Industria Automotriz de Vehículos Ligeros. Venta de vehículos híbridos y eléctricos,Nacional,2021,3,4,0,0,10,2021-03-01,Mar,1,10
Registro Administrativo de la Industria Automotriz de Vehículos Ligeros. Venta de vehículos híbridos y eléctricos,Nacional,2021,3,5,6,3,108,2021-03-01,Mar,1,117
Registro Administrativo de la Industria Automotriz de Vehículos Ligeros. Venta de vehículos híbridos y eléctricos,Nacional,2021,3,6,0,0,30,2021-03-01,Mar,1,30
Registro Administrativo de la Industria Automotriz de Vehículos Ligeros. Venta de vehículos híbridos y eléctricos,Nacional,2021,3,7,0,0,24,2021-03-01,Mar,1,24
Registro Administrativo de la Industria Automotriz de Vehículos Ligeros. Venta de vehículos híbridos y eléctricos,Nacional,2021,3,8,0,2,87,2021-03-01,Mar,1,89
Registro Administrativo de la Industria Automotriz de Vehículos Ligeros. Venta de vehículos híbridos y eléctricos,Nacional,2021,3,9,17,83,827,2021-03-01,Mar,1,927
Registro Administrativo de la Industria Automotriz de Vehículos Ligeros. Venta de vehículos híbridos y eléctricos,Nacional,2021,3,10,0,0,30,2021-03-01,Mar,1,30
Registro Administrativo de la Industria Automotriz de Vehículos Ligeros. Venta de vehículos híbridos y eléctricos,Nacional,2021,3,11,1,10,129,2021-03-01,Mar,1,140
Registro Administrativo de la Industria Automotriz de Vehículos Ligeros. Venta de vehículos híbridos y eléctricos,Nacional,2021,3,12,0,0,15,2021-03-01,Mar,1,15
Registro Administrativo de la Industria Automotriz de Vehículos Ligeros. Venta de vehículos híbridos y eléctricos,Nacional,2021,3,13,0,1,46,2021-03-01,Mar,1,47
Registro Administrativo de la Industria Automotriz de Vehículos Ligeros. Venta de vehículos híbridos y eléctricos,Nacional,2021,3,14,6,22,347,2021-03-01,Mar,1,375
Registro Administrativo de la Industria Automotriz de Vehículos Ligeros. Venta de vehículos híbridos y eléctricos,Nacional,2021,3,15,2,20,455,2021-03-01,Mar,1,477
Registro Administrativo de la Industria Automotriz de Vehículos Ligeros. Venta de vehículos híbridos y eléctricos,Nacional,2021,3,16,0,6,108,2021-03-01,Mar,1,114
Registro Administrativo de la Industria Automotriz de Vehículos Ligeros. Venta de vehículos híbridos y eléctricos,Nacional,2021,3,17,0,6,84,2021-03-01,Mar,1,90
Registro Administrativo de la Industria Automotriz de Vehículos Ligeros. Venta de vehículos híbridos y eléctricos,Nacional,2021,3,18,0,0,8,2021-03-01,Mar,1,8
Registro Administrativo de la Industria Automotriz de Vehículos Ligeros. Venta de vehículos híbridos y eléctricos,Nacional,2021,3,19,3,10,372,2021-03-01,Mar,1,385
Registro Administrativo de la Industria Automotriz de Vehículos Ligeros. Venta de vehículos híbridos y eléctricos,Nacional,2021,3,20,0,1,30,2021-03-01,Mar,1,31
Registro Administrativo de la Industria Automotriz de Vehículos Ligeros. Venta de vehículos híbridos y eléctricos,Nacional,2021,3,21,2,2,147,2021-03-01,Mar,1,151
Registro Administrativo de la Industria Automotriz de Vehículos Ligeros. Venta de vehículos híbridos y eléctricos,Nacional,2021,3,22,1,7,80,2021-03-01,Mar,1,88
Registro Administrativo de la Industria Automotriz de Vehículos Ligeros. Venta de vehículos híbridos y eléctricos,Nacional,2021,3,23,4,2,46,2021-03-01,Mar,1,52
Registro Administrativo de la Industria Automotriz de Vehículos Ligeros. Venta de vehículos híbridos y eléctricos,Nacional,2021,3,24,0,3,53,2021-03-01,Mar,1,56
Registro Administrativo de la Industria Automotriz de Vehículos Ligeros. Venta de vehículos híbridos y eléctricos,Nacional,2021,3,25,1,6,171,2021-03-01,Mar,1,178
Registro Administrativo de la Industria Automotriz de Vehículos Ligeros. Venta de vehículos híbridos y eléctricos,Nacional,2021,3,26,0,0,89,2021-03-01,Mar,1,89
Registro Administrativo de la Industria Automotriz de Vehículos Ligeros. Venta de vehículos híbridos y eléctricos,Nacional,2021,3,27,0,0,18,2021-03-01,Mar,1,18
Registro Administrativo de la Industria Automotriz de Vehículos Ligeros. Venta de vehículos híbridos y eléctricos,Nacional,2021,3,28,0,0,68,2021-03-01,Mar,1,68
Registro Administrativo de la Industria Automotriz de Vehículos Ligeros. Venta de vehículos híbridos y eléctricos,Nacional,2021,3,29,0,0,19,2021-03-01,Mar,1,19
Registro Administrativo de la Industria Automotriz de Vehículos Ligeros. Venta de vehículos híbridos y eléctricos,Nacional,2021,3,30,0,8,117,2021-03-01,Mar,1,125
Registro Administrativo de la Industria Automotriz de Vehículos Ligeros. Venta de vehículos híbridos y eléctricos,Nacional,2021,3,31,0,4,52,2021-03-01,Mar,1,56
Registro Administrativo de la Industria Automotriz de Vehículos Ligeros. Venta de vehículos híbridos y eléctricos,Nacional,2021,3,32,0,0,18,2021-03-01,Mar,1,18
Registro Administrativo de la Industria Automotriz de Vehículos Ligeros. Venta de vehículos híbridos y eléctricos,Nacional,2021,3,99,0,0,0,2021-03-01,Mar,1,0
Registro Administrativo de la Industria Automotriz de Vehículos Ligeros. Venta de vehículos híbridos y eléctricos,Nacional,2021,4,1,1,1,44,2021-04-01,Apr,2,46
Registro Administrativo de la Industria Automotriz de Vehículos Ligeros. Venta de vehículos híbridos y eléctricos,Nacional,2021,4,2,0,6,91,2021-04-01,Apr,2,97
Registro Administrativo de la Industria Automotriz de Vehículos Ligeros. Venta de vehículos híbridos y eléctricos,Nacional,2021,4,3,0,0,59,2021-04-01,Apr,2,59
Registro Administrativo de la Industria Automotriz de Vehículos Ligeros. Venta de vehículos híbridos y eléctricos,Nacional,2021,4,4,0,0,10,2021-04-01,Apr,2,10
Registro Administrativo de la Industria Automotriz de Vehículos Ligeros. Venta de vehículos híbridos y eléctricos,Nacional,2021,4,5,1,5,119,2021-04-01,Apr,2,125
Registro Administrativo de la Industria Automotriz de Vehículos Ligeros. Venta de vehículos híbridos y eléctricos,Nacional,2021,4,6,0,0,33,2021-04-01,Apr,2,33
Registro Administrativo de la Industria Automotriz de Vehículos Ligeros. Venta de vehículos híbridos y eléctricos,Nacional,2021,4,7,0,0,28,2021-04-01,Apr,2,28
Registro Administrativo de la Industria Automotriz de Vehículos Ligeros. Venta de vehículos híbridos y eléctricos,Nacional,2021,4,8,0,1,90,2021-04-01,Apr,2,91
Registro Administrativo de la Industria Automotriz de Vehículos Ligeros. Venta de vehículos híbridos y eléctricos,Nacional,2021,4,9,10,97,999,2021-04-01,Apr,2,1106
Registro Administrativo de la Industria Automotriz de Vehículos Ligeros. Venta de vehículos híbridos y eléctricos,Nacional,2021,4,10,0,0,22,2021-04-01,Apr,2,22
Registro Administrativo de la Industria Automotriz de Vehículos Ligeros. Venta de vehículos híbridos y eléctricos,Nacional,2021,4,11,1,4,164,2021-04-01,Apr,2,169
Registro Administrativo de la Industria Automotriz de Vehículos Ligeros. Venta de vehículos híbridos y eléctricos,Nacional,2021,4,12,0,0,24,2021-04-01,Apr,2,24
Registro Administrativo de la Industria Automotriz de Vehículos Ligeros. Venta de vehículos híbridos y eléctricos,Nacional,2021,4,13,0,0,61,2021-04-01,Apr,2,61
Registro Administrativo de la Industria Automotriz de Vehículos Ligeros. Venta de vehículos híbridos y eléctricos,Nacional,2021,4,14,6,23,470,2021-04-01,Apr,2,499
Registro Administrativo de la Industria Automotriz de Vehículos Ligeros. Venta de vehículos híbridos y eléctricos,Nacional,2021,4,15,27,16,536,2021-04-01,Apr,2,579
Registro Administrativo de la Industria Automotriz de Vehículos Ligeros. Venta de vehículos híbridos y eléctricos,Nacional,2021,4,16,1,3,156,2021-04-01,Apr,2,160
Registro Administrativo de la Industria Automotriz de Vehículos Ligeros. Venta de vehículos híbridos y eléctricos,Nacional,2021,4,17,0,3,89,2021-04-01,Apr,2,92
Registro Administrativo de la Industria Automotriz de Vehículos Ligeros. Venta de vehículos híbridos y eléctricos,Nacional,2021,4,18,0,0,9,2021-04-01,Apr,2,9
Registro Administrativo de la Industria Automotriz de Vehículos Ligeros. Venta de vehículos híbridos y eléctricos,Nacional,2021,4,19,11,17,355,2021-04-01,Apr,2,383
Registro Administrativo de la Industria Automotriz de Vehículos Ligeros. Venta de vehículos híbridos y eléctricos,Nacional,2021,4,20,1,2,32,2021-04-01,Apr,2,35
Registro Administrativo de la Industria Automotriz de Vehículos Ligeros. Venta de vehículos híbridos y eléctricos,Nacional,2021,4,21,2,3,148,2021-04-01,Apr,2,153
Registro Administrativo de la Industria Automotriz de Vehículos Ligeros. Venta de vehículos híbridos y eléctricos,Nacional,2021,4,22,6,7,78,2021-04-01,Apr,2,91
Registro Administrativo de la Industria Automotriz de Vehículos Ligeros. Venta de vehículos híbridos y eléctricos,Nacional,2021,4,23,3,4,38,2021-04-01,Apr,2,45
Registro Administrativo de la Industria Automotriz de Vehículos Ligeros. Venta de vehículos híbridos y eléctricos,Nacional,2021,4,24,0,4,84,2021-04-01,Apr,2,88
Registro Administrativo de la Industria Automotriz de Vehículos Ligeros. Venta de vehículos híbridos y eléctricos,Nacional,2021,4,25,0,5,167,2021-04-01,Apr,2,172
Registro Administrativo de la Industria Automotriz de Vehículos Ligeros. Venta de vehículos híbridos y eléctricos,Nacional,2021,4,26,0,1,92,2021-04-01,Apr,2,93
Registro Administrativo de la Industria Automotriz de Vehículos Ligeros. Venta de vehículos híbridos y eléctricos,Nacional,2021,4,27,0,0,18,2021-04-01,Apr,2,18
Registro Administrativo de la Industria Automotriz de Vehículos Ligeros. Venta de vehículos híbridos y eléctricos,Nacional,2021,4,28,0,0,79,2021-04-01,Apr,2,79
Registro Administrativo de la Industria Automotriz de Vehículos Ligeros. Venta de vehículos híbridos y eléctricos,Nacional,2021,4,29,0,0,17,2021-04-01,Apr,2,17
Registro Administrativo de la Industria Automotriz de Vehículos Ligeros. Venta de vehículos híbridos y eléctricos,Nacional,2021,4,30,1,0,111,2021-04-01,Apr,2,112
Registro Administrativo de la Industria Automotriz de Vehículos Ligeros. Venta de vehículos híbridos y eléctricos,Nacional,2021,4,31,0,2,44,2021-04-01,Apr,2,46
Registro Administrativo de la Industria Automotriz de Vehículos Ligeros. Venta de vehículos híbridos y eléctricos,Nacional,2021,4,32,0,1,20,2021-04-01,Apr,2,21
Registro Administrativo de la Industria Automotriz de Vehículos Ligeros. Venta de vehículos híbridos y eléctricos,Nacional,2021,4,99,0,0,0,2021-04-01,Apr,2,0
Registro Administrativo de la Industria Automotriz de Vehículos Ligeros. Venta de vehículos híbridos y eléctricos,Nacional,2021,5,1,0,1,46,2021-05-01,May,2,47
Registro Administrativo de la Industria Automotriz de Vehículos Ligeros. Venta de vehículos híbridos y eléctricos,Nacional,2021,5,2,1,4,88,2021-05-01,May,2,93
Registro Administrativo de la Industria Automotriz de Vehículos Ligeros. Venta de vehículos híbridos y eléctricos,Nacional,2021,5,3,1,1,55,2021-05-01,May,2,57
Registro Administrativo de la Industria Automotriz de Vehículos Ligeros. Venta de vehículos híbridos y eléctricos,Nacional,2021,5,4,0,0,10,2021-05-01,May,2,10
Registro Administrativo de la Industria Automotriz de Vehículos Ligeros. Venta de vehículos híbridos y eléctricos,Nacional,2021,5,5,1,6,91,2021-05-01,May,2,98
Registro Administrativo de la Industria Automotriz de Vehículos Ligeros. Venta de vehículos híbridos y eléctricos,Nacional,2021,5,6,0,0,24,2021-05-01,May,2,24
Registro Administrativo de la Industria Automotriz de Vehículos Ligeros. Venta de vehículos híbridos y eléctricos,Nacional,2021,5,7,0,0,19,2021-05-01,May,2,19
Registro Administrativo de la Industria Automotriz de Vehículos Ligeros. Venta de vehículos híbridos y eléctricos,Nacional,2021,5,8,3,2,84,2021-05-01,May,2,89
Registro Administrativo de la Industria Automotriz de Vehículos Ligeros. Venta de vehículos híbridos y eléctricos,Nacional,2021,5,9,20,98,943,2021-05-01,May,2,1061
Registro Administrativo de la Industria Automotriz de Vehículos Ligeros. Venta de vehículos híbridos y eléctricos,Nacional,2021,5,10,0,0,22,2021-05-01,May,2,22
Registro Administrativo de la Industria Automotriz de Vehículos Ligeros. Venta de vehículos híbridos y eléctricos,Nacional,2021,5,11,0,3,141,2021-05-01,May,2,144
Registro Administrativo de la Industria Automotriz de Vehículos Ligeros. Venta de vehículos híbridos y eléctricos,Nacional,2021,5,12,0,0,12,2021-05-01,May,2,12
Registro Administrativo de la Industria Automotriz de Vehículos Ligeros. Venta de vehículos híbridos y eléctricos,Nacional,2021,5,13,0,1,51,2021-05-01,May,2,52
Registro Administrativo de la Industria Automotriz de Vehículos Ligeros. Venta de vehículos híbridos y eléctricos,Nacional,2021,5,14,7,30,431,2021-05-01,May,2,468
Registro Administrativo de la Industria Automotriz de Vehículos Ligeros. Venta de vehículos híbridos y eléctricos,Nacional,2021,5,15,22,20,508,2021-05-01,May,2,550
Registro Administrativo de la Industria Automotriz de Vehículos Ligeros. Venta de vehículos híbridos y eléctricos,Nacional,2021,5,16,2,5,269,2021-05-01,May,2,276
Registro Administrativo de la Industria Automotriz de Vehículos Ligeros. Venta de vehículos híbridos y eléctricos,Nacional,2021,5,17,0,9,69,2021-05-01,May,2,78
Registro Administrativo de la Industria Automotriz de Vehículos Ligeros. Venta de vehículos híbridos y eléctricos,Nacional,2021,5,18,0,0,4,2021-05-01,May,2,4
Registro Administrativo de la Industria Automotriz de Vehículos Ligeros. Venta de vehículos híbridos y eléctricos,Nacional,2021,5,19,5,19,348,2021-05-01,May,2,372
Registro Administrativo de la Industria Automotriz de Vehículos Ligeros. Venta de vehículos híbridos y eléctricos,Nacional,2021,5,20,0,0,39,2021-05-01,May,2,39
Registro Administrativo de la Industria Automotriz de Vehículos Ligeros. Venta de vehículos híbridos y eléctricos,Nacional,2021,5,21,3,5,121,2021-05-01,May,2,129
Registro Administrativo de la Industria Automotriz de Vehículos Ligeros. Venta de vehículos híbridos y eléctricos,Nacional,2021,5,22,1,8,80,2021-05-01,May,2,89
Registro Administrativo de la Industria Automotriz de Vehículos Ligeros. Venta de vehículos híbridos y eléctricos,Nacional,2021,5,23,0,0,39,2021-05-01,May,2,39
Registro Administrativo de la Industria Automotriz de Vehículos Ligeros. Venta de vehículos híbridos y eléctricos,Nacional,2021,5,24,0,2,59,2021-05-01,May,2,61
Registro Administrativo de la Industria Automotriz de Vehículos Ligeros. Venta de vehículos híbridos y eléctricos,Nacional,2021,5,25,0,7,165,2021-05-01,May,2,172
Registro Administrativo de la Industria Automotriz de Vehículos Ligeros. Venta de vehículos híbridos y eléctricos,Nacional,2021,5,26,0,1,83,2021-05-01,May,2,84
Registro Administrativo de la Industria Automotriz de Vehículos Ligeros. Venta de vehículos híbridos y eléctricos,Nacional,2021,5,27,0,0,23,2021-05-01,May,2,23
Registro Administrativo de la Industria Automotriz de Vehículos Ligeros. Venta de vehículos híbridos y eléctricos,Nacional,2021,5,28,0,0,68,2021-05-01,May,2,68
Registro Administrativo de la Industria Automotriz de Vehículos Ligeros. Venta de vehículos híbridos y eléctricos,Nacional,2021,5,29,0,0,10,2021-05-01,May,2,10
Registro Administrativo de la Industria Automotriz de Vehículos Ligeros. Venta de vehículos híbridos y eléctricos,Nacional,2021,5,30,3,1,127,2021-05-01,May,2,131
Registro Administrativo de la Industria Automotriz de Vehículos Ligeros. Venta de vehículos híbridos y eléctricos,Nacional,2021,5,31,0,1,42,2021-05-01,May,2,43
Registro Administrativo de la Industria Automotriz de Vehículos Ligeros. Venta de vehículos híbridos y eléctricos,Nacional,2021,5,32,0,0,11,2021-05-01,May,2,11
Registro Administrativo de la Industria Automotriz de Vehículos Ligeros. Venta de vehículos híbridos y eléctricos,Nacional,2021,5,99,0,0,0,2021-05-01,May,2,0
Registro Administrativo de la Industria Automotriz de Vehículos Ligeros. Venta de vehículos híbridos y eléctricos,Nacional,2021,6,1,0,0,56,2021-06-01,Jun,2,56
Registro Administrativo de la Industria Automotriz de Vehículos Ligeros. Venta de vehículos híbridos y eléctricos,Nacional,2021,6,2,2,1,59,2021-06-01,Jun,2,62
Registro Administrativo de la Industria Automotriz de Vehículos Ligeros. Venta de vehículos híbridos y eléctricos,Nacional,2021,6,3,0,0,46,2021-06-01,Jun,2,46
Registro Administrativo de la Industria Automotriz de Vehículos Ligeros. Venta de vehículos híbridos y eléctricos,Nacional,2021,6,4,0,2,17,2021-06-01,Jun,2,19
Registro Administrativo de la Industria Automotriz de Vehículos Ligeros. Venta de vehículos híbridos y eléctricos,Nacional,2021,6,5,0,5,109,2021-06-01,Jun,2,114
Registro Administrativo de la Industria Automotriz de Vehículos Ligeros. Venta de vehículos híbridos y eléctricos,Nacional,2021,6,6,0,0,29,2021-06-01,Jun,2,29
Registro Administrativo de la Industria Automotriz de Vehículos Ligeros. Venta de vehículos híbridos y eléctricos,Nacional,2021,6,7,0,0,29,2021-06-01,Jun,2,29
Registro Administrativo de la Industria Automotriz de Vehículos Ligeros. Venta de vehículos híbridos y eléctricos,Nacional,2021,6,8,0,3,83,2021-06-01,Jun,2,86
Registro Administrativo de la Industria Automotriz de Vehículos Ligeros. Venta de vehículos híbridos y eléctricos,Nacional,2021,6,9,26,79,904,2021-06-01,Jun,2,1009
Registro Administrativo de la Industria Automotriz de Vehículos Ligeros. Venta de vehículos híbridos y eléctricos,Nacional,2021,6,10,0,0,26,2021-06-01,Jun,2,26
Registro Administrativo de la Industria Automotriz de Vehículos Ligeros. Venta de vehículos híbridos y eléctricos,Nacional,2021,6,11,2,4,150,2021-06-01,Jun,2,156
Registro Administrativo de la Industria Automotriz de Vehículos Ligeros. Venta de vehículos híbridos y eléctricos,Nacional,2021,6,12,0,0,16,2021-06-01,Jun,2,16
Registro Administrativo de la Industria Automotriz de Vehículos Ligeros. Venta de vehículos híbridos y eléctricos,Nacional,2021,6,13,0,3,54,2021-06-01,Jun,2,57
Registro Administrativo de la Industria Automotriz de Vehículos Ligeros. Venta de vehículos híbridos y eléctricos,Nacional,2021,6,14,1,32,359,2021-06-01,Jun,2,392
Registro Administrativo de la Industria Automotriz de Vehículos Ligeros. Venta de vehículos híbridos y eléctricos,Nacional,2021,6,15,17,14,554,2021-06-01,Jun,2,585
Registro Administrativo de la Industria Automotriz de Vehículos Ligeros. Venta de vehículos híbridos y eléctricos,Nacional,2021,6,16,0,8,130,2021-06-01,Jun,2,138
Registro Administrativo de la Industria Automotriz de Vehículos Ligeros. Venta de vehículos híbridos y eléctricos,Nacional,2021,6,17,0,3,95,2021-06-01,Jun,2,98
Registro Administrativo de la Industria Automotriz de Vehículos Ligeros. Venta de vehículos híbridos y eléctricos,Nacional,2021,6,18,0,0,6,2021-06-01,Jun,2,6
Registro Administrativo de la Industria Automotriz de Vehículos Ligeros. Venta de vehículos híbridos y eléctricos,Nacional,2021,6,19,5,20,449,2021-06-01,Jun,2,474
Registro Administrativo de la Industria Automotriz de Vehículos Ligeros. Venta de vehículos híbridos y eléctricos,Nacional,2021,6,20,1,0,35,2021-06-01,Jun,2,36
Registro Administrativo de la Industria Automotriz de Vehículos Ligeros. Venta de vehículos híbridos y eléctricos,Nacional,2021,6,21,2,5,160,2021-06-01,Jun,2,167
Registro Administrativo de la Industria Automotriz de Vehículos Ligeros. Venta de vehículos híbridos y eléctricos,Nacional,2021,6,22,0,4,100,2021-06-01,Jun,2,104
Registro Administrativo de la Industria Automotriz de Vehículos Ligeros. Venta de vehículos híbridos y eléctricos,Nacional,2021,6,23,0,0,32,2021-06-01,Jun,2,32
Registro Administrativo de la Industria Automotriz de Vehículos Ligeros. Venta de vehículos híbridos y eléctricos,Nacional,2021,6,24,1,1,56,2021-06-01,Jun,2,58
Registro Administrativo de la Industria Automotriz de Vehículos Ligeros. Venta de vehículos híbridos y eléctricos,Nacional,2021,6,25,0,4,152,2021-06-01,Jun,2,156
Registro Administrativo de la Industria Automotriz de Vehículos Ligeros. Venta de vehículos híbridos y eléctricos,Nacional,2021,6,26,0,0,77,2021-06-01,Jun,2,77
Registro Administrativo de la Industria Automotriz de Vehículos Ligeros. Venta de vehículos híbridos y eléctricos,Nacional,2021,6,27,0,0,13,2021-06-01,Jun,2,13
Registro Administrativo de la Industria Automotriz de Vehículos Ligeros. Venta de vehículos híbridos y eléctricos,Nacional,2021,6,28,0,0,67,2021-06-01,Jun,2,67
Registro Administrativo de la Industria Automotriz de Vehículos Ligeros. Venta de vehículos híbridos y eléctricos,Nacional,2021,6,29,0,0,25,2021-06-01,Jun,2,25
Registro Administrativo de la Industria Automotriz de Vehículos Ligeros. Venta de vehículos híbridos y eléctricos,Nacional,2021,6,30,0,2,152,2021-06-01,Jun,2,154
Registro Administrativo de la Industria Automotriz de Vehículos Ligeros. Venta de vehículos híbridos y eléctricos,Nacional,2021,6,31,1,7,38,2021-06-01,Jun,2,46
Registro Administrativo de la Industria Automotriz de Vehículos Ligeros. Venta de vehículos híbridos y eléctricos,Nacional,2021,6,32,0,0,11,2021-06-01,Jun,2,11
Registro Administrativo de la Industria Automotriz de Vehículos Ligeros. Venta de vehículos híbridos y eléctricos,Nacional,2021,6,99,0,0,0,2021-06-01,Jun,2,0
Registro Administrativo de la Industria Automotriz de Vehículos Ligeros. Venta de vehículos híbridos y eléctricos,Nacional,2021,7,1,0,0,51,2021-07-01,Jul,3,51
Registro Administrativo de la Industria Automotriz de Vehículos Ligeros. Venta de vehículos híbridos y eléctricos,Nacional,2021,7,2,0,8,87,2021-07-01,Jul,3,95
Registro Administrativo de la Industria Automotriz de Vehículos Ligeros. Venta de vehículos híbridos y eléctricos,Nacional,2021,7,3,0,2,50,2021-07-01,Jul,3,52
Registro Administrativo de la Industria Automotriz de Vehículos Ligeros. Venta de vehículos híbridos y eléctricos,Nacional,2021,7,4,0,0,17,2021-07-01,Jul,3,17
Registro Administrativo de la Industria Automotriz de Vehículos Ligeros. Venta de vehículos híbridos y eléctricos,Nacional,2021,7,5,1,4,105,2021-07-01,Jul,3,110
Registro Administrativo de la Industria Automotriz de Vehículos Ligeros. Venta de vehículos híbridos y eléctricos,Nacional,2021,7,6,0,0,28,2021-07-01,Jul,3,28
Registro Administrativo de la Industria Automotriz de Vehículos Ligeros. Venta de vehículos híbridos y eléctricos,Nacional,2021,7,7,0,0,28,2021-07-01,Jul,3,28
Registro Administrativo de la Industria Automotriz de Vehículos Ligeros. Venta de vehículos híbridos y eléctricos,Nacional,2021,7,8,0,1,68,2021-07-01,Jul,3,69
Registro Administrativo de la Industria Automotriz de Vehículos Ligeros. Venta de vehículos híbridos y eléctricos,Nacional,2021,7,9,9,89,1012,2021-07-01,Jul,3,1110
Registro Administrativo de la Industria Automotriz de Vehículos Ligeros. Venta de vehículos híbridos y eléctricos,Nacional,2021,7,10,0,0,29,2021-07-01,Jul,3,29
Registro Administrativo de la Industria Automotriz de Vehículos Ligeros. Venta de vehículos híbridos y eléctricos,Nacional,2021,7,11,0,9,157,2021-07-01,Jul,3,166
Registro Administrativo de la Industria Automotriz de Vehículos Ligeros. Venta de vehículos híbridos y eléctricos,Nacional,2021,7,12,0,0,17,2021-07-01,Jul,3,17
Registro Administrativo de la Industria Automotriz de Vehículos Ligeros. Venta de vehículos híbridos y eléctricos,Nacional,2021,7,13,0,4,49,2021-07-01,Jul,3,53
Registro Administrativo de la Industria Automotriz de Vehículos Ligeros. Venta de vehículos híbridos y eléctricos,Nacional,2021,7,14,12,24,409,2021-07-01,Jul,3,445
Registro Administrativo de la Industria Automotriz de Vehículos Ligeros. Venta de vehículos híbridos y eléctricos,Nacional,2021,7,15,15,14,563,2021-07-01,Jul,3,592
Registro Administrativo de la Industria Automotriz de Vehículos Ligeros. Venta de vehículos híbridos y eléctricos,Nacional,2021,7,16,0,5,159,2021-07-01,Jul,3,164
Registro Administrativo de la Industria Automotriz de Vehículos Ligeros. Venta de vehículos híbridos y eléctricos,Nacional,2021,7,17,0,8,84,2021-07-01,Jul,3,92
Registro Administrativo de la Industria Automotriz de Vehículos Ligeros. Venta de vehículos híbridos y eléctricos,Nacional,2021,7,18,0,0,5,2021-07-01,Jul,3,5
Registro Administrativo de la Industria Automotriz de Vehículos Ligeros. Venta de vehículos híbridos y eléctricos,Nacional,2021,7,19,4,26,447,2021-07-01,Jul,3,477
Registro Administrativo de la Industria Automotriz de Vehículos Ligeros. Venta de vehículos híbridos y eléctricos,Nacional,2021,7,20,0,2,23,2021-07-01,Jul,3,25
Registro Administrativo de la Industria Automotriz de Vehículos Ligeros. Venta de vehículos híbridos y eléctricos,Nacional,2021,7,21,1,10,146,2021-07-01,Jul,3,157
Registro Administrativo de la Industria Automotriz de Vehículos Ligeros. Venta de vehículos híbridos y eléctricos,Nacional,2021,7,22,3,12,76,2021-07-01,Jul,3,91
Registro Administrativo de la Industria Automotriz de Vehículos Ligeros. Venta de vehículos híbridos y eléctricos,Nacional,2021,7,23,1,1,40,2021-07-01,Jul,3,42
Registro Administrativo de la Industria Automotriz de Vehículos Ligeros. Venta de vehículos híbridos y eléctricos,Nacional,2021,7,24,0,5,87,2021-07-01,Jul,3,92
Registro Administrativo de la Industria Automotriz de Vehículos Ligeros. Venta de vehículos híbridos y eléctricos,Nacional,2021,7,25,0,5,133,2021-07-01,Jul,3,138
Registro Administrativo de la Industria Automotriz de Vehículos Ligeros. Venta de vehículos híbridos y eléctricos,Nacional,2021,7,26,0,1,60,2021-07-01,Jul,3,61
Registro Administrativo de la Industria Automotriz de Vehículos Ligeros. Venta de vehículos híbridos y eléctricos,Nacional,2021,7,27,0,0,16,2021-07-01,Jul,3,16
Registro Administrativo de la Industria Automotriz de Vehículos Ligeros. Venta de vehículos híbridos y eléctricos,Nacional,2021,7,28,0,0,74,2021-07-01,Jul,3,74
Registro Administrativo de la Industria Automotriz de Vehículos Ligeros. Venta de vehículos híbridos y eléctricos,Nacional,2021,7,29,1,0,16,2021-07-01,Jul,3,17
Registro Administrativo de la Industria Automotriz de Vehículos Ligeros. Venta de vehículos híbridos y eléctricos,Nacional,2021,7,30,0,4,132,2021-07-01,Jul,3,136
Registro Administrativo de la Industria Automotriz de Vehículos Ligeros. Venta de vehículos híbridos y eléctricos,Nacional,2021,7,31,0,3,46,2021-07-01,Jul,3,49
Registro Administrativo de la Industria Automotriz de Vehículos Ligeros. Venta de vehículos híbridos y eléctricos,Nacional,2021,7,32,0,1,19,2021-07-01,Jul,3,20
Registro Administrativo de la Industria Automotriz de Vehículos Ligeros. Venta de vehículos híbridos y eléctricos,Nacional,2021,7,99,0,0,1,2021-07-01,Jul,3,1
Registro Administrativo de la Industria Automotriz de Vehículos Ligeros. Venta de vehículos híbridos y eléctricos,Nacional,2021,8,1,0,1,54,2021-08-01,Aug,3,55
Registro Administrativo de la Industria Automotriz de Vehículos Ligeros. Venta de vehículos híbridos y eléctricos,Nacional,2021,8,2,1,5,86,2021-08-01,Aug,3,92
Registro Administrativo de la Industria Automotriz de Vehículos Ligeros. Venta de vehículos híbridos y eléctricos,Nacional,2021,8,3,0,0,35,2021-08-01,Aug,3,35
Registro Administrativo de la Industria Automotriz de Vehículos Ligeros. Venta de vehículos híbridos y eléctricos,Nacional,2021,8,4,0,0,11,2021-08-01,Aug,3,11
Registro Administrativo de la Industria Automotriz de Vehículos Ligeros. Venta de vehículos híbridos y eléctricos,Nacional,2021,8,5,2,6,85,2021-08-01,Aug,3,93
Registro Administrativo de la Industria Automotriz de Vehículos Ligeros. Venta de vehículos híbridos y eléctricos,Nacional,2021,8,6,0,0,30,2021-08-01,Aug,3,30
Registro Administrativo de la Industria Automotriz de Vehículos Ligeros. Venta de vehículos híbridos y eléctricos,Nacional,2021,8,7,0,0,23,2021-08-01,Aug,3,23
Registro Administrativo de la Industria Automotriz de Vehículos Ligeros. Venta de vehículos híbridos y eléctricos,Nacional,2021,8,8,0,1,89,2021-08-01,Aug,3,90
Registro Administrativo de la Industria Automotriz de Vehículos Ligeros. Venta de vehículos híbridos y eléctricos,Nacional,2021,8,9,23,128,822,2021-08-01,Aug,3,973
Registro Administrativo de la Industria Automotriz de Vehículos Ligeros. Venta de vehículos híbridos y eléctricos,Nacional,2021,8,10,0,0,25,2021-08-01,Aug,3,25
Registro Administrativo de la Industria Automotriz de Vehículos Ligeros. Venta de vehículos híbridos y eléctricos,Nacional,2021,8,11,1,4,142,2021-08-01,Aug,3,147
Registro Administrativo de la Industria Automotriz de Vehículos Ligeros. Venta de vehículos híbridos y eléctricos,Nacional,2021,8,12,0,0,21,2021-08-01,Aug,3,21
Registro Administrativo de la Industria Automotriz de Vehículos Ligeros. Venta de vehículos híbridos y eléctricos,Nacional,2021,8,13,0,0,51,2021-08-01,Aug,3,51
Registro Administrativo de la Industria Automotriz de Vehículos Ligeros. Venta de vehículos híbridos y eléctricos,Nacional,2021,8,14,5,23,321,2021-08-01,Aug,3,349
Registro Administrativo de la Industria Automotriz de Vehículos Ligeros. Venta de vehículos híbridos y eléctricos,Nacional,2021,8,15,32,21,501,2021-08-01,Aug,3,554
Registro Administrativo de la Industria Automotriz de Vehículos Ligeros. Venta de vehículos híbridos y eléctricos,Nacional,2021,8,16,0,5,100,2021-08-01,Aug,3,105
Registro Administrativo de la Industria Automotriz de Vehículos Ligeros. Venta de vehículos híbridos y eléctricos,Nacional,2021,8,17,0,5,73,2021-08-01,Aug,3,78
Registro Administrativo de la Industria Automotriz de Vehículos Ligeros. Venta de vehículos híbridos y eléctricos,Nacional,2021,8,18,0,0,3,2021-08-01,Aug,3,3
Registro Administrativo de la Industria Automotriz de Vehículos Ligeros. Venta de vehículos híbridos y eléctricos,Nacional,2021,8,19,5,21,333,2021-08-01,Aug,3,359
Registro Administrativo de la Industria Automotriz de Vehículos Ligeros. Venta de vehículos híbridos y eléctricos,Nacional,2021,8,20,0,1,23,2021-08-01,Aug,3,24
Registro Administrativo de la Industria Automotriz de Vehículos Ligeros. Venta de vehículos híbridos y eléctricos,Nacional,2021,8,21,1,8,166,2021-08-01,Aug,3,175
Registro Administrativo de la Industria Automotriz de Vehículos Ligeros. Venta de vehículos híbridos y eléctricos,Nacional,2021,8,22,0,9,67,2021-08-01,Aug,3,76
Registro Administrativo de la Industria Automotriz de Vehículos Ligeros. Venta de vehículos híbridos y eléctricos,Nacional,2021,8,23,0,0,46,2021-08-01,Aug,3,46
Registro Administrativo de la Industria Automotriz de Vehículos Ligeros. Venta de vehículos híbridos y eléctricos,Nacional,2021,8,24,2,2,59,2021-08-01,Aug,3,63
Registro Administrativo de la Industria Automotriz de Vehículos Ligeros. Venta de vehículos híbridos y eléctricos,Nacional,2021,8,25,2,2,158,2021-08-01,Aug,3,162
Registro Administrativo de la Industria Automotriz de Vehículos Ligeros. Venta de vehículos híbridos y eléctricos,Nacional,2021,8,26,0,4,67,2021-08-01,Aug,3,71
Registro Administrativo de la Industria Automotriz de Vehículos Ligeros. Venta de vehículos híbridos y eléctricos,Nacional,2021,8,27,0,0,22,2021-08-01,Aug,3,22
Registro Administrativo de la Industria Automotriz de Vehículos Ligeros. Venta de vehículos híbridos y eléctricos,Nacional,2021,8,28,0,1,47,2021-08-01,Aug,3,48
Registro Administrativo de la Industria Automotriz de Vehículos Ligeros. Venta de vehículos híbridos y eléctricos,Nacional,2021,8,29,0,0,22,2021-08-01,Aug,3,22
Registro Administrativo de la Industria Automotriz de Vehículos Ligeros. Venta de vehículos híbridos y eléctricos,Nacional,2021,8,30,0,2,118,2021-08-01,Aug,3,120
Registro Administrativo de la Industria Automotriz de Vehículos Ligeros. Venta de vehículos híbridos y eléctricos,Nacional,2021,8,31,0,4,41,2021-08-01,Aug,3,45
Registro Administrativo de la Industria Automotriz de Vehículos Ligeros. Venta de vehículos híbridos y eléctricos,Nacional,2021,8,32,0,1,10,2021-08-01,Aug,3,11
Registro Administrativo de la Industria Automotriz de Vehículos Ligeros. Venta de vehículos híbridos y eléctricos,Nacional,2021,8,99,0,0,5,2021-08-01,Aug,3,5
Registro Administrativo de la Industria Automotriz de Vehículos Ligeros. Venta de vehículos híbridos y eléctricos,Nacional,2021,9,1,0,3,56,2021-09-01,Sep,3,59
Registro Administrativo de la Industria Automotriz de Vehículos Ligeros. Venta de vehículos híbridos y eléctricos,Nacional,2021,9,2,0,11,93,2021-09-01,Sep,3,104
Registro Administrativo de la Industria Automotriz de Vehículos Ligeros. Venta de vehículos híbridos y eléctricos,Nacional,2021,9,3,1,0,35,2021-09-01,Sep,3,36
Registro Administrativo de la Industria Automotriz de Vehículos Ligeros. Venta de vehículos híbridos y eléctricos,Nacional,2021,9,4,0,0,6,2021-09-01,Sep,3,6
Registro Administrativo de la Industria Automotriz de Vehículos Ligeros. Venta de vehículos híbridos y eléctricos,Nacional,2021,9,5,1,15,84,2021-09-01,Sep,3,100
Registro Administrativo de la Industria Automotriz de Vehículos Ligeros. Venta de vehículos híbridos y eléctricos,Nacional,2021,9,6,0,1,27,2021-09-01,Sep,3,28
Registro Administrativo de la Industria Automotriz de Vehículos Ligeros. Venta de vehículos híbridos y eléctricos,Nacional,2021,9,7,0,0,25,2021-09-01,Sep,3,25
Registro Administrativo de la Industria Automotriz de Vehículos Ligeros. Venta de vehículos híbridos y eléctricos,Nacional,2021,9,8,1,3,69,2021-09-01,Sep,3,73
Registro Administrativo de la Industria Automotriz de Vehículos Ligeros. Venta de vehículos híbridos y eléctricos,Nacional,2021,9,9,11,110,732,2021-09-01,Sep,3,853
Registro Administrativo de la Industria Automotriz de Vehículos Ligeros. Venta de vehículos híbridos y eléctricos,Nacional,2021,9,10,0,0,19,2021-09-01,Sep,3,19
Registro Administrativo de la Industria Automotriz de Vehículos Ligeros. Venta de vehículos híbridos y eléctricos,Nacional,2021,9,11,0,5,139,2021-09-01,Sep,3,144
Registro Administrativo de la Industria Automotriz de Vehículos Ligeros. Venta de vehículos híbridos y eléctricos,Nacional,2021,9,12,0,0,23,2021-09-01,Sep,3,23
Registro Administrativo de la Industria Automotriz de Vehículos Ligeros. Venta de vehículos híbridos y eléctricos,Nacional,2021,9,13,0,1,50,2021-09-01,Sep,3,51
Registro Administrativo de la Industria Automotriz de Vehículos Ligeros. Venta de vehículos híbridos y eléctricos,Nacional,2021,9,14,5,34,339,2021-09-01,Sep,3,378
Registro Administrativo de la Industria Automotriz de Vehículos Ligeros. Venta de vehículos híbridos y eléctricos,Nacional,2021,9,15,9,33,533,2021-09-01,Sep,3,575
Registro Administrativo de la Industria Automotriz de Vehículos Ligeros. Venta de vehículos híbridos y eléctricos,Nacional,2021,9,16,1,8,130,2021-09-01,Sep,3,139
Registro Administrativo de la Industria Automotriz de Vehículos Ligeros. Venta de vehículos híbridos y eléctricos,Nacional,2021,9,17,0,8,84,2021-09-01,Sep,3,92
Registro Administrativo de la Industria Automotriz de Vehículos Ligeros. Venta de vehículos híbridos y eléctricos,Nacional,2021,9,18,0,0,3,2021-09-01,Sep,3,3
Registro Administrativo de la Industria Automotriz de Vehículos Ligeros. Venta de vehículos híbridos y eléctricos,Nacional,2021,9,19,6,28,490,2021-09-01,Sep,3,524
Registro Administrativo de la Industria Automotriz de Vehículos Ligeros. Venta de vehículos híbridos y eléctricos,Nacional,2021,9,20,0,3,23,2021-09-01,Sep,3,26
Registro Administrativo de la Industria Automotriz de Vehículos Ligeros. Venta de vehículos híbridos y eléctricos,Nacional,2021,9,21,1,3,153,2021-09-01,Sep,3,157
Registro Administrativo de la Industria Automotriz de Vehículos Ligeros. Venta de vehículos híbridos y eléctricos,Nacional,2021,9,22,5,8,52,2021-09-01,Sep,3,65
Registro Administrativo de la Industria Automotriz de Vehículos Ligeros. Venta de vehículos híbridos y eléctricos,Nacional,2021,9,23,0,2,41,2021-09-01,Sep,3,43
Registro Administrativo de la Industria Automotriz de Vehículos Ligeros. Venta de vehículos híbridos y eléctricos,Nacional,2021,9,24,0,2,59,2021-09-01,Sep,3,61
Registro Administrativo de la Industria Automotriz de Vehículos Ligeros. Venta de vehículos híbridos y eléctricos,Nacional,2021,9,25,0,9,131,2021-09-01,Sep,3,140
Registro Administrativo de la Industria Automotriz de Vehículos Ligeros. Venta de vehículos híbridos y eléctricos,Nacional,2021,9,26,0,1,64,2021-09-01,Sep,3,65
Registro Administrativo de la Industria Automotriz de Vehículos Ligeros. Venta de vehículos híbridos y eléctricos,Nacional,2021,9,27,0,0,15,2021-09-01,Sep,3,15
Registro Administrativo de la Industria Automotriz de Vehículos Ligeros. Venta de vehículos híbridos y eléctricos,Nacional,2021,9,28,0,0,49,2021-09-01,Sep,3,49
Registro Administrativo de la Industria Automotriz de Vehículos Ligeros. Venta de vehículos híbridos y eléctricos,Nacional,2021,9,29,0,0,16,2021-09-01,Sep,3,16
Registro Administrativo de la Industria Automotriz de Vehículos Ligeros. Venta de vehículos híbridos y eléctricos,Nacional,2021,9,30,0,10,110,2021-09-01,Sep,3,120
Registro Administrativo de la Industria Automotriz de Vehículos Ligeros. Venta de vehículos híbridos y eléctricos,Nacional,2021,9,31,0,4,40,2021-09-01,Sep,3,44
Registro Administrativo de la Industria Automotriz de Vehículos Ligeros. Venta de vehículos híbridos y eléctricos,Nacional,2021,9,32,0,0,17,2021-09-01,Sep,3,17
Registro Administrativo de la Industria Automotriz de Vehículos Ligeros. Venta de vehículos híbridos y eléctricos,Nacional,2021,9,99,0,0,0,2021-09-01,Sep,3,0
Registro Administrativo de la Industria Automotriz de Vehículos Ligeros. Venta de vehículos híbridos y eléctricos,Nacional,2021,10,1,0,8,36,2021-10-01,Oct,4,44
Registro Administrativo de la Industria Automotriz de Vehículos Ligeros. Venta de vehículos híbridos y eléctricos,Nacional,2021,10,2,0,18,57,2021-10-01,Oct,4,75
Registro Administrativo de la Industria Automotriz de Vehículos Ligeros. Venta de vehículos híbridos y eléctricos,Nacional,2021,10,3,0,5,38,2021-10-01,Oct,4,43
Registro Administrativo de la Industria Automotriz de Vehículos Ligeros. Venta de vehículos híbridos y eléctricos,Nacional,2021,10,4,0,0,18,2021-10-01,Oct,4,18
Registro Administrativo de la Industria Automotriz de Vehículos Ligeros. Venta de vehículos híbridos y eléctricos,Nacional,2021,10,5,1,12,88,2021-10-01,Oct,4,101
Registro Administrativo de la Industria Automotriz de Vehículos Ligeros. Venta de vehículos híbridos y eléctricos,Nacional,2021,10,6,0,0,17,2021-10-01,Oct,4,17
Registro Administrativo de la Industria Automotriz de Vehículos Ligeros. Venta de vehículos híbridos y eléctricos,Nacional,2021,10,7,0,1,25,2021-10-01,Oct,4,26
Registro Administrativo de la Industria Automotriz de Vehículos Ligeros. Venta de vehículos híbridos y eléctricos,Nacional,2021,10,8,1,16,51,2021-10-01,Oct,4,68
Registro Administrativo de la Industria Automotriz de Vehículos Ligeros. Venta de vehículos híbridos y eléctricos,Nacional,2021,10,9,106,152,495,2021-10-01,Oct,4,753
Registro Administrativo de la Industria Automotriz de Vehículos Ligeros. Venta de vehículos híbridos y eléctricos,Nacional,2021,10,10,0,0,16,2021-10-01,Oct,4,16
Registro Administrativo de la Industria Automotriz de Vehículos Ligeros. Venta de vehículos híbridos y eléctricos,Nacional,2021,10,11,3,23,101,2021-10-01,Oct,4,127
Registro Administrativo de la Industria Automotriz de Vehículos Ligeros. Venta de vehículos híbridos y eléctricos,Nacional,2021,10,12,0,0,7,2021-10-01,Oct,4,7
Registro Administrativo de la Industria Automotriz de Vehículos Ligeros. Venta de vehículos híbridos y eléctricos,Nacional,2021,10,13,35,5,37,2021-10-01,Oct,4,77
Registro Administrativo de la Industria Automotriz de Vehículos Ligeros. Venta de vehículos híbridos y eléctricos,Nacional,2021,10,14,16,65,246,2021-10-01,Oct,4,327
Registro Administrativo de la Industria Automotriz de Vehículos Ligeros. Venta de vehículos híbridos y eléctricos,Nacional,2021,10,15,87,95,367,2021-10-01,Oct,4,549
Registro Administrativo de la Industria Automotriz de Vehículos Ligeros. Venta de vehículos híbridos y eléctricos,Nacional,2021,10,16,1,21,81,2021-10-01,Oct,4,103
Registro Administrativo de la Industria Automotriz de Vehículos Ligeros. Venta de vehículos híbridos y eléctricos,Nacional,2021,10,17,0,8,32,2021-10-01,Oct,4,40
Registro Administrativo de la Industria Automotriz de Vehículos Ligeros. Venta de vehículos híbridos y eléctricos,Nacional,2021,10,18,0,0,6,2021-10-01,Oct,4,6
Registro Administrativo de la Industria Automotriz de Vehículos Ligeros. Venta de vehículos híbridos y eléctricos,Nacional,2021,10,19,7,52,317,2021-10-01,Oct,4,376
Registro Administrativo de la Industria Automotriz de Vehículos Ligeros. Venta de vehículos híbridos y eléctricos,Nacional,2021,10,20,1,1,27,2021-10-01,Oct,4,29
Registro Administrativo de la Industria Automotriz de Vehículos Ligeros. Venta de vehículos híbridos y eléctricos,Nacional,2021,10,21,2,13,102,2021-10-01,Oct,4,117
Registro Administrativo de la Industria Automotriz de Vehículos Ligeros. Venta de vehículos híbridos y eléctricos,Nacional,2021,10,22,1,16,47,2021-10-01,Oct,4,64
Registro Administrativo de la Industria Automotriz de Vehículos Ligeros. Venta de vehículos híbridos y eléctricos,Nacional,2021,10,23,0,2,35,2021-10-01,Oct,4,37
Registro Administrativo de la Industria Automotriz de Vehículos Ligeros. Venta de vehículos híbridos y eléctricos,Nacional,2021,10,24,0,10,37,2021-10-01,Oct,4,47
Registro Administrativo de la Industria Automotriz de Vehículos Ligeros. Venta de vehículos híbridos y eléctricos,Nacional,2021,10,25,1,19,116,2021-10-01,Oct,4,136
Registro Administrativo de la Industria Automotriz de Vehículos Ligeros. Venta de vehículos híbridos y eléctricos,Nacional,2021,10,26,0,1,57,2021-10-01,Oct,4,58
Registro Administrativo de la Industria Automotriz de Vehículos Ligeros. Venta de vehículos híbridos y eléctricos,Nacional,2021,10,27,0,0,19,2021-10-01,Oct,4,19
Registro Administrativo de la Industria Automotriz de Vehículos Ligeros. Venta de vehículos híbridos y eléctricos,Nacional,2021,10,28,1,1,39,2021-10-01,Oct,4,41
Registro Administrativo de la Industria Automotriz de Vehículos Ligeros. Venta de vehículos híbridos y eléctricos,Nacional,2021,10,29,0,0,3,2021-10-01,Oct,4,3
Registro Administrativo de la Industria Automotriz de Vehículos Ligeros. Venta de vehículos híbridos y eléctricos,Nacional,2021,10,30,0,10,75,2021-10-01,Oct,4,85
Registro Administrativo de la Industria Automotriz de Vehículos Ligeros. Venta de vehículos híbridos y eléctricos,Nacional,2021,10,31,2,12,64,2021-10-01,Oct,4,78
Registro Administrativo de la Industria Automotriz de Vehículos Ligeros. Venta de vehículos híbridos y eléctricos,Nacional,2021,10,32,0,1,10,2021-10-01,Oct,4,11
Registro Administrativo de la Industria Automotriz de Vehículos Ligeros. Venta de vehículos híbridos y eléctricos,Nacional,2021,10,99,0,0,0,2021-10-01,Oct,4,0
Registro Administrativo de la Industria Automotriz de Vehículos Ligeros. Venta de vehículos híbridos y eléctricos,Nacional,2021,11,1,1,2,54,2021-11-01,Nov,4,57
Registro Administrativo de la Industria Automotriz de Vehículos Ligeros. Venta de vehículos híbridos y eléctricos,Nacional,2021,11,2,2,9,80,2021-11-01,Nov,4,91
Registro Administrativo de la Industria Automotriz de Vehículos Ligeros. Venta de vehículos híbridos y eléctricos,Nacional,2021,11,3,0,3,32,2021-11-01,Nov,4,35
Registro Administrativo de la Industria Automotriz de Vehículos Ligeros. Venta de vehículos híbridos y eléctricos,Nacional,2021,11,4,0,0,20,2021-11-01,Nov,4,20
Registro Administrativo de la Industria Automotriz de Vehículos Ligeros. Venta de vehículos híbridos y eléctricos,Nacional,2021,11,5,1,14,120,2021-11-01,Nov,4,135
Registro Administrativo de la Industria Automotriz de Vehículos Ligeros. Venta de vehículos híbridos y eléctricos,Nacional,2021,11,6,0,0,21,2021-11-01,Nov,4,21
Registro Administrativo de la Industria Automotriz de Vehículos Ligeros. Venta de vehículos híbridos y eléctricos,Nacional,2021,11,7,0,2,21,2021-11-01,Nov,4,23
Registro Administrativo de la Industria Automotriz de Vehículos Ligeros. Venta de vehículos híbridos y eléctricos,Nacional,2021,11,8,1,5,87,2021-11-01,Nov,4,93
Registro Administrativo de la Industria Automotriz de Vehículos Ligeros. Venta de vehículos híbridos y eléctricos,Nacional,2021,11,9,23,154,597,2021-11-01,Nov,4,774
Registro Administrativo de la Industria Automotriz de Vehículos Ligeros. Venta de vehículos híbridos y eléctricos,Nacional,2021,11,10,0,0,29,2021-11-01,Nov,4,29
Registro Administrativo de la Industria Automotriz de Vehículos Ligeros. Venta de vehículos híbridos y eléctricos,Nacional,2021,11,11,3,23,117,2021-11-01,Nov,4,143
Registro Administrativo de la Industria Automotriz de Vehículos Ligeros. Venta de vehículos híbridos y eléctricos,Nacional,2021,11,12,0,0,14,2021-11-01,Nov,4,14
Registro Administrativo de la Industria Automotriz de Vehículos Ligeros. Venta de vehículos híbridos y eléctricos,Nacional,2021,11,13,1,6,30,2021-11-01,Nov,4,37
Registro Administrativo de la Industria Automotriz de Vehículos Ligeros. Venta de vehículos híbridos y eléctricos,Nacional,2021,11,14,14,66,305,2021-11-01,Nov,4,385
Registro Administrativo de la Industria Automotriz de Vehículos Ligeros. Venta de vehículos híbridos y eléctricos,Nacional,2021,11,15,3,58,412,2021-11-01,Nov,4,473
Registro Administrativo de la Industria Automotriz de Vehículos Ligeros. Venta de vehículos híbridos y eléctricos,Nacional,2021,11,16,1,14,85,2021-11-01,Nov,4,100
Registro Administrativo de la Industria Automotriz de Vehículos Ligeros. Venta de vehículos híbridos y eléctricos,Nacional,2021,11,17,1,16,55,2021-11-01,Nov,4,72
Registro Administrativo de la Industria Automotriz de Vehículos Ligeros. Venta de vehículos híbridos y eléctricos,Nacional,2021,11,18,0,0,14,2021-11-01,Nov,4,14
Registro Administrativo de la Industria Automotriz de Vehículos Ligeros. Venta de vehículos híbridos y eléctricos,Nacional,2021,11,19,6,41,379,2021-11-01,Nov,4,426
Registro Administrativo de la Industria Automotriz de Vehículos Ligeros. Venta de vehículos híbridos y eléctricos,Nacional,2021,11,20,0,4,25,2021-11-01,Nov,4,29
Registro Administrativo de la Industria Automotriz de Vehículos Ligeros. Venta de vehículos híbridos y eléctricos,Nacional,2021,11,21,4,16,109,2021-11-01,Nov,4,129
Registro Administrativo de la Industria Automotriz de Vehículos Ligeros. Venta de vehículos híbridos y eléctricos,Nacional,2021,11,22,2,17,39,2021-11-01,Nov,4,58
Registro Administrativo de la Industria Automotriz de Vehículos Ligeros. Venta de vehículos híbridos y eléctricos,Nacional,2021,11,23,1,2,43,2021-11-01,Nov,4,46
Registro Administrativo de la Industria Automotriz de Vehículos Ligeros. Venta de vehículos híbridos y eléctricos,Nacional,2021,11,24,0,18,57,2021-11-01,Nov,4,75
Registro Administrativo de la Industria Automotriz de Vehículos Ligeros. Venta de vehículos híbridos y eléctricos,Nacional,2021,11,25,1,14,170,2021-11-01,Nov,4,185
Registro Administrativo de la Industria Automotriz de Vehículos Ligeros. Venta de vehículos híbridos y eléctricos,Nacional,2021,11,26,1,2,66,2021-11-01,Nov,4,69
Registro Administrativo de la Industria Automotriz de Vehículos Ligeros. Venta de vehículos híbridos y eléctricos,Nacional,2021,11,27,0,0,17,2021-11-01,Nov,4,17
Registro Administrativo de la Industria Automotriz de Vehículos Ligeros. Venta de vehículos híbridos y eléctricos,Nacional,2021,11,28,0,1,46,2021-11-01,Nov,4,47
Registro Administrativo de la Industria Automotriz de Vehículos Ligeros. Venta de vehículos híbridos y eléctricos,Nacional,2021,11,29,0,0,11,2021-11-01,Nov,4,11
Registro Administrativo de la Industria Automotriz de Vehículos Ligeros. Venta de vehículos híbridos y eléctricos,Nacional,2021,11,30,3,5,96,2021-11-01,Nov,4,104
Registro Administrativo de la Industria Automotriz de Vehículos Ligeros. Venta de vehículos híbridos y eléctricos,Nacional,2021,11,31,1,6,52,2021-11-01,Nov,4,59
Registro Administrativo de la Industria Automotriz de Vehículos Ligeros. Venta de vehículos híbridos y eléctricos,Nacional,2021,11,32,0,0,4,2021-11-01,Nov,4,4
Registro Administrativo de la Industria Automotriz de Vehículos Ligeros. Venta de vehículos híbridos y eléctricos,Nacional,2021,11,99,0,0,0,2021-11-01,Nov,4,0
Registro Administrativo de la Industria Automotriz de Vehículos Ligeros. Venta de vehículos híbridos y eléctricos,Nacional,2021,12,1,0,4,37,2021-12-01,Dec,4,41
Registro Administrativo de la Industria Automotriz de Vehículos Ligeros. Venta de vehículos híbridos y eléctricos,Nacional,2021,12,2,2,19,92,2021-12-01,Dec,4,113
Registro Administrativo de la Industria Automotriz de Vehículos Ligeros. Venta de vehículos híbridos y eléctricos,Nacional,2021,12,3,0,1,25,2021-12-01,Dec,4,26
Registro Administrativo de la Industria Automotriz de Vehículos Ligeros. Venta de vehículos híbridos y eléctricos,Nacional,2021,12,4,0,0,12,2021-12-01,Dec,4,12
Registro Administrativo de la Industria Automotriz de Vehículos Ligeros. Venta de vehículos híbridos y eléctricos,Nacional,2021,12,5,1,11,107,2021-12-01,Dec,4,119
Registro Administrativo de la Industria Automotriz de Vehículos Ligeros. Venta de vehículos híbridos y eléctricos,Nacional,2021,12,6,0,0,23,2021-12-01,Dec,4,23
Registro Administrativo de la Industria Automotriz de Vehículos Ligeros. Venta de vehículos híbridos y eléctricos,Nacional,2021,12,7,1,2,26,2021-12-01,Dec,4,29
Registro Administrativo de la Industria Automotriz de Vehículos Ligeros. Venta de vehículos híbridos y eléctricos,Nacional,2021,12,8,1,8,80,2021-12-01,Dec,4,89
Registro Administrativo de la Industria Automotriz de Vehículos Ligeros. Venta de vehículos híbridos y eléctricos,Nacional,2021,12,9,96,128,701,2021-12-01,Dec,4,925
Registro Administrativo de la Industria Automotriz de Vehículos Ligeros. Venta de vehículos híbridos y eléctricos,Nacional,2021,12,10,0,0,18,2021-12-01,Dec,4,18
Registro Administrativo de la Industria Automotriz de Vehículos Ligeros. Venta de vehículos híbridos y eléctricos,Nacional,2021,12,11,3,21,116,2021-12-01,Dec,4,140
Registro Administrativo de la Industria Automotriz de Vehículos Ligeros. Venta de vehículos híbridos y eléctricos,Nacional,2021,12,12,0,0,18,2021-12-01,Dec,4,18
Registro Administrativo de la Industria Automotriz de Vehículos Ligeros. Venta de vehículos híbridos y eléctricos,Nacional,2021,12,13,0,6,37,2021-12-01,Dec,4,43
Registro Administrativo de la Industria Automotriz de Vehículos Ligeros. Venta de vehículos híbridos y eléctricos,Nacional,2021,12,14,36,58,237,2021-12-01,Dec,4,331
Registro Administrativo de la Industria Automotriz de Vehículos Ligeros. Venta de vehículos híbridos y eléctricos,Nacional,2021,12,15,124,43,454,2021-12-01,Dec,4,621
Registro Administrativo de la Industria Automotriz de Vehículos Ligeros. Venta de vehículos híbridos y eléctricos,Nacional,2021,12,16,2,14,86,2021-12-01,Dec,4,102
Registro Administrativo de la Industria Automotriz de Vehículos Ligeros. Venta de vehículos híbridos y eléctricos,Nacional,2021,12,17,3,9,97,2021-12-01,Dec,4,109
Registro Administrativo de la Industria Automotriz de Vehículos Ligeros. Venta de vehículos híbridos y eléctricos,Nacional,2021,12,18,0,0,2,2021-12-01,Dec,4,2
Registro Administrativo de la Industria Automotriz de Vehículos Ligeros. Venta de vehículos híbridos y eléctricos,Nacional,2021,12,19,12,69,401,2021-12-01,Dec,4,482
Registro Administrativo de la Industria Automotriz de Vehículos Ligeros. Venta de vehículos híbridos y eléctricos,Nacional,2021,12,20,0,1,21,2021-12-01,Dec,4,22
Registro Administrativo de la Industria Automotriz de Vehículos Ligeros. Venta de vehículos híbridos y eléctricos,Nacional,2021,12,21,4,19,119,2021-12-01,Dec,4,142
Registro Administrativo de la Industria Automotriz de Vehículos Ligeros. Venta de vehículos híbridos y eléctricos,Nacional,2021,12,22,7,17,53,2021-12-01,Dec,4,77
Registro Administrativo de la Industria Automotriz de Vehículos Ligeros. Venta de vehículos híbridos y eléctricos,Nacional,2021,12,23,2,3,45,2021-12-01,Dec,4,50
Registro Administrativo de la Industria Automotriz de Vehículos Ligeros. Venta de vehículos híbridos y eléctricos,Nacional,2021,12,24,2,10,45,2021-12-01,Dec,4,57
Registro Administrativo de la Industria Automotriz de Vehículos Ligeros. Venta de vehículos híbridos y eléctricos,Nacional,2021,12,25,2,17,142,2021-12-01,Dec,4,161
Registro Administrativo de la Industria Automotriz de Vehículos Ligeros. Venta de vehículos híbridos y eléctricos,Nacional,2021,12,26,1,7,71,2021-12-01,Dec,4,79
Registro Administrativo de la Industria Automotriz de Vehículos Ligeros. Venta de vehículos híbridos y eléctricos,Nacional,2021,12,27,0,0,21,2021-12-01,Dec,4,21
Registro Administrativo de la Industria Automotriz de Vehículos Ligeros. Venta de vehículos híbridos y eléctricos,Nacional,2021,12,28,0,1,39,2021-12-01,Dec,4,40
Registro Administrativo de la Industria Automotriz de Vehículos Ligeros. Venta de vehículos híbridos y eléctricos,Nacional,2021,12,29,0,0,24,2021-12-01,Dec,4,24
Registro Administrativo de la Industria Automotriz de Vehículos Ligeros. Venta de vehículos híbridos y eléctricos,Nacional,2021,12,30,3,5,110,2021-12-01,Dec,4,118
Registro Administrativo de la Industria Automotriz de Vehículos Ligeros. Venta de vehículos híbridos y eléctricos,Nacional,2021,12,31,0,6,54,2021-12-01,Dec,4,60
Registro Administrativo de la Industria Automotriz de Vehículos Ligeros. Venta de vehículos híbridos y eléctricos,Nacional,2021,12,32,0,0,16,2021-12-01,Dec,4,16
Registro Administrativo de la Industria Automotriz de Vehículos Ligeros. Venta de vehículos híbridos y eléctricos,Nacional,2021,12,99,0,0,0,2021-12-01,Dec,4,0
Registro Administrativo de la Industria Automotriz de Vehículos Ligeros. Venta de vehículos híbridos y eléctricos,Nacional,2024,1,1,14,6,86,2024-01-01,Jan,1,106
Registro Administrativo de la Industria Automotriz de Vehículos Ligeros. Venta de vehículos híbridos y eléctricos,Nacional,2024,1,2,12,8,123,2024-01-01,Jan,1,143
Registro Administrativo de la Industria Automotriz de Vehículos Ligeros. Venta de vehículos híbridos y eléctricos,Nacional,2024,1,3,3,2,60,2024-01-01,Jan,1,65
Registro Administrativo de la Industria Automotriz de Vehículos Ligeros. Venta de vehículos híbridos y eléctricos,Nacional,2024,1,4,3,0,48,2024-01-01,Jan,1,51
Registro Administrativo de la Industria Automotriz de Vehículos Ligeros. Venta de vehículos híbridos y eléctricos,Nacional,2024,1,5,14,15,157,2024-01-01,Jan,1,186
Registro Administrativo de la Industria Automotriz de Vehículos Ligeros. Venta de vehículos híbridos y eléctricos,Nacional,2024,1,6,2,0,79,2024-01-01,Jan,1,81
Registro Administrativo de la Industria Automotriz de Vehículos Ligeros. Venta de vehículos híbridos y eléctricos,Nacional,2024,1,7,8,2,53,2024-01-01,Jan,1,63
Registro Administrativo de la Industria Automotriz de Vehículos Ligeros. Venta de vehículos híbridos y eléctricos,Nacional,2024,1,8,13,3,107,2024-01-01,Jan,1,123
Registro Administrativo de la Industria Automotriz de Vehículos Ligeros. Venta de vehículos híbridos y eléctricos,Nacional,2024,1,9,630,170,1276,2024-01-01,Jan,1,2076
Registro Administrativo de la Industria Automotriz de Vehículos Ligeros. Venta de vehículos híbridos y eléctricos,Nacional,2024,1,10,6,0,38,2024-01-01,Jan,1,44
Registro Administrativo de la Industria Automotriz de Vehículos Ligeros. Venta de vehículos híbridos y eléctricos,Nacional,2024,1,11,32,21,194,2024-01-01,Jan,1,247
Registro Administrativo de la Industria Automotriz de Vehículos Ligeros. Venta de vehículos híbridos y eléctricos,Nacional,2024,1,12,2,0,38,2024-01-01,Jan,1,40
Registro Administrativo de la Industria Automotriz de Vehículos Ligeros. Venta de vehículos híbridos y eléctricos,Nacional,2024,1,13,11,3,91,2024-01-01,Jan,1,105
Registro Administrativo de la Industria Automotriz de Vehículos Ligeros. Venta de vehículos híbridos y eléctricos,Nacional,2024,1,14,71,50,593,2024-01-01,Jan,1,714
Registro Administrativo de la Industria Automotriz de Vehículos Ligeros. Venta de vehículos híbridos y eléctricos,Nacional,2024,1,15,228,39,727,2024-01-01,Jan,1,994
Registro Administrativo de la Industria Automotriz de Vehículos Ligeros. Venta de vehículos híbridos y eléctricos,Nacional,2024,1,16,26,9,171,2024-01-01,Jan,1,206
Registro Administrativo de la Industria Automotriz de Vehículos Ligeros. Venta de vehículos híbridos y eléctricos,Nacional,2024,1,17,7,8,119,2024-01-01,Jan,1,134
Registro Administrativo de la Industria Automotriz de Vehículos Ligeros. Venta de vehículos híbridos y eléctricos,Nacional,2024,1,18,3,0,15,2024-01-01,Jan,1,18
Registro Administrativo de la Industria Automotriz de Vehículos Ligeros. Venta de vehículos híbridos y eléctricos,Nacional,2024,1,19,51,28,675,2024-01-01,Jan,1,754
Registro Administrativo de la Industria Automotriz de Vehículos Ligeros. Venta de vehículos híbridos y eléctricos,Nacional,2024,1,20,7,2,64,2024-01-01,Jan,1,73
Registro Administrativo de la Industria Automotriz de Vehículos Ligeros. Venta de vehículos híbridos y eléctricos,Nacional,2024,1,21,28,26,244,2024-01-01,Jan,1,298
Registro Administrativo de la Industria Automotriz de Vehículos Ligeros. Venta de vehículos híbridos y eléctricos,Nacional,2024,1,22,21,16,159,2024-01-01,Jan,1,196
Registro Administrativo de la Industria Automotriz de Vehículos Ligeros. Venta de vehículos híbridos y eléctricos,Nacional,2024,1,23,11,6,127,2024-01-01,Jan,1,144
Registro Administrativo de la Industria Automotriz de Vehículos Ligeros. Venta de vehículos híbridos y eléctricos,Nacional,2024,1,24,16,6,88,2024-01-01,Jan,1,110
Registro Administrativo de la Industria Automotriz de Vehículos Ligeros. Venta de vehículos híbridos y eléctricos,Nacional,2024,1,25,14,11,180,2024-01-01,Jan,1,205
Registro Administrativo de la Industria Automotriz de Vehículos Ligeros. Venta de vehículos híbridos y eléctricos,Nacional,2024,1,26,17,2,122,2024-01-01,Jan,1,141
Registro Administrativo de la Industria Automotriz de Vehículos Ligeros. Venta de vehículos híbridos y eléctricos,Nacional,2024,1,27,9,4,67,2024-01-01,Jan,1,80
Registro Administrativo de la Industria Automotriz de Vehículos Ligeros. Venta de vehículos híbridos y eléctricos,Nacional,2024,1,28,9,0,107,2024-01-01,Jan,1,116
Registro Administrativo de la Industria Automotriz de Vehículos Ligeros. Venta de vehículos híbridos y eléctricos,Nacional,2024,1,29,2,0,30,2024-01-01,Jan,1,32
Registro Administrativo de la Industria Automotriz de Vehículos Ligeros. Venta de vehículos híbridos y eléctricos,Nacional,2024,1,30,20,8,200,2024-01-01,Jan,1,228
Registro Administrativo de la Industria Automotriz de Vehículos Ligeros. Venta de vehículos híbridos y eléctricos,Nacional,2024,1,31,31,9,172,2024-01-01,Jan,1,212
Registro Administrativo de la Industria Automotriz de Vehículos Ligeros. Venta de vehículos híbridos y eléctricos,Nacional,2024,1,32,3,0,32,2024-01-01,Jan,1,35
Registro Administrativo de la Industria Automotriz de Vehículos Ligeros. Venta de vehículos híbridos y eléctricos,Nacional,2024,1,99,1,0,2,2024-01-01,Jan,1,3
Registro Administrativo de la Industria Automotriz de Vehículos Ligeros. Venta de vehículos híbridos y eléctricos,Nacional,2024,2,1,17,6,65,2024-02-01,Feb,1,88
Registro Administrativo de la Industria Automotriz de Vehículos Ligeros. Venta de vehículos híbridos y eléctricos,Nacional,2024,2,2,18,9,132,2024-02-01,Feb,1,159
Registro Administrativo de la Industria Automotriz de Vehículos Ligeros. Venta de vehículos híbridos y eléctricos,Nacional,2024,2,3,6,0,47,2024-02-01,Feb,1,53
Registro Administrativo de la Industria Automotriz de Vehículos Ligeros. Venta de vehículos híbridos y eléctricos,Nacional,2024,2,4,2,0,39,2024-02-01,Feb,1,41
Registro Administrativo de la Industria Automotriz de Vehículos Ligeros. Venta de vehículos híbridos y eléctricos,Nacional,2024,2,5,13,18,140,2024-02-01,Feb,1,171
Registro Administrativo de la Industria Automotriz de Vehículos Ligeros. Venta de vehículos híbridos y eléctricos,Nacional,2024,2,6,5,0,15,2024-02-01,Feb,1,20
Registro Administrativo de la Industria Automotriz de Vehículos Ligeros. Venta de vehículos híbridos y eléctricos,Nacional,2024,2,7,2,1,54,2024-02-01,Feb,1,57
Registro Administrativo de la Industria Automotriz de Vehículos Ligeros. Venta de vehículos híbridos y eléctricos,Nacional,2024,2,8,12,6,123,2024-02-01,Feb,1,141
Registro Administrativo de la Industria Automotriz de Vehículos Ligeros. Venta de vehículos híbridos y eléctricos,Nacional,2024,2,9,489,170,1253,2024-02-01,Feb,1,1912
Registro Administrativo de la Industria Automotriz de Vehículos Ligeros. Venta de vehículos híbridos y eléctricos,Nacional,2024,2,10,3,0,51,2024-02-01,Feb,1,54
Registro Administrativo de la Industria Automotriz de Vehículos Ligeros. Venta de vehículos híbridos y eléctricos,Nacional,2024,2,11,54,23,226,2024-02-01,Feb,1,303
Registro Administrativo de la Industria Automotriz de Vehículos Ligeros. Venta de vehículos híbridos y eléctricos,Nacional,2024,2,12,3,0,31,2024-02-01,Feb,1,34
Registro Administrativo de la Industria Automotriz de Vehículos Ligeros. Venta de vehículos híbridos y eléctricos,Nacional,2024,2,13,16,4,62,2024-02-01,Feb,1,82
Registro Administrativo de la Industria Automotriz de Vehículos Ligeros. Venta de vehículos híbridos y eléctricos,Nacional,2024,2,14,81,46,559,2024-02-01,Feb,1,686
Registro Administrativo de la Industria Automotriz de Vehículos Ligeros. Venta de vehículos híbridos y eléctricos,Nacional,2024,2,15,437,41,849,2024-02-01,Feb,1,1327
Registro Administrativo de la Industria Automotriz de Vehículos Ligeros. Venta de vehículos híbridos y eléctricos,Nacional,2024,2,16,23,9,135,2024-02-01,Feb,1,167
Registro Administrativo de la Industria Automotriz de Vehículos Ligeros. Venta de vehículos híbridos y eléctricos,Nacional,2024,2,17,20,7,77,2024-02-01,Feb,1,104
Registro Administrativo de la Industria Automotriz de Vehículos Ligeros. Venta de vehículos híbridos y eléctricos,Nacional,2024,2,18,2,1,13,2024-02-01,Feb,1,16
Registro Administrativo de la Industria Automotriz de Vehículos Ligeros. Venta de vehículos híbridos y eléctricos,Nacional,2024,2,19,89,29,623,2024-02-01,Feb,1,741
Registro Administrativo de la Industria Automotriz de Vehículos Ligeros. Venta de vehículos híbridos y eléctricos,Nacional,2024,2,20,8,1,62,2024-02-01,Feb,1,71
Registro Administrativo de la Industria Automotriz de Vehículos Ligeros. Venta de vehículos híbridos y eléctricos,Nacional,2024,2,21,36,17,216,2024-02-01,Feb,1,269
Registro Administrativo de la Industria Automotriz de Vehículos Ligeros. Venta de vehículos híbridos y eléctricos,Nacional,2024,2,22,35,20,109,2024-02-01,Feb,1,164
Registro Administrativo de la Industria Automotriz de Vehículos Ligeros. Venta de vehículos híbridos y eléctricos,Nacional,2024,2,23,7,6,115,2024-02-01,Feb,1,128
Registro Administrativo de la Industria Automotriz de Vehículos Ligeros. Venta de vehículos híbridos y eléctricos,Nacional,2024,2,24,18,14,85,2024-02-01,Feb,1,117
Registro Administrativo de la Industria Automotriz de Vehículos Ligeros. Venta de vehículos híbridos y eléctricos,Nacional,2024,2,25,23,8,191,2024-02-01,Feb,1,222
Registro Administrativo de la Industria Automotriz de Vehículos Ligeros. Venta de vehículos híbridos y eléctricos,Nacional,2024,2,26,16,2,108,2024-02-01,Feb,1,126
Registro Administrativo de la Industria Automotriz de Vehículos Ligeros. Venta de vehículos híbridos y eléctricos,Nacional,2024,2,27,7,1,65,2024-02-01,Feb,1,73
Registro Administrativo de la Industria Automotriz de Vehículos Ligeros. Venta de vehículos híbridos y eléctricos,Nacional,2024,2,28,10,6,120,2024-02-01,Feb,1,136
Registro Administrativo de la Industria Automotriz de Vehículos Ligeros. Venta de vehículos híbridos y eléctricos,Nacional,2024,2,29,11,0,23,2024-02-01,Feb,1,34
Registro Administrativo de la Industria Automotriz de Vehículos Ligeros. Venta de vehículos híbridos y eléctricos,Nacional,2024,2,30,25,9,181,2024-02-01,Feb,1,215
Registro Administrativo de la Industria Automotriz de Vehículos Ligeros. Venta de vehículos híbridos y eléctricos,Nacional,2024,2,31,13,8,162,2024-02-01,Feb,1,183
Registro Administrativo de la Industria Automotriz de Vehículos Ligeros. Venta de vehículos híbridos y eléctricos,Nacional,2024,2,32,5,2,27,2024-02-01,Feb,1,34
Registro Administrativo de la Industria Automotriz de Vehículos Ligeros. Venta de vehículos híbridos y eléctricos,Nacional,2024,2,99,0,0,6,2024-02-01,Feb,1,6
Registro Administrativo de la Industria Automotriz de Vehículos Ligeros. Venta de vehículos híbridos y eléctricos,Nacional,2024,3,1,27,8,82,2024-03-01,Mar,1,117
Registro Administrativo de la Industria Automotriz de Vehículos Ligeros. Venta de vehículos híbridos y eléctricos,Nacional,2024,3,2,39,6,148,2024-03-01,Mar,1,193
Registro Administrativo de la Industria Automotriz de Vehículos Ligeros. Venta de vehículos híbridos y eléctricos,Nacional,2024,3,3,8,1,40,2024-03-01,Mar,1,49
Registro Administrativo de la Industria Automotriz de Vehículos Ligeros. Venta de vehículos híbridos y eléctricos,Nacional,2024,3,4,6,0,52,2024-03-01,Mar,1,58
Registro Administrativo de la Industria Automotriz de Vehículos Ligeros. Venta de vehículos híbridos y eléctricos,Nacional,2024,3,5,44,14,125,2024-03-01,Mar,1,183
Registro Administrativo de la Industria Automotriz de Vehículos Ligeros. Venta de vehículos híbridos y eléctricos,Nacional,2024,3,6,15,1,72,2024-03-01,Mar,1,88
Registro Administrativo de la Industria Automotriz de Vehículos Ligeros. Venta de vehículos híbridos y eléctricos,Nacional,2024,3,7,19,1,73,2024-03-01,Mar,1,93
Registro Administrativo de la Industria Automotriz de Vehículos Ligeros. Venta de vehículos híbridos y eléctricos,Nacional,2024,3,8,31,5,126,2024-03-01,Mar,1,162
Registro Administrativo de la Industria Automotriz de Vehículos Ligeros. Venta de vehículos híbridos y eléctricos,Nacional,2024,3,9,986,160,1503,2024-03-01,Mar,1,2649
Registro Administrativo de la Industria Automotriz de Vehículos Ligeros. Venta de vehículos híbridos y eléctricos,Nacional,2024,3,10,11,0,47,2024-03-01,Mar,1,58
Registro Administrativo de la Industria Automotriz de Vehículos Ligeros. Venta de vehículos híbridos y eléctricos,Nacional,2024,3,11,50,12,266,2024-03-01,Mar,1,328
Registro Administrativo de la Industria Automotriz de Vehículos Ligeros. Venta de vehículos híbridos y eléctricos,Nacional,2024,3,12,15,1,38,2024-03-01,Mar,1,54
Registro Administrativo de la Industria Automotriz de Vehículos Ligeros. Venta de vehículos híbridos y eléctricos,Nacional,2024,3,13,16,6,71,2024-03-01,Mar,1,93
Registro Administrativo de la Industria Automotriz de Vehículos Ligeros. Venta de vehículos híbridos y eléctricos,Nacional,2024,3,14,154,42,655,2024-03-01,Mar,1,851
Registro Administrativo de la Industria Automotriz de Vehículos Ligeros. Venta de vehículos híbridos y eléctricos,Nacional,2024,3,15,288,49,903,2024-03-01,Mar,1,1240
Registro Administrativo de la Industria Automotriz de Vehículos Ligeros. Venta de vehículos híbridos y eléctricos,Nacional,2024,3,16,30,2,158,2024-03-01,Mar,1,190
Registro Administrativo de la Industria Automotriz de Vehículos Ligeros. Venta de vehículos híbridos y eléctricos,Nacional,2024,3,17,29,6,65,2024-03-01,Mar,1,100
Registro Administrativo de la Industria Automotriz de Vehículos Ligeros. Venta de vehículos híbridos y eléctricos,Nacional,2024,3,18,6,1,16,2024-03-01,Mar,1,23
Registro Administrativo de la Industria Automotriz de Vehículos Ligeros. Venta de vehículos híbridos y eléctricos,Nacional,2024,3,19,112,34,837,2024-03-01,Mar,1,983
Registro Administrativo de la Industria Automotriz de Vehículos Ligeros. Venta de vehículos híbridos y eléctricos,Nacional,2024,3,20,20,0,62,2024-03-01,Mar,1,82
Registro Administrativo de la Industria Automotriz de Vehículos Ligeros. Venta de vehículos híbridos y eléctricos,Nacional,2024,3,21,60,16,277,2024-03-01,Mar,1,353
Registro Administrativo de la Industria Automotriz de Vehículos Ligeros. Venta de vehículos híbridos y eléctricos,Nacional,2024,3,22,57,11,133,2024-03-01,Mar,1,201
Registro Administrativo de la Industria Automotriz de Vehículos Ligeros. Venta de vehículos híbridos y eléctricos,Nacional,2024,3,23,23,3,129,2024-03-01,Mar,1,155
Registro Administrativo de la Industria Automotriz de Vehículos Ligeros. Venta de vehículos híbridos y eléctricos,Nacional,2024,3,24,13,8,128,2024-03-01,Mar,1,149
Registro Administrativo de la Industria Automotriz de Vehículos Ligeros. Venta de vehículos híbridos y eléctricos,Nacional,2024,3,25,33,10,203,2024-03-01,Mar,1,246
Registro Administrativo de la Industria Automotriz de Vehículos Ligeros. Venta de vehículos híbridos y eléctricos,Nacional,2024,3,26,46,5,93,2024-03-01,Mar,1,144
Registro Administrativo de la Industria Automotriz de Vehículos Ligeros. Venta de vehículos híbridos y eléctricos,Nacional,2024,3,27,10,1,52,2024-03-01,Mar,1,63
Registro Administrativo de la Industria Automotriz de Vehículos Ligeros. Venta de vehículos híbridos y eléctricos,Nacional,2024,3,28,36,5,102,2024-03-01,Mar,1,143
Registro Administrativo de la Industria Automotriz de Vehículos Ligeros. Venta de vehículos híbridos y eléctricos,Nacional,2024,3,29,6,1,43,2024-03-01,Mar,1,50
Registro Administrativo de la Industria Automotriz de Vehículos Ligeros. Venta de vehículos híbridos y eléctricos,Nacional,2024,3,30,61,8,215,2024-03-01,Mar,1,284
Registro Administrativo de la Industria Automotriz de Vehículos Ligeros. Venta de vehículos híbridos y eléctricos,Nacional,2024,3,31,22,7,224,2024-03-01,Mar,1,253
Registro Administrativo de la Industria Automotriz de Vehículos Ligeros. Venta de vehículos híbridos y eléctricos,Nacional,2024,3,32,6,0,33,2024-03-01,Mar,1,39
Registro Administrativo de la Industria Automotriz de Vehículos Ligeros. Venta de vehículos híbridos y eléctricos,Nacional,2024,3,99,2,2,2,2024-03-01,Mar,1,6
Registro Administrativo de la Industria Automotriz de Vehículos Ligeros. Venta de vehículos híbridos y eléctricos,Nacional,2024,4,1,21,9,104,2024-04-01,Apr,2,134
Registro Administrativo de la Industria Automotriz de Vehículos Ligeros. Venta de vehículos híbridos y eléctricos,Nacional,2024,4,2,35,8,152,2024-04-01,Apr,2,195
Registro Administrativo de la Industria Automotriz de Vehículos Ligeros. Venta de vehículos híbridos y eléctricos,Nacional,2024,4,3,3,0,46,2024-04-01,Apr,2,49
Registro Administrativo de la Industria Automotriz de Vehículos Ligeros. Venta de vehículos híbridos y eléctricos,Nacional,2024,4,4,5,1,39,2024-04-01,Apr,2,45
Registro Administrativo de la Industria Automotriz de Vehículos Ligeros. Venta de vehículos híbridos y eléctricos,Nacional,2024,4,5,26,25,127,2024-04-01,Apr,2,178
Registro Administrativo de la Industria Automotriz de Vehículos Ligeros. Venta de vehículos híbridos y eléctricos,Nacional,2024,4,6,6,0,62,2024-04-01,Apr,2,68
Registro Administrativo de la Industria Automotriz de Vehículos Ligeros. Venta de vehículos híbridos y eléctricos,Nacional,2024,4,7,8,4,55,2024-04-01,Apr,2,67
Registro Administrativo de la Industria Automotriz de Vehículos Ligeros. Venta de vehículos híbridos y eléctricos,Nacional,2024,4,8,26,12,111,2024-04-01,Apr,2,149
Registro Administrativo de la Industria Automotriz de Vehículos Ligeros. Venta de vehículos híbridos y eléctricos,Nacional,2024,4,9,680,298,1498,2024-04-01,Apr,2,2476
Registro Administrativo de la Industria Automotriz de Vehículos Ligeros. Venta de vehículos híbridos y eléctricos,Nacional,2024,4,10,4,0,29,2024-04-01,Apr,2,33
Registro Administrativo de la Industria Automotriz de Vehículos Ligeros. Venta de vehículos híbridos y eléctricos,Nacional,2024,4,11,40,33,167,2024-04-01,Apr,2,240
Registro Administrativo de la Industria Automotriz de Vehículos Ligeros. Venta de vehículos híbridos y eléctricos,Nacional,2024,4,12,7,1,36,2024-04-01,Apr,2,44
Registro Administrativo de la Industria Automotriz de Vehículos Ligeros. Venta de vehículos híbridos y eléctricos,Nacional,2024,4,13,8,2,76,2024-04-01,Apr,2,86
Registro Administrativo de la Industria Automotriz de Vehículos Ligeros. Venta de vehículos híbridos y eléctricos,Nacional,2024,4,14,106,62,560,2024-04-01,Apr,2,728
Registro Administrativo de la Industria Automotriz de Vehículos Ligeros. Venta de vehículos híbridos y eléctricos,Nacional,2024,4,15,424,58,865,2024-04-01,Apr,2,1347
Registro Administrativo de la Industria Automotriz de Vehículos Ligeros. Venta de vehículos híbridos y eléctricos,Nacional,2024,4,16,22,14,151,2024-04-01,Apr,2,187
Registro Administrativo de la Industria Automotriz de Vehículos Ligeros. Venta de vehículos híbridos y eléctricos,Nacional,2024,4,17,17,11,94,2024-04-01,Apr,2,122
Registro Administrativo de la Industria Automotriz de Vehículos Ligeros. Venta de vehículos híbridos y eléctricos,Nacional,2024,4,18,10,0,14,2024-04-01,Apr,2,24
Registro Administrativo de la Industria Automotriz de Vehículos Ligeros. Venta de vehículos híbridos y eléctricos,Nacional,2024,4,19,120,80,633,2024-04-01,Apr,2,833
Registro Administrativo de la Industria Automotriz de Vehículos Ligeros. Venta de vehículos híbridos y eléctricos,Nacional,2024,4,20,11,6,44,2024-04-01,Apr,2,61
Registro Administrativo de la Industria Automotriz de Vehículos Ligeros. Venta de vehículos híbridos y eléctricos,Nacional,2024,4,21,34,35,270,2024-04-01,Apr,2,339
Registro Administrativo de la Industria Automotriz de Vehículos Ligeros. Venta de vehículos híbridos y eléctricos,Nacional,2024,4,22,81,31,168,2024-04-01,Apr,2,280
Registro Administrativo de la Industria Automotriz de Vehículos Ligeros. Venta de vehículos híbridos y eléctricos,Nacional,2024,4,23,10,11,158,2024-04-01,Apr,2,179
Registro Administrativo de la Industria Automotriz de Vehículos Ligeros. Venta de vehículos híbridos y eléctricos,Nacional,2024,4,24,9,17,86,2024-04-01,Apr,2,112
Registro Administrativo de la Industria Automotriz de Vehículos Ligeros. Venta de vehículos híbridos y eléctricos,Nacional,2024,4,25,40,12,162,2024-04-01,Apr,2,214
Registro Administrativo de la Industria Automotriz de Vehículos Ligeros. Venta de vehículos híbridos y eléctricos,Nacional,2024,4,26,13,7,115,2024-04-01,Apr,2,135
Registro Administrativo de la Industria Automotriz de Vehículos Ligeros. Venta de vehículos híbridos y eléctricos,Nacional,2024,4,27,8,5,61,2024-04-01,Apr,2,74
Registro Administrativo de la Industria Automotriz de Vehículos Ligeros. Venta de vehículos híbridos y eléctricos,Nacional,2024,4,28,11,1,105,2024-04-01,Apr,2,117
Registro Administrativo de la Industria Automotriz de Vehículos Ligeros. Venta de vehículos híbridos y eléctricos,Nacional,2024,4,29,4,0,37,2024-04-01,Apr,2,41
Registro Administrativo de la Industria Automotriz de Vehículos Ligeros. Venta de vehículos híbridos y eléctricos,Nacional,2024,4,30,31,13,173,2024-04-01,Apr,2,217
Registro Administrativo de la Industria Automotriz de Vehículos Ligeros. Venta de vehículos híbridos y eléctricos,Nacional,2024,4,31,18,16,166,2024-04-01,Apr,2,200
Registro Administrativo de la Industria Automotriz de Vehículos Ligeros. Venta de vehículos híbridos y eléctricos,Nacional,2024,4,32,2,1,22,2024-04-01,Apr,2,25
Registro Administrativo de la Industria Automotriz de Vehículos Ligeros. Venta de vehículos híbridos y eléctricos,Nacional,2024,4,99,3,2,17,2024-04-01,Apr,2,22
Registro Administrativo de la Industria Automotriz de Vehículos Ligeros. Venta de vehículos híbridos y eléctricos,Nacional,2024,5,1,29,6,52,2024-05-01,May,2,87
Registro Administrativo de la Industria Automotriz de Vehículos Ligeros. Venta de vehículos híbridos y eléctricos,Nacional,2024,5,2,36,4,85,2024-05-01,May,2,125
Registro Administrativo de la Industria Automotriz de Vehículos Ligeros. Venta de vehículos híbridos y eléctricos,Nacional,2024,5,3,4,2,36,2024-05-01,May,2,42
Registro Administrativo de la Industria Automotriz de Vehículos Ligeros. Venta de vehículos híbridos y eléctricos,Nacional,2024,5,4,3,0,44,2024-05-01,May,2,47
Registro Administrativo de la Industria Automotriz de Vehículos Ligeros. Venta de vehículos híbridos y eléctricos,Nacional,2024,5,5,40,12,117,2024-05-01,May,2,169
Registro Administrativo de la Industria Automotriz de Vehículos Ligeros. Venta de vehículos híbridos y eléctricos,Nacional,2024,5,6,8,0,32,2024-05-01,May,2,40
Registro Administrativo de la Industria Automotriz de Vehículos Ligeros. Venta de vehículos híbridos y eléctricos,Nacional,2024,5,7,4,3,41,2024-05-01,May,2,48
Registro Administrativo de la Industria Automotriz de Vehículos Ligeros. Venta de vehículos híbridos y eléctricos,Nacional,2024,5,8,12,6,125,2024-05-01,May,2,143
Registro Administrativo de la Industria Automotriz de Vehículos Ligeros. Venta de vehículos híbridos y eléctricos,Nacional,2024,5,9,1039,202,1463,2024-05-01,May,2,2704
Registro Administrativo de la Industria Automotriz de Vehículos Ligeros. Venta de vehículos híbridos y eléctricos,Nacional,2024,5,10,5,0,38,2024-05-01,May,2,43
Registro Administrativo de la Industria Automotriz de Vehículos Ligeros. Venta de vehículos híbridos y eléctricos,Nacional,2024,5,11,107,8,185,2024-05-01,May,2,300
Registro Administrativo de la Industria Automotriz de Vehículos Ligeros. Venta de vehículos híbridos y eléctricos,Nacional,2024,5,12,3,0,31,2024-05-01,May,2,34
Registro Administrativo de la Industria Automotriz de Vehículos Ligeros. Venta de vehículos híbridos y eléctricos,Nacional,2024,5,13,9,4,70,2024-05-01,May,2,83
Registro Administrativo de la Industria Automotriz de Vehículos Ligeros. Venta de vehículos híbridos y eléctricos,Nacional,2024,5,14,150,59,561,2024-05-01,May,2,770
Registro Administrativo de la Industria Automotriz de Vehículos Ligeros. Venta de vehículos híbridos y eléctricos,Nacional,2024,5,15,433,49,933,2024-05-01,May,2,1415
Registro Administrativo de la Industria Automotriz de Vehículos Ligeros. Venta de vehículos híbridos y eléctricos,Nacional,2024,5,16,41,16,82,2024-05-01,May,2,139
Registro Administrativo de la Industria Automotriz de Vehículos Ligeros. Venta de vehículos híbridos y eléctricos,Nacional,2024,5,17,37,8,68,2024-05-01,May,2,113
Registro Administrativo de la Industria Automotriz de Vehículos Ligeros. Venta de vehículos híbridos y eléctricos,Nacional,2024,5,18,7,0,13,2024-05-01,May,2,20
Registro Administrativo de la Industria Automotriz de Vehículos Ligeros. Venta de vehículos híbridos y eléctricos,Nacional,2024,5,19,178,35,562,2024-05-01,May,2,775
Registro Administrativo de la Industria Automotriz de Vehículos Ligeros. Venta de vehículos híbridos y eléctricos,Nacional,2024,5,20,10,4,47,2024-05-01,May,2,61
Registro Administrativo de la Industria Automotriz de Vehículos Ligeros. Venta de vehículos híbridos y eléctricos,Nacional,2024,5,21,95,30,194,2024-05-01,May,2,319
Registro Administrativo de la Industria Automotriz de Vehículos Ligeros. Venta de vehículos híbridos y eléctricos,Nacional,2024,5,22,89,33,119,2024-05-01,May,2,241
Registro Administrativo de la Industria Automotriz de Vehículos Ligeros. Venta de vehículos híbridos y eléctricos,Nacional,2024,5,23,22,6,134,2024-05-01,May,2,162
Registro Administrativo de la Industria Automotriz de Vehículos Ligeros. Venta de vehículos híbridos y eléctricos,Nacional,2024,5,24,30,10,76,2024-05-01,May,2,116
Registro Administrativo de la Industria Automotriz de Vehículos Ligeros. Venta de vehículos híbridos y eléctricos,Nacional,2024,5,25,35,12,164,2024-05-01,May,2,211
Registro Administrativo de la Industria Automotriz de Vehículos Ligeros. Venta de vehículos híbridos y eléctricos,Nacional,2024,5,26,10,6,98,2024-05-01,May,2,114
Registro Administrativo de la Industria Automotriz de Vehículos Ligeros. Venta de vehículos híbridos y eléctricos,Nacional,2024,5,27,4,2,70,2024-05-01,May,2,76
Registro Administrativo de la Industria Automotriz de Vehículos Ligeros. Venta de vehículos híbridos y eléctricos,Nacional,2024,5,28,15,2,105,2024-05-01,May,2,122
Registro Administrativo de la Industria Automotriz de Vehículos Ligeros. Venta de vehículos híbridos y eléctricos,Nacional,2024,5,29,0,2,28,2024-05-01,May,2,30
Registro Administrativo de la Industria Automotriz de Vehículos Ligeros. Venta de vehículos híbridos y eléctricos,Nacional,2024,5,30,61,5,155,2024-05-01,May,2,221
Registro Administrativo de la Industria Automotriz de Vehículos Ligeros. Venta de vehículos híbridos y eléctricos,Nacional,2024,5,31,50,7,162,2024-05-01,May,2,219
Registro Administrativo de la Industria Automotriz de Vehículos Ligeros. Venta de vehículos híbridos y eléctricos,Nacional,2024,5,32,1,0,17,2024-05-01,May,2,18
Registro Administrativo de la Industria Automotriz de Vehículos Ligeros. Venta de vehículos híbridos y eléctricos,Nacional,2024,5,99,5,0,1,2024-05-01,May,2,6
Registro Administrativo de la Industria Automotriz de Vehículos Ligeros. Venta de vehículos híbridos y eléctricos,Nacional,2024,6,1,36,7,85,2024-06-01,Jun,2,128
Registro Administrativo de la Industria Automotriz de Vehículos Ligeros. Venta de vehículos híbridos y eléctricos,Nacional,2024,6,2,41,15,143,2024-06-01,Jun,2,199
Registro Administrativo de la Industria Automotriz de Vehículos Ligeros. Venta de vehículos híbridos y eléctricos,Nacional,2024,6,3,6,1,59,2024-06-01,Jun,2,66
Registro Administrativo de la Industria Automotriz de Vehículos Ligeros. Venta de vehículos híbridos y eléctricos,Nacional,2024,6,4,5,0,43,2024-06-01,Jun,2,48
Registro Administrativo de la Industria Automotriz de Vehículos Ligeros. Venta de vehículos híbridos y eléctricos,Nacional,2024,6,5,49,19,152,2024-06-01,Jun,2,220
Registro Administrativo de la Industria Automotriz de Vehículos Ligeros. Venta de vehículos híbridos y eléctricos,Nacional,2024,6,6,1,0,59,2024-06-01,Jun,2,60
Registro Administrativo de la Industria Automotriz de Vehículos Ligeros. Venta de vehículos híbridos y eléctricos,Nacional,2024,6,7,6,4,62,2024-06-01,Jun,2,72
Registro Administrativo de la Industria Automotriz de Vehículos Ligeros. Venta de vehículos híbridos y eléctricos,Nacional,2024,6,8,9,6,130,2024-06-01,Jun,2,145
Registro Administrativo de la Industria Automotriz de Vehículos Ligeros. Venta de vehículos híbridos y eléctricos,Nacional,2024,6,9,1382,329,1687,2024-06-01,Jun,2,3398
Registro Administrativo de la Industria Automotriz de Vehículos Ligeros. Venta de vehículos híbridos y eléctricos,Nacional,2024,6,10,4,1,34,2024-06-01,Jun,2,39
Registro Administrativo de la Industria Automotriz de Vehículos Ligeros. Venta de vehículos híbridos y eléctricos,Nacional,2024,6,11,77,19,252,2024-06-01,Jun,2,348
Registro Administrativo de la Industria Automotriz de Vehículos Ligeros. Venta de vehículos híbridos y eléctricos,Nacional,2024,6,12,2,0,34,2024-06-01,Jun,2,36
Registro Administrativo de la Industria Automotriz de Vehículos Ligeros. Venta de vehículos híbridos y eléctricos,Nacional,2024,6,13,8,3,63,2024-06-01,Jun,2,74
Registro Administrativo de la Industria Automotriz de Vehículos Ligeros. Venta de vehículos híbridos y eléctricos,Nacional,2024,6,14,152,50,637,2024-06-01,Jun,2,839
Registro Administrativo de la Industria Automotriz de Vehículos Ligeros. Venta de vehículos híbridos y eléctricos,Nacional,2024,6,15,262,52,882,2024-06-01,Jun,2,1196
Registro Administrativo de la Industria Automotriz de Vehículos Ligeros. Venta de vehículos híbridos y eléctricos,Nacional,2024,6,16,47,10,167,2024-06-01,Jun,2,224
Registro Administrativo de la Industria Automotriz de Vehículos Ligeros. Venta de vehículos híbridos y eléctricos,Nacional,2024,6,17,45,9,82,2024-06-01,Jun,2,136
Registro Administrativo de la Industria Automotriz de Vehículos Ligeros. Venta de vehículos híbridos y eléctricos,Nacional,2024,6,18,1,1,9,2024-06-01,Jun,2,11
Registro Administrativo de la Industria Automotriz de Vehículos Ligeros. Venta de vehículos híbridos y eléctricos,Nacional,2024,6,19,116,42,802,2024-06-01,Jun,2,960
Registro Administrativo de la Industria Automotriz de Vehículos Ligeros. Venta de vehículos híbridos y eléctricos,Nacional,2024,6,20,5,3,65,2024-06-01,Jun,2,73
Registro Administrativo de la Industria Automotriz de Vehículos Ligeros. Venta de vehículos híbridos y eléctricos,Nacional,2024,6,21,98,15,249,2024-06-01,Jun,2,362
Registro Administrativo de la Industria Automotriz de Vehículos Ligeros. Venta de vehículos híbridos y eléctricos,Nacional,2024,6,22,83,29,151,2024-06-01,Jun,2,263
Registro Administrativo de la Industria Automotriz de Vehículos Ligeros. Venta de vehículos híbridos y eléctricos,Nacional,2024,6,23,27,8,121,2024-06-01,Jun,2,156
Registro Administrativo de la Industria Automotriz de Vehículos Ligeros. Venta de vehículos híbridos y eléctricos,Nacional,2024,6,24,20,13,121,2024-06-01,Jun,2,154
Registro Administrativo de la Industria Automotriz de Vehículos Ligeros. Venta de vehículos híbridos y eléctricos,Nacional,2024,6,25,37,11,183,2024-06-01,Jun,2,231
Registro Administrativo de la Industria Automotriz de Vehículos Ligeros. Venta de vehículos híbridos y eléctricos,Nacional,2024,6,26,9,3,140,2024-06-01,Jun,2,152
Registro Administrativo de la Industria Automotriz de Vehículos Ligeros. Venta de vehículos híbridos y eléctricos,Nacional,2024,6,27,5,6,62,2024-06-01,Jun,2,73
Registro Administrativo de la Industria Automotriz de Vehículos Ligeros. Venta de vehículos híbridos y eléctricos,Nacional,2024,6,28,10,3,109,2024-06-01,Jun,2,122
Registro Administrativo de la Industria Automotriz de Vehículos Ligeros. Venta de vehículos híbridos y eléctricos,Nacional,2024,6,29,7,0,45,2024-06-01,Jun,2,52
Registro Administrativo de la Industria Automotriz de Vehículos Ligeros. Venta de vehículos híbridos y eléctricos,Nacional,2024,6,30,48,16,199,2024-06-01,Jun,2,263
Registro Administrativo de la Industria Automotriz de Vehículos Ligeros. Venta de vehículos híbridos y eléctricos,Nacional,2024,6,31,56,6,184,2024-06-01,Jun,2,246
Registro Administrativo de la Industria Automotriz de Vehículos Ligeros. Venta de vehículos híbridos y eléctricos,Nacional,2024,6,32,3,1,26,2024-06-01,Jun,2,30
Registro Administrativo de la Industria Automotriz de Vehículos Ligeros. Venta de vehículos híbridos y eléctricos,Nacional,2024,6,99,0,0,15,2024-06-01,Jun,2,15
Registro Administrativo de la Industria Automotriz de Vehículos Ligeros. Venta de vehículos híbridos y eléctricos,Nacional,2024,7,1,35,12,103,2024-07-01,Jul,3,150
Registro Administrativo de la Industria Automotriz de Vehículos Ligeros. Venta de vehículos híbridos y eléctricos,Nacional,2024,7,2,48,16,162,2024-07-01,Jul,3,226
Registro Administrativo de la Industria Automotriz de Vehículos Ligeros. Venta de vehículos híbridos y eléctricos,Nacional,2024,7,3,19,1,54,2024-07-01,Jul,3,74
Registro Administrativo de la Industria Automotriz de Vehículos Ligeros. Venta de vehículos híbridos y eléctricos,Nacional,2024,7,4,3,2,57,2024-07-01,Jul,3,62
Registro Administrativo de la Industria Automotriz de Vehículos Ligeros. Venta de vehículos híbridos y eléctricos,Nacional,2024,7,5,55,19,136,2024-07-01,Jul,3,210
Registro Administrativo de la Industria Automotriz de Vehículos Ligeros. Venta de vehículos híbridos y eléctricos,Nacional,2024,7,6,9,4,43,2024-07-01,Jul,3,56
Registro Administrativo de la Industria Automotriz de Vehículos Ligeros. Venta de vehículos híbridos y eléctricos,Nacional,2024,7,7,10,1,86,2024-07-01,Jul,3,97
Registro Administrativo de la Industria Automotriz de Vehículos Ligeros. Venta de vehículos híbridos y eléctricos,Nacional,2024,7,8,32,14,127,2024-07-01,Jul,3,173
Registro Administrativo de la Industria Automotriz de Vehículos Ligeros. Venta de vehículos híbridos y eléctricos,Nacional,2024,7,9,950,261,1824,2024-07-01,Jul,3,3035
Registro Administrativo de la Industria Automotriz de Vehículos Ligeros. Venta de vehículos híbridos y eléctricos,Nacional,2024,7,10,7,2,45,2024-07-01,Jul,3,54
Registro Administrativo de la Industria Automotriz de Vehículos Ligeros. Venta de vehículos híbridos y eléctricos,Nacional,2024,7,11,91,18,312,2024-07-01,Jul,3,421
Registro Administrativo de la Industria Automotriz de Vehículos Ligeros. Venta de vehículos híbridos y eléctricos,Nacional,2024,7,12,5,0,33,2024-07-01,Jul,3,38
Registro Administrativo de la Industria Automotriz de Vehículos Ligeros. Venta de vehículos híbridos y eléctricos,Nacional,2024,7,13,66,7,74,2024-07-01,Jul,3,147
Registro Administrativo de la Industria Automotriz de Vehículos Ligeros. Venta de vehículos híbridos y eléctricos,Nacional,2024,7,14,219,35,604,2024-07-01,Jul,3,858
Registro Administrativo de la Industria Automotriz de Vehículos Ligeros. Venta de vehículos híbridos y eléctricos,Nacional,2024,7,15,610,54,1059,2024-07-01,Jul,3,1723
Registro Administrativo de la Industria Automotriz de Vehículos Ligeros. Venta de vehículos híbridos y eléctricos,Nacional,2024,7,16,69,3,151,2024-07-01,Jul,3,223
Registro Administrativo de la Industria Automotriz de Vehículos Ligeros. Venta de vehículos híbridos y eléctricos,Nacional,2024,7,17,19,14,95,2024-07-01,Jul,3,128
Registro Administrativo de la Industria Automotriz de Vehículos Ligeros. Venta de vehículos híbridos y eléctricos,Nacional,2024,7,18,8,0,20,2024-07-01,Jul,3,28
Registro Administrativo de la Industria Automotriz de Vehículos Ligeros. Venta de vehículos híbridos y eléctricos,Nacional,2024,7,19,120,56,708,2024-07-01,Jul,3,884
Registro Administrativo de la Industria Automotriz de Vehículos Ligeros. Venta de vehículos híbridos y eléctricos,Nacional,2024,7,20,15,3,79,2024-07-01,Jul,3,97
Registro Administrativo de la Industria Automotriz de Vehículos Ligeros. Venta de vehículos híbridos y eléctricos,Nacional,2024,7,21,213,23,319,2024-07-01,Jul,3,555
Registro Administrativo de la Industria Automotriz de Vehículos Ligeros. Venta de vehículos híbridos y eléctricos,Nacional,2024,7,22,83,18,215,2024-07-01,Jul,3,316
Registro Administrativo de la Industria Automotriz de Vehículos Ligeros. Venta de vehículos híbridos y eléctricos,Nacional,2024,7,23,23,6,139,2024-07-01,Jul,3,168
Registro Administrativo de la Industria Automotriz de Vehículos Ligeros. Venta de vehículos híbridos y eléctricos,Nacional,2024,7,24,25,13,129,2024-07-01,Jul,3,167
Registro Administrativo de la Industria Automotriz de Vehículos Ligeros. Venta de vehículos híbridos y eléctricos,Nacional,2024,7,25,40,22,188,2024-07-01,Jul,3,250
Registro Administrativo de la Industria Automotriz de Vehículos Ligeros. Venta de vehículos híbridos y eléctricos,Nacional,2024,7,26,16,5,120,2024-07-01,Jul,3,141
Registro Administrativo de la Industria Automotriz de Vehículos Ligeros. Venta de vehículos híbridos y eléctricos,Nacional,2024,7,27,12,2,73,2024-07-01,Jul,3,87
Registro Administrativo de la Industria Automotriz de Vehículos Ligeros. Venta de vehículos híbridos y eléctricos,Nacional,2024,7,28,45,3,114,2024-07-01,Jul,3,162
Registro Administrativo de la Industria Automotriz de Vehículos Ligeros. Venta de vehículos híbridos y eléctricos,Nacional,2024,7,29,4,2,60,2024-07-01,Jul,3,66
Registro Administrativo de la Industria Automotriz de Vehículos Ligeros. Venta de vehículos híbridos y eléctricos,Nacional,2024,7,30,48,20,241,2024-07-01,Jul,3,309
Registro Administrativo de la Industria Automotriz de Vehículos Ligeros. Venta de vehículos híbridos y eléctricos,Nacional,2024,7,31,33,6,194,2024-07-01,Jul,3,233
Registro Administrativo de la Industria Automotriz de Vehículos Ligeros. Venta de vehículos híbridos y eléctricos,Nacional,2024,7,32,8,1,25,2024-07-01,Jul,3,34
Registro Administrativo de la Industria Automotriz de Vehículos Ligeros. Venta de vehículos híbridos y eléctricos,Nacional,2024,7,99,0,0,3,2024-07-01,Jul,3,3
Registro Administrativo de la Industria Automotriz de Vehículos Ligeros. Venta de vehículos híbridos y eléctricos,Nacional,2024,8,1,29,7,85,2024-08-01,Aug,3,121
Registro Administrativo de la Industria Automotriz de Vehículos Ligeros. Venta de vehículos híbridos y eléctricos,Nacional,2024,8,2,30,16,144,2024-08-01,Aug,3,190
Registro Administrativo de la Industria Automotriz de Vehículos Ligeros. Venta de vehículos híbridos y eléctricos,Nacional,2024,8,3,0,1,58,2024-08-01,Aug,3,59
Registro Administrativo de la Industria Automotriz de Vehículos Ligeros. Venta de vehículos híbridos y eléctricos,Nacional,2024,8,4,1,0,58,2024-08-01,Aug,3,59
Registro Administrativo de la Industria Automotriz de Vehículos Ligeros. Venta de vehículos híbridos y eléctricos,Nacional,2024,8,5,26,17,139,2024-08-01,Aug,3,182
Registro Administrativo de la Industria Automotriz de Vehículos Ligeros. Venta de vehículos híbridos y eléctricos,Nacional,2024,8,6,4,0,65,2024-08-01,Aug,3,69
Registro Administrativo de la Industria Automotriz de Vehículos Ligeros. Venta de vehículos híbridos y eléctricos,Nacional,2024,8,7,4,2,61,2024-08-01,Aug,3,67
Registro Administrativo de la Industria Automotriz de Vehículos Ligeros. Venta de vehículos híbridos y eléctricos,Nacional,2024,8,8,14,10,103,2024-08-01,Aug,3,127
Registro Administrativo de la Industria Automotriz de Vehículos Ligeros. Venta de vehículos híbridos y eléctricos,Nacional,2024,8,9,611,223,1872,2024-08-01,Aug,3,2706
Registro Administrativo de la Industria Automotriz de Vehículos Ligeros. Venta de vehículos híbridos y eléctricos,Nacional,2024,8,10,9,0,44,2024-08-01,Aug,3,53
Registro Administrativo de la Industria Automotriz de Vehículos Ligeros. Venta de vehículos híbridos y eléctricos,Nacional,2024,8,11,59,13,325,2024-08-01,Aug,3,397
Registro Administrativo de la Industria Automotriz de Vehículos Ligeros. Venta de vehículos híbridos y eléctricos,Nacional,2024,8,12,2,0,31,2024-08-01,Aug,3,33
Registro Administrativo de la Industria Automotriz de Vehículos Ligeros. Venta de vehículos híbridos y eléctricos,Nacional,2024,8,13,11,1,71,2024-08-01,Aug,3,83
Registro Administrativo de la Industria Automotriz de Vehículos Ligeros. Venta de vehículos híbridos y eléctricos,Nacional,2024,8,14,185,45,647,2024-08-01,Aug,3,877
Registro Administrativo de la Industria Automotriz de Vehículos Ligeros. Venta de vehículos híbridos y eléctricos,Nacional,2024,8,15,191,43,1089,2024-08-01,Aug,3,1323
Registro Administrativo de la Industria Automotriz de Vehículos Ligeros. Venta de vehículos híbridos y eléctricos,Nacional,2024,8,16,55,8,138,2024-08-01,Aug,3,201
Registro Administrativo de la Industria Automotriz de Vehículos Ligeros. Venta de vehículos híbridos y eléctricos,Nacional,2024,8,17,19,15,124,2024-08-01,Aug,3,158
Registro Administrativo de la Industria Automotriz de Vehículos Ligeros. Venta de vehículos híbridos y eléctricos,Nacional,2024,8,18,5,1,14,2024-08-01,Aug,3,20
Registro Administrativo de la Industria Automotriz de Vehículos Ligeros. Venta de vehículos híbridos y eléctricos,Nacional,2024,8,19,112,57,747,2024-08-01,Aug,3,916
Registro Administrativo de la Industria Automotriz de Vehículos Ligeros. Venta de vehículos híbridos y eléctricos,Nacional,2024,8,20,4,1,74,2024-08-01,Aug,3,79
Registro Administrativo de la Industria Automotriz de Vehículos Ligeros. Venta de vehículos híbridos y eléctricos,Nacional,2024,8,21,135,12,261,2024-08-01,Aug,3,408
Registro Administrativo de la Industria Automotriz de Vehículos Ligeros. Venta de vehículos híbridos y eléctricos,Nacional,2024,8,22,45,19,180,2024-08-01,Aug,3,244
Registro Administrativo de la Industria Automotriz de Vehículos Ligeros. Venta de vehículos híbridos y eléctricos,Nacional,2024,8,23,15,2,148,2024-08-01,Aug,3,165
Registro Administrativo de la Industria Automotriz de Vehículos Ligeros. Venta de vehículos híbridos y eléctricos,Nacional,2024,8,24,15,9,122,2024-08-01,Aug,3,146
Registro Administrativo de la Industria Automotriz de Vehículos Ligeros. Venta de vehículos híbridos y eléctricos,Nacional,2024,8,25,41,7,205,2024-08-01,Aug,3,253
Registro Administrativo de la Industria Automotriz de Vehículos Ligeros. Venta de vehículos híbridos y eléctricos,Nacional,2024,8,26,32,9,133,2024-08-01,Aug,3,174
Registro Administrativo de la Industria Automotriz de Vehículos Ligeros. Venta de vehículos híbridos y eléctricos,Nacional,2024,8,27,2,0,62,2024-08-01,Aug,3,64
Registro Administrativo de la Industria Automotriz de Vehículos Ligeros. Venta de vehículos híbridos y eléctricos,Nacional,2024,8,28,13,6,140,2024-08-01,Aug,3,159
Registro Administrativo de la Industria Automotriz de Vehículos Ligeros. Venta de vehículos híbridos y eléctricos,Nacional,2024,8,29,3,1,37,2024-08-01,Aug,3,41
Registro Administrativo de la Industria Automotriz de Vehículos Ligeros. Venta de vehículos híbridos y eléctricos,Nacional,2024,8,30,21,12,211,2024-08-01,Aug,3,244
Registro Administrativo de la Industria Automotriz de Vehículos Ligeros. Venta de vehículos híbridos y eléctricos,Nacional,2024,8,31,31,7,241,2024-08-01,Aug,3,279
Registro Administrativo de la Industria Automotriz de Vehículos Ligeros. Venta de vehículos híbridos y eléctricos,Nacional,2024,8,32,4,1,18,2024-08-01,Aug,3,23
Registro Administrativo de la Industria Automotriz de Vehículos Ligeros. Venta de vehículos híbridos y eléctricos,Nacional,2024,8,99,0,1,12,2024-08-01,Aug,3,13
Registro Administrativo de la Industria Automotriz de Vehículos Ligeros. Venta de vehículos híbridos y eléctricos,Nacional,2024,9,1,33,11,98,2024-09-01,Sep,3,142
Registro Administrativo de la Industria Automotriz de Vehículos Ligeros. Venta de vehículos híbridos y eléctricos,Nacional,2024,9,2,36,8,151,2024-09-01,Sep,3,195
Registro Administrativo de la Industria Automotriz de Vehículos Ligeros. Venta de vehículos híbridos y eléctricos,Nacional,2024,9,3,2,2,58,2024-09-01,Sep,3,62
Registro Administrativo de la Industria Automotriz de Vehículos Ligeros. Venta de vehículos híbridos y eléctricos,Nacional,2024,9,4,3,0,49,2024-09-01,Sep,3,52
Registro Administrativo de la Industria Automotriz de Vehículos Ligeros. Venta de vehículos híbridos y eléctricos,Nacional,2024,9,5,24,19,186,2024-09-01,Sep,3,229
Registro Administrativo de la Industria Automotriz de Vehículos Ligeros. Venta de vehículos híbridos y eléctricos,Nacional,2024,9,6,7,4,77,2024-09-01,Sep,3,88
Registro Administrativo de la Industria Automotriz de Vehículos Ligeros. Venta de vehículos híbridos y eléctricos,Nacional,2024,9,7,2,2,78,2024-09-01,Sep,3,82
Registro Administrativo de la Industria Automotriz de Vehículos Ligeros. Venta de vehículos híbridos y eléctricos,Nacional,2024,9,8,41,7,188,2024-09-01,Sep,3,236
Registro Administrativo de la Industria Automotriz de Vehículos Ligeros. Venta de vehículos híbridos y eléctricos,Nacional,2024,9,9,822,241,1753,2024-09-01,Sep,3,2816
Registro Administrativo de la Industria Automotriz de Vehículos Ligeros. Venta de vehículos híbridos y eléctricos,Nacional,2024,9,10,3,1,43,2024-09-01,Sep,3,47
Registro Administrativo de la Industria Automotriz de Vehículos Ligeros. Venta de vehículos híbridos y eléctricos,Nacional,2024,9,11,43,28,362,2024-09-01,Sep,3,433
Registro Administrativo de la Industria Automotriz de Vehículos Ligeros. Venta de vehículos híbridos y eléctricos,Nacional,2024,9,12,3,0,31,2024-09-01,Sep,3,34
Registro Administrativo de la Industria Automotriz de Vehículos Ligeros. Venta de vehículos híbridos y eléctricos,Nacional,2024,9,13,5,4,101,2024-09-01,Sep,3,110
Registro Administrativo de la Industria Automotriz de Vehículos Ligeros. Venta de vehículos híbridos y eléctricos,Nacional,2024,9,14,92,67,744,2024-09-01,Sep,3,903
Registro Administrativo de la Industria Automotriz de Vehículos Ligeros. Venta de vehículos híbridos y eléctricos,Nacional,2024,9,15,210,86,1166,2024-09-01,Sep,3,1462
Registro Administrativo de la Industria Automotriz de Vehículos Ligeros. Venta de vehículos híbridos y eléctricos,Nacional,2024,9,16,28,5,243,2024-09-01,Sep,3,276
Registro Administrativo de la Industria Automotriz de Vehículos Ligeros. Venta de vehículos híbridos y eléctricos,Nacional,2024,9,17,20,13,105,2024-09-01,Sep,3,138
Registro Administrativo de la Industria Automotriz de Vehículos Ligeros. Venta de vehículos híbridos y eléctricos,Nacional,2024,9,18,5,0,13,2024-09-01,Sep,3,18
Registro Administrativo de la Industria Automotriz de Vehículos Ligeros. Venta de vehículos híbridos y eléctricos,Nacional,2024,9,19,105,59,874,2024-09-01,Sep,3,1038
Registro Administrativo de la Industria Automotriz de Vehículos Ligeros. Venta de vehículos híbridos y eléctricos,Nacional,2024,9,20,5,4,83,2024-09-01,Sep,3,92
Registro Administrativo de la Industria Automotriz de Vehículos Ligeros. Venta de vehículos híbridos y eléctricos,Nacional,2024,9,21,34,27,229,2024-09-01,Sep,3,290
Registro Administrativo de la Industria Automotriz de Vehículos Ligeros. Venta de vehículos híbridos y eléctricos,Nacional,2024,9,22,57,16,149,2024-09-01,Sep,3,222
Registro Administrativo de la Industria Automotriz de Vehículos Ligeros. Venta de vehículos híbridos y eléctricos,Nacional,2024,9,23,34,6,130,2024-09-01,Sep,3,170
Registro Administrativo de la Industria Automotriz de Vehículos Ligeros. Venta de vehículos híbridos y eléctricos,Nacional,2024,9,24,22,4,104,2024-09-01,Sep,3,130
Registro Administrativo de la Industria Automotriz de Vehículos Ligeros. Venta de vehículos híbridos y eléctricos,Nacional,2024,9,25,24,8,160,2024-09-01,Sep,3,192
Registro Administrativo de la Industria Automotriz de Vehículos Ligeros. Venta de vehículos híbridos y eléctricos,Nacional,2024,9,26,14,3,174,2024-09-01,Sep,3,191
Registro Administrativo de la Industria Automotriz de Vehículos Ligeros. Venta de vehículos híbridos y eléctricos,Nacional,2024,9,27,2,2,58,2024-09-01,Sep,3,62
Registro Administrativo de la Industria Automotriz de Vehículos Ligeros. Venta de vehículos híbridos y eléctricos,Nacional,2024,9,28,18,2,149,2024-09-01,Sep,3,169
Registro Administrativo de la Industria Automotriz de Vehículos Ligeros. Venta de vehículos híbridos y eléctricos,Nacional,2024,9,29,2,0,50,2024-09-01,Sep,3,52
Registro Administrativo de la Industria Automotriz de Vehículos Ligeros. Venta de vehículos híbridos y eléctricos,Nacional,2024,9,30,39,14,271,2024-09-01,Sep,3,324
Registro Administrativo de la Industria Automotriz de Vehículos Ligeros. Venta de vehículos híbridos y eléctricos,Nacional,2024,9,31,22,13,240,2024-09-01,Sep,3,275
Registro Administrativo de la Industria Automotriz de Vehículos Ligeros. Venta de vehículos híbridos y eléctricos,Nacional,2024,9,32,6,0,42,2024-09-01,Sep,3,48
Registro Administrativo de la Industria Automotriz de Vehículos Ligeros. Venta de vehículos híbridos y eléctricos,Nacional,2024,9,99,2,0,21,2024-09-01,Sep,3,23
Registro Administrativo de la Industria Automotriz de Vehículos Ligeros. Venta de vehículos híbridos y eléctricos,Nacional,2024,10,1,25,13,83,2024-10-01,Oct,4,121
Registro Administrativo de la Industria Automotriz de Vehículos Ligeros. Venta de vehículos híbridos y eléctricos,Nacional,2024,10,2,44,17,154,2024-10-01,Oct,4,215
Registro Administrativo de la Industria Automotriz de Vehículos Ligeros. Venta de vehículos híbridos y eléctricos,Nacional,2024,10,3,2,1,47,2024-10-01,Oct,4,50
Registro Administrativo de la Industria Automotriz de Vehículos Ligeros. Venta de vehículos híbridos y eléctricos,Nacional,2024,10,4,1,1,50,2024-10-01,Oct,4,52
Registro Administrativo de la Industria Automotriz de Vehículos Ligeros. Venta de vehículos híbridos y eléctricos,Nacional,2024,10,5,19,25,169,2024-10-01,Oct,4,213
Registro Administrativo de la Industria Automotriz de Vehículos Ligeros. Venta de vehículos híbridos y eléctricos,Nacional,2024,10,6,5,1,58,2024-10-01,Oct,4,64
Registro Administrativo de la Industria Automotriz de Vehículos Ligeros. Venta de vehículos híbridos y eléctricos,Nacional,2024,10,7,1,2,69,2024-10-01,Oct,4,72
Registro Administrativo de la Industria Automotriz de Vehículos Ligeros. Venta de vehículos híbridos y eléctricos,Nacional,2024,10,8,21,10,184,2024-10-01,Oct,4,215
Registro Administrativo de la Industria Automotriz de Vehículos Ligeros. Venta de vehículos híbridos y eléctricos,Nacional,2024,10,9,977,319,1794,2024-10-01,Oct,4,3090
Registro Administrativo de la Industria Automotriz de Vehículos Ligeros. Venta de vehículos híbridos y eléctricos,Nacional,2024,10,10,3,2,39,2024-10-01,Oct,4,44
Registro Administrativo de la Industria Automotriz de Vehículos Ligeros. Venta de vehículos híbridos y eléctricos,Nacional,2024,10,11,75,32,342,2024-10-01,Oct,4,449
Registro Administrativo de la Industria Automotriz de Vehículos Ligeros. Venta de vehículos híbridos y eléctricos,Nacional,2024,10,12,4,1,46,2024-10-01,Oct,4,51
Registro Administrativo de la Industria Automotriz de Vehículos Ligeros. Venta de vehículos híbridos y eléctricos,Nacional,2024,10,13,5,7,120,2024-10-01,Oct,4,132
Registro Administrativo de la Industria Automotriz de Vehículos Ligeros. Venta de vehículos híbridos y eléctricos,Nacional,2024,10,14,112,87,728,2024-10-01,Oct,4,927
Registro Administrativo de la Industria Automotriz de Vehículos Ligeros. Venta de vehículos híbridos y eléctricos,Nacional,2024,10,15,195,85,1359,2024-10-01,Oct,4,1639
Registro Administrativo de la Industria Automotriz de Vehículos Ligeros. Venta de vehículos híbridos y eléctricos,Nacional,2024,10,16,11,8,166,2024-10-01,Oct,4,185
Registro Administrativo de la Industria Automotriz de Vehículos Ligeros. Venta de vehículos híbridos y eléctricos,Nacional,2024,10,17,17,20,97,2024-10-01,Oct,4,134
Registro Administrativo de la Industria Automotriz de Vehículos Ligeros. Venta de vehículos híbridos y eléctricos,Nacional,2024,10,18,5,2,10,2024-10-01,Oct,4,17
Registro Administrativo de la Industria Automotriz de Vehículos Ligeros. Venta de vehículos híbridos y eléctricos,Nacional,2024,10,19,136,112,840,2024-10-01,Oct,4,1088
Registro Administrativo de la Industria Automotriz de Vehículos Ligeros. Venta de vehículos híbridos y eléctricos,Nacional,2024,10,20,4,5,68,2024-10-01,Oct,4,77
Registro Administrativo de la Industria Automotriz de Vehículos Ligeros. Venta de vehículos híbridos y eléctricos,Nacional,2024,10,21,28,36,294,2024-10-01,Oct,4,358
Registro Administrativo de la Industria Automotriz de Vehículos Ligeros. Venta de vehículos híbridos y eléctricos,Nacional,2024,10,22,59,24,180,2024-10-01,Oct,4,263
Registro Administrativo de la Industria Automotriz de Vehículos Ligeros. Venta de vehículos híbridos y eléctricos,Nacional,2024,10,23,15,4,125,2024-10-01,Oct,4,144
Registro Administrativo de la Industria Automotriz de Vehículos Ligeros. Venta de vehículos híbridos y eléctricos,Nacional,2024,10,24,21,15,125,2024-10-01,Oct,4,161
Registro Administrativo de la Industria Automotriz de Vehículos Ligeros. Venta de vehículos híbridos y eléctricos,Nacional,2024,10,25,27,7,178,2024-10-01,Oct,4,212
Registro Administrativo de la Industria Automotriz de Vehículos Ligeros. Venta de vehículos híbridos y eléctricos,Nacional,2024,10,26,10,5,154,2024-10-01,Oct,4,169
Registro Administrativo de la Industria Automotriz de Vehículos Ligeros. Venta de vehículos híbridos y eléctricos,Nacional,2024,10,27,8,4,65,2024-10-01,Oct,4,77
Registro Administrativo de la Industria Automotriz de Vehículos Ligeros. Venta de vehículos híbridos y eléctricos,Nacional,2024,10,28,10,11,121,2024-10-01,Oct,4,142
Registro Administrativo de la Industria Automotriz de Vehículos Ligeros. Venta de vehículos híbridos y eléctricos,Nacional,2024,10,29,5,0,42,2024-10-01,Oct,4,47
Registro Administrativo de la Industria Automotriz de Vehículos Ligeros. Venta de vehículos híbridos y eléctricos,Nacional,2024,10,30,32,16,227,2024-10-01,Oct,4,275
Registro Administrativo de la Industria Automotriz de Vehículos Ligeros. Venta de vehículos híbridos y eléctricos,Nacional,2024,10,31,29,29,230,2024-10-01,Oct,4,288
Registro Administrativo de la Industria Automotriz de Vehículos Ligeros. Venta de vehículos híbridos y eléctricos,Nacional,2024,10,32,3,1,29,2024-10-01,Oct,4,33
Registro Administrativo de la Industria Automotriz de Vehículos Ligeros. Venta de vehículos híbridos y eléctricos,Nacional,2024,10,99,6,4,18,2024-10-01,Oct,4,28
Registro Administrativo de la Industria Automotriz de Vehículos Ligeros. Venta de vehículos híbridos y eléctricos,Nacional,2024,11,1,29,15,114,2024-11-01,Nov,4,158
Registro Administrativo de la Industria Automotriz de Vehículos Ligeros. Venta de vehículos híbridos y eléctricos,Nacional,2024,11,2,34,17,181,2024-11-01,Nov,4,232
Registro Administrativo de la Industria Automotriz de Vehículos Ligeros. Venta de vehículos híbridos y eléctricos,Nacional,2024,11,3,0,3,76,2024-11-01,Nov,4,79
Registro Administrativo de la Industria Automotriz de Vehículos Ligeros. Venta de vehículos híbridos y eléctricos,Nacional,2024,11,4,0,0,61,2024-11-01,Nov,4,61
Registro Administrativo de la Industria Automotriz de Vehículos Ligeros. Venta de vehículos híbridos y eléctricos,Nacional,2024,11,5,33,24,226,2024-11-01,Nov,4,283
Registro Administrativo de la Industria Automotriz de Vehículos Ligeros. Venta de vehículos híbridos y eléctricos,Nacional,2024,11,6,1,1,88,2024-11-01,Nov,4,90
Registro Administrativo de la Industria Automotriz de Vehículos Ligeros. Venta de vehículos híbridos y eléctricos,Nacional,2024,11,7,11,0,77,2024-11-01,Nov,4,88
Registro Administrativo de la Industria Automotriz de Vehículos Ligeros. Venta de vehículos híbridos y eléctricos,Nacional,2024,11,8,63,5,253,2024-11-01,Nov,4,321
Registro Administrativo de la Industria Automotriz de Vehículos Ligeros. Venta de vehículos híbridos y eléctricos,Nacional,2024,11,9,808,377,2235,2024-11-01,Nov,4,3420
Registro Administrativo de la Industria Automotriz de Vehículos Ligeros. Venta de vehículos híbridos y eléctricos,Nacional,2024,11,10,9,1,53,2024-11-01,Nov,4,63
Registro Administrativo de la Industria Automotriz de Vehículos Ligeros. Venta de vehículos híbridos y eléctricos,Nacional,2024,11,11,42,26,394,2024-11-01,Nov,4,462
Registro Administrativo de la Industria Automotriz de Vehículos Ligeros. Venta de vehículos híbridos y eléctricos,Nacional,2024,11,12,2,0,61,2024-11-01,Nov,4,63
Registro Administrativo de la Industria Automotriz de Vehículos Ligeros. Venta de vehículos híbridos y eléctricos,Nacional,2024,11,13,5,8,93,2024-11-01,Nov,4,106
Registro Administrativo de la Industria Automotriz de Vehículos Ligeros. Venta de vehículos híbridos y eléctricos,Nacional,2024,11,14,91,65,777,2024-11-01,Nov,4,933
Registro Administrativo de la Industria Automotriz de Vehículos Ligeros. Venta de vehículos híbridos y eléctricos,Nacional,2024,11,15,181,98,1259,2024-11-01,Nov,4,1538
Registro Administrativo de la Industria Automotriz de Vehículos Ligeros. Venta de vehículos híbridos y eléctricos,Nacional,2024,11,16,24,7,239,2024-11-01,Nov,4,270
Registro Administrativo de la Industria Automotriz de Vehículos Ligeros. Venta de vehículos híbridos y eléctricos,Nacional,2024,11,17,23,11,127,2024-11-01,Nov,4,161
Registro Administrativo de la Industria Automotriz de Vehículos Ligeros. Venta de vehículos híbridos y eléctricos,Nacional,2024,11,18,6,1,10,2024-11-01,Nov,4,17
Registro Administrativo de la Industria Automotriz de Vehículos Ligeros. Venta de vehículos híbridos y eléctricos,Nacional,2024,11,19,113,75,1035,2024-11-01,Nov,4,1223
Registro Administrativo de la Industria Automotriz de Vehículos Ligeros. Venta de vehículos híbridos y eléctricos,Nacional,2024,11,20,2,5,90,2024-11-01,Nov,4,97
Registro Administrativo de la Industria Automotriz de Vehículos Ligeros. Venta de vehículos híbridos y eléctricos,Nacional,2024,11,21,38,27,293,2024-11-01,Nov,4,358
Registro Administrativo de la Industria Automotriz de Vehículos Ligeros. Venta de vehículos híbridos y eléctricos,Nacional,2024,11,22,61,28,176,2024-11-01,Nov,4,265
Registro Administrativo de la Industria Automotriz de Vehículos Ligeros. Venta de vehículos híbridos y eléctricos,Nacional,2024,11,23,12,8,189,2024-11-01,Nov,4,209
Registro Administrativo de la Industria Automotriz de Vehículos Ligeros. Venta de vehículos híbridos y eléctricos,Nacional,2024,11,24,17,11,182,2024-11-01,Nov,4,210
Registro Administrativo de la Industria Automotriz de Vehículos Ligeros. Venta de vehículos híbridos y eléctricos,Nacional,2024,11,25,29,13,193,2024-11-01,Nov,4,235
Registro Administrativo de la Industria Automotriz de Vehículos Ligeros. Venta de vehículos híbridos y eléctricos,Nacional,2024,11,26,10,4,189,2024-11-01,Nov,4,203
Registro Administrativo de la Industria Automotriz de Vehículos Ligeros. Venta de vehículos híbridos y eléctricos,Nacional,2024,11,27,7,9,64,2024-11-01,Nov,4,80
Registro Administrativo de la Industria Automotriz de Vehículos Ligeros. Venta de vehículos híbridos y eléctricos,Nacional,2024,11,28,13,1,160,2024-11-01,Nov,4,174
Registro Administrativo de la Industria Automotriz de Vehículos Ligeros. Venta de vehículos híbridos y eléctricos,Nacional,2024,11,29,1,1,39,2024-11-01,Nov,4,41
Registro Administrativo de la Industria Automotriz de Vehículos Ligeros. Venta de vehículos híbridos y eléctricos,Nacional,2024,11,30,26,20,288,2024-11-01,Nov,4,334
Registro Administrativo de la Industria Automotriz de Vehículos Ligeros. Venta de vehículos híbridos y eléctricos,Nacional,2024,11,31,25,18,237,2024-11-01,Nov,4,280
Registro Administrativo de la Industria Automotriz de Vehículos Ligeros. Venta de vehículos híbridos y eléctricos,Nacional,2024,11,32,0,0,45,2024-11-01,Nov,4,45
Registro Administrativo de la Industria Automotriz de Vehículos Ligeros. Venta de vehículos híbridos y eléctricos,Nacional,2024,11,99,1,0,47,2024-11-01,Nov,4,48
Registro Administrativo de la Industria Automotriz de Vehículos Ligeros. Venta de vehículos híbridos y eléctricos,Nacional,2024,12,1,21,17,169,2024-12-01,Dec,4,207
Registro Administrativo de la Industria Automotriz de Vehículos Ligeros. Venta de vehículos híbridos y eléctricos,Nacional,2024,12,2,44,22,268,2024-12-01,Dec,4,334
Registro Administrativo de la Industria Automotriz de Vehículos Ligeros. Venta de vehículos híbridos y eléctricos,Nacional,2024,12,3,7,4,99,2024-12-01,Dec,4,110
Registro Administrativo de la Industria Automotriz de Vehículos Ligeros. Venta de vehículos híbridos y eléctricos,Nacional,2024,12,4,5,1,138,2024-12-01,Dec,4,144
Registro Administrativo de la Industria Automotriz de Vehículos Ligeros. Venta de vehículos híbridos y eléctricos,Nacional,2024,12,5,74,29,340,2024-12-01,Dec,4,443
Registro Administrativo de la Industria Automotriz de Vehículos Ligeros. Venta de vehículos híbridos y eléctricos,Nacional,2024,12,6,4,6,117,2024-12-01,Dec,4,127
Registro Administrativo de la Industria Automotriz de Vehículos Ligeros. Venta de vehículos híbridos y eléctricos,Nacional,2024,12,7,11,5,154,2024-12-01,Dec,4,170
Registro Administrativo de la Industria Automotriz de Vehículos Ligeros. Venta de vehículos híbridos y eléctricos,Nacional,2024,12,8,61,18,261,2024-12-01,Dec,4,340
Registro Administrativo de la Industria Automotriz de Vehículos Ligeros. Venta de vehículos híbridos y eléctricos,Nacional,2024,12,9,710,292,2276,2024-12-01,Dec,4,3278
Registro Administrativo de la Industria Automotriz de Vehículos Ligeros. Venta de vehículos híbridos y eléctricos,Nacional,2024,12,10,7,3,67,2024-12-01,Dec,4,77
Registro Administrativo de la Industria Automotriz de Vehículos Ligeros. Venta de vehículos híbridos y eléctricos,Nacional,2024,12,11,62,53,754,2024-12-01,Dec,4,869
Registro Administrativo de la Industria Automotriz de Vehículos Ligeros. Venta de vehículos híbridos y eléctricos,Nacional,2024,12,12,9,2,81,2024-12-01,Dec,4,92
Registro Administrativo de la Industria Automotriz de Vehículos Ligeros. Venta de vehículos híbridos y eléctricos,Nacional,2024,12,13,20,6,141,2024-12-01,Dec,4,167
Registro Administrativo de la Industria Automotriz de Vehículos Ligeros. Venta de vehículos híbridos y eléctricos,Nacional,2024,12,14,107,99,994,2024-12-01,Dec,4,1200
Registro Administrativo de la Industria Automotriz de Vehículos Ligeros. Venta de vehículos híbridos y eléctricos,Nacional,2024,12,15,195,114,1492,2024-12-01,Dec,4,1801
Registro Administrativo de la Industria Automotriz de Vehículos Ligeros. Venta de vehículos híbridos y eléctricos,Nacional,2024,12,16,36,9,286,2024-12-01,Dec,4,331
Registro Administrativo de la Industria Automotriz de Vehículos Ligeros. Venta de vehículos híbridos y eléctricos,Nacional,2024,12,17,16,18,139,2024-12-01,Dec,4,173
Registro Administrativo de la Industria Automotriz de Vehículos Ligeros. Venta de vehículos híbridos y eléctricos,Nacional,2024,12,18,5,1,26,2024-12-01,Dec,4,32
Registro Administrativo de la Industria Automotriz de Vehículos Ligeros. Venta de vehículos híbridos y eléctricos,Nacional,2024,12,19,170,143,1265,2024-12-01,Dec,4,1578
Registro Administrativo de la Industria Automotriz de Vehículos Ligeros. Venta de vehículos híbridos y eléctricos,Nacional,2024,12,20,15,4,130,2024-12-01,Dec,4,149
Registro Administrativo de la Industria Automotriz de Vehículos Ligeros. Venta de vehículos híbridos y eléctricos,Nacional,2024,12,21,63,45,346,2024-12-01,Dec,4,454
Registro Administrativo de la Industria Automotriz de Vehículos Ligeros. Venta de vehículos híbridos y eléctricos,Nacional,2024,12,22,80,37,240,2024-12-01,Dec,4,357
Registro Administrativo de la Industria Automotriz de Vehículos Ligeros. Venta de vehículos híbridos y eléctricos,Nacional,2024,12,23,28,13,312,2024-12-01,Dec,4,353
Registro Administrativo de la Industria Automotriz de Vehículos Ligeros. Venta de vehículos híbridos y eléctricos,Nacional,2024,12,24,14,17,193,2024-12-01,Dec,4,224
Registro Administrativo de la Industria Automotriz de Vehículos Ligeros. Venta de vehículos híbridos y eléctricos,Nacional,2024,12,25,123,15,275,2024-12-01,Dec,4,413
Registro Administrativo de la Industria Automotriz de Vehículos Ligeros. Venta de vehículos híbridos y eléctricos,Nacional,2024,12,26,20,3,232,2024-12-01,Dec,4,255
Registro Administrativo de la Industria Automotriz de Vehículos Ligeros. Venta de vehículos híbridos y eléctricos,Nacional,2024,12,27,11,1,144,2024-12-01,Dec,4,156
Registro Administrativo de la Industria Automotriz de Vehículos Ligeros. Venta de vehículos híbridos y eléctricos,Nacional,2024,12,28,20,9,241,2024-12-01,Dec,4,270
Registro Administrativo de la Industria Automotriz de Vehículos Ligeros. Venta de vehículos híbridos y eléctricos,Nacional,2024,12,29,9,3,83,2024-12-01,Dec,4,95
Registro Administrativo de la Industria Automotriz de Vehículos Ligeros. Venta de vehículos híbridos y eléctricos,Nacional,2024,12,30,62,26,471,2024-12-01,Dec,4,559
Registro Administrativo de la Industria Automotriz de Vehículos Ligeros. Venta de vehículos híbridos y eléctricos,Nacional,2024,12,31,30,14,370,2024-12-01,Dec,4,414
Registro Administrativo de la Industria Automotriz de Vehículos Ligeros. Venta de vehículos híbridos y eléctricos,Nacional,2024,12,32,2,1,51,2024-12-01,Dec,4,54
Registro Administrativo de la Industria Automotriz de Vehículos Ligeros. Venta de vehículos híbridos y eléctricos,Nacional,2024,12,99,0,0,134,2024-12-01,Dec,4,134
Registro Administrativo de la Industria Automotriz de Vehículos Ligeros. Venta de vehículos híbridos y eléctricos,Nacional,2020,1,1,0,1,14,2020-01-01,Jan,1,15
Registro Administrativo de la Industria Automotriz de Vehículos Ligeros. Venta de vehículos híbridos y eléctricos,Nacional,2020,1,2,0,1,47,2020-01-01,Jan,1,48
Registro Administrativo de la Industria Automotriz de Vehículos Ligeros. Venta de vehículos híbridos y eléctricos,Nacional,2020,1,3,0,0,22,2020-01-01,Jan,1,22
Registro Administrativo de la Industria Automotriz de Vehículos Ligeros. Venta de vehículos híbridos y eléctricos,Nacional,2020,1,4,0,0,7,2020-01-01,Jan,1,7
Registro Administrativo de la Industria Automotriz de Vehículos Ligeros. Venta de vehículos híbridos y eléctricos,Nacional,2020,1,5,0,3,33,2020-01-01,Jan,1,36
Registro Administrativo de la Industria Automotriz de Vehículos Ligeros. Venta de vehículos híbridos y eléctricos,Nacional,2020,1,6,0,0,8,2020-01-01,Jan,1,8
Registro Administrativo de la Industria Automotriz de Vehículos Ligeros. Venta de vehículos híbridos y eléctricos,Nacional,2020,1,7,0,0,18,2020-01-01,Jan,1,18
Registro Administrativo de la Industria Automotriz de Vehículos Ligeros. Venta de vehículos híbridos y eléctricos,Nacional,2020,1,8,0,0,47,2020-01-01,Jan,1,47
Registro Administrativo de la Industria Automotriz de Vehículos Ligeros. Venta de vehículos híbridos y eléctricos,Nacional,2020,1,9,14,127,668,2020-01-01,Jan,1,809
Registro Administrativo de la Industria Automotriz de Vehículos Ligeros. Venta de vehículos híbridos y eléctricos,Nacional,2020,1,10,0,0,12,2020-01-01,Jan,1,12
Registro Administrativo de la Industria Automotriz de Vehículos Ligeros. Venta de vehículos híbridos y eléctricos,Nacional,2020,1,11,2,8,65,2020-01-01,Jan,1,75
Registro Administrativo de la Industria Automotriz de Vehículos Ligeros. Venta de vehículos híbridos y eléctricos,Nacional,2020,1,12,0,0,7,2020-01-01,Jan,1,7
Registro Administrativo de la Industria Automotriz de Vehículos Ligeros. Venta de vehículos híbridos y eléctricos,Nacional,2020,1,13,0,2,29,2020-01-01,Jan,1,31
Registro Administrativo de la Industria Automotriz de Vehículos Ligeros. Venta de vehículos híbridos y eléctricos,Nacional,2020,1,14,1,19,191,2020-01-01,Jan,1,211
Registro Administrativo de la Industria Automotriz de Vehículos Ligeros. Venta de vehículos híbridos y eléctricos,Nacional,2020,1,15,5,23,416,2020-01-01,Jan,1,444
Registro Administrativo de la Industria Automotriz de Vehículos Ligeros. Venta de vehículos híbridos y eléctricos,Nacional,2020,1,16,0,3,51,2020-01-01,Jan,1,54
Registro Administrativo de la Industria Automotriz de Vehículos Ligeros. Venta de vehículos híbridos y eléctricos,Nacional,2020,1,17,0,7,38,2020-01-01,Jan,1,45
Registro Administrativo de la Industria Automotriz de Vehículos Ligeros. Venta de vehículos híbridos y eléctricos,Nacional,2020,1,18,0,0,3,2020-01-01,Jan,1,3
Registro Administrativo de la Industria Automotriz de Vehículos Ligeros. Venta de vehículos híbridos y eléctricos,Nacional,2020,1,19,4,29,124,2020-01-01,Jan,1,157
Registro Administrativo de la Industria Automotriz de Vehículos Ligeros. Venta de vehículos híbridos y eléctricos,Nacional,2020,1,20,0,0,69,2020-01-01,Jan,1,69
Registro Administrativo de la Industria Automotriz de Vehículos Ligeros. Venta de vehículos híbridos y eléctricos,Nacional,2020,1,21,0,6,60,2020-01-01,Jan,1,66
Registro Administrativo de la Industria Automotriz de Vehículos Ligeros. Venta de vehículos híbridos y eléctricos,Nacional,2020,1,22,1,10,58,2020-01-01,Jan,1,69
Registro Administrativo de la Industria Automotriz de Vehículos Ligeros. Venta de vehículos híbridos y eléctricos,Nacional,2020,1,23,0,5,15,2020-01-01,Jan,1,20
Registro Administrativo de la Industria Automotriz de Vehículos Ligeros. Venta de vehículos híbridos y eléctricos,Nacional,2020,1,24,0,0,29,2020-01-01,Jan,1,29
Registro Administrativo de la Industria Automotriz de Vehículos Ligeros. Venta de vehículos híbridos y eléctricos,Nacional,2020,1,25,0,3,47,2020-01-01,Jan,1,50
Registro Administrativo de la Industria Automotriz de Vehículos Ligeros. Venta de vehículos híbridos y eléctricos,Nacional,2020,1,26,0,1,34,2020-01-01,Jan,1,35
Registro Administrativo de la Industria Automotriz de Vehículos Ligeros. Venta de vehículos híbridos y eléctricos,Nacional,2020,1,27,0,0,12,2020-01-01,Jan,1,12
Registro Administrativo de la Industria Automotriz de Vehículos Ligeros. Venta de vehículos híbridos y eléctricos,Nacional,2020,1,28,0,0,15,2020-01-01,Jan,1,15
Registro Administrativo de la Industria Automotriz de Vehículos Ligeros. Venta de vehículos híbridos y eléctricos,Nacional,2020,1,29,0,0,3,2020-01-01,Jan,1,3
Registro Administrativo de la Industria Automotriz de Vehículos Ligeros. Venta de vehículos híbridos y eléctricos,Nacional,2020,1,30,0,2,48,2020-01-01,Jan,1,50
Registro Administrativo de la Industria Automotriz de Vehículos Ligeros. Venta de vehículos híbridos y eléctricos,Nacional,2020,1,31,0,5,29,2020-01-01,Jan,1,34
Registro Administrativo de la Industria Automotriz de Vehículos Ligeros. Venta de vehículos híbridos y eléctricos,Nacional,2020,1,32,0,0,8,2020-01-01,Jan,1,8
Registro Administrativo de la Industria Automotriz de Vehículos Ligeros. Venta de vehículos híbridos y eléctricos,Nacional,2020,1,99,0,0,0,2020-01-01,Jan,1,0
Registro Administrativo de la Industria Automotriz de Vehículos Ligeros. Venta de vehículos híbridos y eléctricos,Nacional,2020,2,1,0,2,17,2020-02-01,Feb,1,19
Registro Administrativo de la Industria Automotriz de Vehículos Ligeros. Venta de vehículos híbridos y eléctricos,Nacional,2020,2,2,0,0,37,2020-02-01,Feb,1,37
Registro Administrativo de la Industria Automotriz de Vehículos Ligeros. Venta de vehículos híbridos y eléctricos,Nacional,2020,2,3,0,0,20,2020-02-01,Feb,1,20
Registro Administrativo de la Industria Automotriz de Vehículos Ligeros. Venta de vehículos híbridos y eléctricos,Nacional,2020,2,4,0,0,0,2020-02-01,Feb,1,0
Registro Administrativo de la Industria Automotriz de Vehículos Ligeros. Venta de vehículos híbridos y eléctricos,Nacional,2020,2,5,0,7,46,2020-02-01,Feb,1,53
Registro Administrativo de la Industria Automotriz de Vehículos Ligeros. Venta de vehículos híbridos y eléctricos,Nacional,2020,2,6,0,0,13,2020-02-01,Feb,1,13
Registro Administrativo de la Industria Automotriz de Vehículos Ligeros. Venta de vehículos híbridos y eléctricos,Nacional,2020,2,7,0,0,18,2020-02-01,Feb,1,18
Registro Administrativo de la Industria Automotriz de Vehículos Ligeros. Venta de vehículos híbridos y eléctricos,Nacional,2020,2,8,2,0,34,2020-02-01,Feb,1,36
Registro Administrativo de la Industria Automotriz de Vehículos Ligeros. Venta de vehículos híbridos y eléctricos,Nacional,2020,2,9,22,155,687,2020-02-01,Feb,1,864
Registro Administrativo de la Industria Automotriz de Vehículos Ligeros. Venta de vehículos híbridos y eléctricos,Nacional,2020,2,10,0,0,6,2020-02-01,Feb,1,6
Registro Administrativo de la Industria Automotriz de Vehículos Ligeros. Venta de vehículos híbridos y eléctricos,Nacional,2020,2,11,4,8,52,2020-02-01,Feb,1,64
Registro Administrativo de la Industria Automotriz de Vehículos Ligeros. Venta de vehículos híbridos y eléctricos,Nacional,2020,2,12,0,0,4,2020-02-01,Feb,1,4
Registro Administrativo de la Industria Automotriz de Vehículos Ligeros. Venta de vehículos híbridos y eléctricos,Nacional,2020,2,13,0,4,27,2020-02-01,Feb,1,31
Registro Administrativo de la Industria Automotriz de Vehículos Ligeros. Venta de vehículos híbridos y eléctricos,Nacional,2020,2,14,5,14,181,2020-02-01,Feb,1,200
Registro Administrativo de la Industria Automotriz de Vehículos Ligeros. Venta de vehículos híbridos y eléctricos,Nacional,2020,2,15,6,31,336,2020-02-01,Feb,1,373
Registro Administrativo de la Industria Automotriz de Vehículos Ligeros. Venta de vehículos híbridos y eléctricos,Nacional,2020,2,16,1,5,56,2020-02-01,Feb,1,62
Registro Administrativo de la Industria Automotriz de Vehículos Ligeros. Venta de vehículos híbridos y eléctricos,Nacional,2020,2,17,0,5,18,2020-02-01,Feb,1,23
Registro Administrativo de la Industria Automotriz de Vehículos Ligeros. Venta de vehículos híbridos y eléctricos,Nacional,2020,2,18,0,0,4,2020-02-01,Feb,1,4
Registro Administrativo de la Industria Automotriz de Vehículos Ligeros. Venta de vehículos híbridos y eléctricos,Nacional,2020,2,19,11,28,124,2020-02-01,Feb,1,163
Registro Administrativo de la Industria Automotriz de Vehículos Ligeros. Venta de vehículos híbridos y eléctricos,Nacional,2020,2,20,0,0,47,2020-02-01,Feb,1,47
Registro Administrativo de la Industria Automotriz de Vehículos Ligeros. Venta de vehículos híbridos y eléctricos,Nacional,2020,2,21,1,3,68,2020-02-01,Feb,1,72
Registro Administrativo de la Industria Automotriz de Vehículos Ligeros. Venta de vehículos híbridos y eléctricos,Nacional,2020,2,22,0,17,34,2020-02-01,Feb,1,51
Registro Administrativo de la Industria Automotriz de Vehículos Ligeros. Venta de vehículos híbridos y eléctricos,Nacional,2020,2,23,0,0,11,2020-02-01,Feb,1,11
Registro Administrativo de la Industria Automotriz de Vehículos Ligeros. Venta de vehículos híbridos y eléctricos,Nacional,2020,2,24,0,2,26,2020-02-01,Feb,1,28
Registro Administrativo de la Industria Automotriz de Vehículos Ligeros. Venta de vehículos híbridos y eléctricos,Nacional,2020,2,25,0,3,57,2020-02-01,Feb,1,60
Registro Administrativo de la Industria Automotriz de Vehículos Ligeros. Venta de vehículos híbridos y eléctricos,Nacional,2020,2,26,0,2,26,2020-02-01,Feb,1,28
Registro Administrativo de la Industria Automotriz de Vehículos Ligeros. Venta de vehículos híbridos y eléctricos,Nacional,2020,2,27,0,1,14,2020-02-01,Feb,1,15
Registro Administrativo de la Industria Automotriz de Vehículos Ligeros. Venta de vehículos híbridos y eléctricos,Nacional,2020,2,28,0,0,24,2020-02-01,Feb,1,24
Registro Administrativo de la Industria Automotriz de Vehículos Ligeros. Venta de vehículos híbridos y eléctricos,Nacional,2020,2,29,0,0,8,2020-02-01,Feb,1,8
Registro Administrativo de la Industria Automotriz de Vehículos Ligeros. Venta de vehículos híbridos y eléctricos,Nacional,2020,2,30,0,0,31,2020-02-01,Feb,1,31
Registro Administrativo de la Industria Automotriz de Vehículos Ligeros. Venta de vehículos híbridos y eléctricos,Nacional,2020,2,31,1,1,20,2020-02-01,Feb,1,22
Registro Administrativo de la Industria Automotriz de Vehículos Ligeros. Venta de vehículos híbridos y eléctricos,Nacional,2020,2,32,0,1,6,2020-02-01,Feb,1,7
Registro Administrativo de la Industria Automotriz de Vehículos Ligeros. Venta de vehículos híbridos y eléctricos,Nacional,2020,2,99,0,0,0,2020-02-01,Feb,1,0
Registro Administrativo de la Industria Automotriz de Vehículos Ligeros. Venta de vehículos híbridos y eléctricos,Nacional,2020,3,1,0,0,21,2020-03-01,Mar,1,21
Registro Administrativo de la Industria Automotriz de Vehículos Ligeros. Venta de vehículos híbridos y eléctricos,Nacional,2020,3,2,0,1,36,2020-03-01,Mar,1,37
Registro Administrativo de la Industria Automotriz de Vehículos Ligeros. Venta de vehículos híbridos y eléctricos,Nacional,2020,3,3,0,0,17,2020-03-01,Mar,1,17
Registro Administrativo de la Industria Automotriz de Vehículos Ligeros. Venta de vehículos híbridos y eléctricos,Nacional,2020,3,4,0,1,2,2020-03-01,Mar,1,3
Registro Administrativo de la Industria Automotriz de Vehículos Ligeros. Venta de vehículos híbridos y eléctricos,Nacional,2020,3,5,0,0,38,2020-03-01,Mar,1,38
Registro Administrativo de la Industria Automotriz de Vehículos Ligeros. Venta de vehículos híbridos y eléctricos,Nacional,2020,3,6,0,1,11,2020-03-01,Mar,1,12
Registro Administrativo de la Industria Automotriz de Vehículos Ligeros. Venta de vehículos híbridos y eléctricos,Nacional,2020,3,7,0,0,12,2020-03-01,Mar,1,12
Registro Administrativo de la Industria Automotriz de Vehículos Ligeros. Venta de vehículos híbridos y eléctricos,Nacional,2020,3,8,0,0,27,2020-03-01,Mar,1,27
Registro Administrativo de la Industria Automotriz de Vehículos Ligeros. Venta de vehículos híbridos y eléctricos,Nacional,2020,3,9,6,59,720,2020-03-01,Mar,1,785
Registro Administrativo de la Industria Automotriz de Vehículos Ligeros. Venta de vehículos híbridos y eléctricos,Nacional,2020,3,10,0,0,8,2020-03-01,Mar,1,8
Registro Administrativo de la Industria Automotriz de Vehículos Ligeros. Venta de vehículos híbridos y eléctricos,Nacional,2020,3,11,1,0,54,2020-03-01,Mar,1,55
Registro Administrativo de la Industria Automotriz de Vehículos Ligeros. Venta de vehículos híbridos y eléctricos,Nacional,2020,3,12,0,0,2,2020-03-01,Mar,1,2
Registro Administrativo de la Industria Automotriz de Vehículos Ligeros. Venta de vehículos híbridos y eléctricos,Nacional,2020,3,13,0,1,27,2020-03-01,Mar,1,28
Registro Administrativo de la Industria Automotriz de Vehículos Ligeros. Venta de vehículos híbridos y eléctricos,Nacional,2020,3,14,4,23,234,2020-03-01,Mar,1,261
Registro Administrativo de la Industria Automotriz de Vehículos Ligeros. Venta de vehículos híbridos y eléctricos,Nacional,2020,3,15,6,28,389,2020-03-01,Mar,1,423
Registro Administrativo de la Industria Automotriz de Vehículos Ligeros. Venta de vehículos híbridos y eléctricos,Nacional,2020,3,16,0,2,104,2020-03-01,Mar,1,106
Registro Administrativo de la Industria Automotriz de Vehículos Ligeros. Venta de vehículos híbridos y eléctricos,Nacional,2020,3,17,0,10,40,2020-03-01,Mar,1,50
Registro Administrativo de la Industria Automotriz de Vehículos Ligeros. Venta de vehículos híbridos y eléctricos,Nacional,2020,3,18,0,0,3,2020-03-01,Mar,1,3
Registro Administrativo de la Industria Automotriz de Vehículos Ligeros. Venta de vehículos híbridos y eléctricos,Nacional,2020,3,19,2,21,148,2020-03-01,Mar,1,171
Registro Administrativo de la Industria Automotriz de Vehículos Ligeros. Venta de vehículos híbridos y eléctricos,Nacional,2020,3,20,0,1,10,2020-03-01,Mar,1,11
Registro Administrativo de la Industria Automotriz de Vehículos Ligeros. Venta de vehículos híbridos y eléctricos,Nacional,2020,3,21,0,6,51,2020-03-01,Mar,1,57
Registro Administrativo de la Industria Automotriz de Vehículos Ligeros. Venta de vehículos híbridos y eléctricos,Nacional,2020,3,22,0,8,35,2020-03-01,Mar,1,43
Registro Administrativo de la Industria Automotriz de Vehículos Ligeros. Venta de vehículos híbridos y eléctricos,Nacional,2020,3,23,1,0,12,2020-03-01,Mar,1,13
Registro Administrativo de la Industria Automotriz de Vehículos Ligeros. Venta de vehículos híbridos y eléctricos,Nacional,2020,3,24,0,2,19,2020-03-01,Mar,1,21
Registro Administrativo de la Industria Automotriz de Vehículos Ligeros. Venta de vehículos híbridos y eléctricos,Nacional,2020,3,25,0,2,54,2020-03-01,Mar,1,56
Registro Administrativo de la Industria Automotriz de Vehículos Ligeros. Venta de vehículos híbridos y eléctricos,Nacional,2020,3,26,0,2,26,2020-03-01,Mar,1,28
Registro Administrativo de la Industria Automotriz de Vehículos Ligeros. Venta de vehículos híbridos y eléctricos,Nacional,2020,3,27,0,0,9,2020-03-01,Mar,1,9
Registro Administrativo de la Industria Automotriz de Vehículos Ligeros. Venta de vehículos híbridos y eléctricos,Nacional,2020,3,28,0,0,18,2020-03-01,Mar,1,18
Registro Administrativo de la Industria Automotriz de Vehículos Ligeros. Venta de vehículos híbridos y eléctricos,Nacional,2020,3,29,0,0,6,2020-03-01,Mar,1,6
Registro Administrativo de la Industria Automotriz de Vehículos Ligeros. Venta de vehículos híbridos y eléctricos,Nacional,2020,3,30,0,0,32,2020-03-01,Mar,1,32
Registro Administrativo de la Industria Automotriz de Vehículos Ligeros. Venta de vehículos híbridos y eléctricos,Nacional,2020,3,31,0,2,26,2020-03-01,Mar,1,28
Registro Administrativo de la Industria Automotriz de Vehículos Ligeros. Venta de vehículos híbridos y eléctricos,Nacional,2020,3,32,0,0,7,2020-03-01,Mar,1,7
Registro Administrativo de la Industria Automotriz de Vehículos Ligeros. Venta de vehículos híbridos y eléctricos,Nacional,2020,3,99,0,0,0,2020-03-01,Mar,1,0
Registro Administrativo de la Industria Automotriz de Vehículos Ligeros. Venta de vehículos híbridos y eléctricos,Nacional,2020,4,1,0,0,10,2020-04-01,Apr,2,10
Registro Administrativo de la Industria Automotriz de Vehículos Ligeros. Venta de vehículos híbridos y eléctricos,Nacional,2020,4,2,0,2,12,2020-04-01,Apr,2,14
Registro Administrativo de la Industria Automotriz de Vehículos Ligeros. Venta de vehículos híbridos y eléctricos,Nacional,2020,4,3,0,0,13,2020-04-01,Apr,2,13
Registro Administrativo de la Industria Automotriz de Vehículos Ligeros. Venta de vehículos híbridos y eléctricos,Nacional,2020,4,4,0,0,1,2020-04-01,Apr,2,1
Registro Administrativo de la Industria Automotriz de Vehículos Ligeros. Venta de vehículos híbridos y eléctricos,Nacional,2020,4,5,0,5,18,2020-04-01,Apr,2,23
Registro Administrativo de la Industria Automotriz de Vehículos Ligeros. Venta de vehículos híbridos y eléctricos,Nacional,2020,4,6,0,0,7,2020-04-01,Apr,2,7
Registro Administrativo de la Industria Automotriz de Vehículos Ligeros. Venta de vehículos híbridos y eléctricos,Nacional,2020,4,7,0,0,6,2020-04-01,Apr,2,6
Registro Administrativo de la Industria Automotriz de Vehículos Ligeros. Venta de vehículos híbridos y eléctricos,Nacional,2020,4,8,0,0,12,2020-04-01,Apr,2,12
Registro Administrativo de la Industria Automotriz de Vehículos Ligeros. Venta de vehículos híbridos y eléctricos,Nacional,2020,4,9,12,62,311,2020-04-01,Apr,2,385
Registro Administrativo de la Industria Automotriz de Vehículos Ligeros. Venta de vehículos híbridos y eléctricos,Nacional,2020,4,10,0,0,1,2020-04-01,Apr,2,1
Registro Administrativo de la Industria Automotriz de Vehículos Ligeros. Venta de vehículos híbridos y eléctricos,Nacional,2020,4,11,0,2,24,2020-04-01,Apr,2,26
Registro Administrativo de la Industria Automotriz de Vehículos Ligeros. Venta de vehículos híbridos y eléctricos,Nacional,2020,4,12,0,0,7,2020-04-01,Apr,2,7
Registro Administrativo de la Industria Automotriz de Vehículos Ligeros. Venta de vehículos híbridos y eléctricos,Nacional,2020,4,13,1,0,5,2020-04-01,Apr,2,6
Registro Administrativo de la Industria Automotriz de Vehículos Ligeros. Venta de vehículos híbridos y eléctricos,Nacional,2020,4,14,2,10,142,2020-04-01,Apr,2,154
Registro Administrativo de la Industria Automotriz de Vehículos Ligeros. Venta de vehículos híbridos y eléctricos,Nacional,2020,4,15,3,6,150,2020-04-01,Apr,2,159
Registro Administrativo de la Industria Automotriz de Vehículos Ligeros. Venta de vehículos híbridos y eléctricos,Nacional,2020,4,16,0,1,27,2020-04-01,Apr,2,28
Registro Administrativo de la Industria Automotriz de Vehículos Ligeros. Venta de vehículos híbridos y eléctricos,Nacional,2020,4,17,0,1,15,2020-04-01,Apr,2,16
Registro Administrativo de la Industria Automotriz de Vehículos Ligeros. Venta de vehículos híbridos y eléctricos,Nacional,2020,4,18,0,0,1,2020-04-01,Apr,2,1
Registro Administrativo de la Industria Automotriz de Vehículos Ligeros. Venta de vehículos híbridos y eléctricos,Nacional,2020,4,19,1,5,70,2020-04-01,Apr,2,76
Registro Administrativo de la Industria Automotriz de Vehículos Ligeros. Venta de vehículos híbridos y eléctricos,Nacional,2020,4,20,0,0,30,2020-04-01,Apr,2,30
Registro Administrativo de la Industria Automotriz de Vehículos Ligeros. Venta de vehículos híbridos y eléctricos,Nacional,2020,4,21,0,1,22,2020-04-01,Apr,2,23
Registro Administrativo de la Industria Automotriz de Vehículos Ligeros. Venta de vehículos híbridos y eléctricos,Nacional,2020,4,22,0,3,24,2020-04-01,Apr,2,27
Registro Administrativo de la Industria Automotriz de Vehículos Ligeros. Venta de vehículos híbridos y eléctricos,Nacional,2020,4,23,0,0,2,2020-04-01,Apr,2,2
Registro Administrativo de la Industria Automotriz de Vehículos Ligeros. Venta de vehículos híbridos y eléctricos,Nacional,2020,4,24,0,2,5,2020-04-01,Apr,2,7
Registro Administrativo de la Industria Automotriz de Vehículos Ligeros. Venta de vehículos híbridos y eléctricos,Nacional,2020,4,25,0,0,19,2020-04-01,Apr,2,19
Registro Administrativo de la Industria Automotriz de Vehículos Ligeros. Venta de vehículos híbridos y eléctricos,Nacional,2020,4,26,0,0,5,2020-04-01,Apr,2,5
Registro Administrativo de la Industria Automotriz de Vehículos Ligeros. Venta de vehículos híbridos y eléctricos,Nacional,2020,4,27,0,0,7,2020-04-01,Apr,2,7
Registro Administrativo de la Industria Automotriz de Vehículos Ligeros. Venta de vehículos híbridos y eléctricos,Nacional,2020,4,28,0,0,6,2020-04-01,Apr,2,6
Registro Administrativo de la Industria Automotriz de Vehículos Ligeros. Venta de vehículos híbridos y eléctricos,Nacional,2020,4,29,0,0,3,2020-04-01,Apr,2,3
Registro Administrativo de la Industria Automotriz de Vehículos Ligeros. Venta de vehículos híbridos y eléctricos,Nacional,2020,4,30,0,1,15,2020-04-01,Apr,2,16
Registro Administrativo de la Industria Automotriz de Vehículos Ligeros. Venta de vehículos híbridos y eléctricos,Nacional,2020,4,31,0,3,10,2020-04-01,Apr,2,13
Registro Administrativo de la Industria Automotriz de Vehículos Ligeros. Venta de vehículos híbridos y eléctricos,Nacional,2020,4,32,0,0,2,2020-04-01,Apr,2,2
Registro Administrativo de la Industria Automotriz de Vehículos Ligeros. Venta de vehículos híbridos y eléctricos,Nacional,2020,4,99,0,0,0,2020-04-01,Apr,2,0
Registro Administrativo de la Industria Automotriz de Vehículos Ligeros. Venta de vehículos híbridos y eléctricos,Nacional,2020,5,1,0,1,8,2020-05-01,May,2,9
Registro Administrativo de la Industria Automotriz de Vehículos Ligeros. Venta de vehículos híbridos y eléctricos,Nacional,2020,5,2,0,0,11,2020-05-01,May,2,11
Registro Administrativo de la Industria Automotriz de Vehículos Ligeros. Venta de vehículos híbridos y eléctricos,Nacional,2020,5,3,0,0,11,2020-05-01,May,2,11
Registro Administrativo de la Industria Automotriz de Vehículos Ligeros. Venta de vehículos híbridos y eléctricos,Nacional,2020,5,4,0,0,1,2020-05-01,May,2,1
Registro Administrativo de la Industria Automotriz de Vehículos Ligeros. Venta de vehículos híbridos y eléctricos,Nacional,2020,5,5,1,4,19,2020-05-01,May,2,24
Registro Administrativo de la Industria Automotriz de Vehículos Ligeros. Venta de vehículos híbridos y eléctricos,Nacional,2020,5,6,0,0,5,2020-05-01,May,2,5
Registro Administrativo de la Industria Automotriz de Vehículos Ligeros. Venta de vehículos híbridos y eléctricos,Nacional,2020,5,7,0,0,5,2020-05-01,May,2,5
Registro Administrativo de la Industria Automotriz de Vehículos Ligeros. Venta de vehículos híbridos y eléctricos,Nacional,2020,5,8,0,0,15,2020-05-01,May,2,15
Registro Administrativo de la Industria Automotriz de Vehículos Ligeros. Venta de vehículos híbridos y eléctricos,Nacional,2020,5,9,2,32,364,2020-05-01,May,2,398
Registro Administrativo de la Industria Automotriz de Vehículos Ligeros. Venta de vehículos híbridos y eléctricos,Nacional,2020,5,10,0,0,6,2020-05-01,May,2,6
Registro Administrativo de la Industria Automotriz de Vehículos Ligeros. Venta de vehículos híbridos y eléctricos,Nacional,2020,5,11,1,5,26,2020-05-01,May,2,32
Registro Administrativo de la Industria Automotriz de Vehículos Ligeros. Venta de vehículos híbridos y eléctricos,Nacional,2020,5,12,0,0,1,2020-05-01,May,2,1
Registro Administrativo de la Industria Automotriz de Vehículos Ligeros. Venta de vehículos híbridos y eléctricos,Nacional,2020,5,13,0,0,7,2020-05-01,May,2,7
Registro Administrativo de la Industria Automotriz de Vehículos Ligeros. Venta de vehículos híbridos y eléctricos,Nacional,2020,5,14,4,6,87,2020-05-01,May,2,97
Registro Administrativo de la Industria Automotriz de Vehículos Ligeros. Venta de vehículos híbridos y eléctricos,Nacional,2020,5,15,0,7,143,2020-05-01,May,2,150
Registro Administrativo de la Industria Automotriz de Vehículos Ligeros. Venta de vehículos híbridos y eléctricos,Nacional,2020,5,16,0,2,43,2020-05-01,May,2,45
Registro Administrativo de la Industria Automotriz de Vehículos Ligeros. Venta de vehículos híbridos y eléctricos,Nacional,2020,5,17,0,1,28,2020-05-01,May,2,29
Registro Administrativo de la Industria Automotriz de Vehículos Ligeros. Venta de vehículos híbridos y eléctricos,Nacional,2020,5,18,0,1,2,2020-05-01,May,2,3
Registro Administrativo de la Industria Automotriz de Vehículos Ligeros. Venta de vehículos híbridos y eléctricos,Nacional,2020,5,19,1,4,106,2020-05-01,May,2,111
Registro Administrativo de la Industria Automotriz de Vehículos Ligeros. Venta de vehículos híbridos y eléctricos,Nacional,2020,5,20,0,0,34,2020-05-01,May,2,34
Registro Administrativo de la Industria Automotriz de Vehículos Ligeros. Venta de vehículos híbridos y eléctricos,Nacional,2020,5,21,0,1,43,2020-05-01,May,2,44
Registro Administrativo de la Industria Automotriz de Vehículos Ligeros. Venta de vehículos híbridos y eléctricos,Nacional,2020,5,22,1,2,10,2020-05-01,May,2,13
Registro Administrativo de la Industria Automotriz de Vehículos Ligeros. Venta de vehículos híbridos y eléctricos,Nacional,2020,5,23,0,1,7,2020-05-01,May,2,8
Registro Administrativo de la Industria Automotriz de Vehículos Ligeros. Venta de vehículos híbridos y eléctricos,Nacional,2020,5,24,0,0,8,2020-05-01,May,2,8
Registro Administrativo de la Industria Automotriz de Vehículos Ligeros. Venta de vehículos híbridos y eléctricos,Nacional,2020,5,25,0,1,36,2020-05-01,May,2,37
Registro Administrativo de la Industria Automotriz de Vehículos Ligeros. Venta de vehículos híbridos y eléctricos,Nacional,2020,5,26,0,0,20,2020-05-01,May,2,20
Registro Administrativo de la Industria Automotriz de Vehículos Ligeros. Venta de vehículos híbridos y eléctricos,Nacional,2020,5,27,0,0,7,2020-05-01,May,2,7
Registro Administrativo de la Industria Automotriz de Vehículos Ligeros. Venta de vehículos híbridos y eléctricos,Nacional,2020,5,28,0,0,16,2020-05-01,May,2,16
Registro Administrativo de la Industria Automotriz de Vehículos Ligeros. Venta de vehículos híbridos y eléctricos,Nacional,2020,5,29,0,0,4,2020-05-01,May,2,4
Registro Administrativo de la Industria Automotriz de Vehículos Ligeros. Venta de vehículos híbridos y eléctricos,Nacional,2020,5,30,0,0,18,2020-05-01,May,2,18
Registro Administrativo de la Industria Automotriz de Vehículos Ligeros. Venta de vehículos híbridos y eléctricos,Nacional,2020,5,31,0,0,6,2020-05-01,May,2,6
Registro Administrativo de la Industria Automotriz de Vehículos Ligeros. Venta de vehículos híbridos y eléctricos,Nacional,2020,5,32,0,0,7,2020-05-01,May,2,7
Registro Administrativo de la Industria Automotriz de Vehículos Ligeros. Venta de vehículos híbridos y eléctricos,Nacional,2020,5,99,0,0,0,2020-05-01,May,2,0
Registro Administrativo de la Industria Automotriz de Vehículos Ligeros. Venta de vehículos híbridos y eléctricos,Nacional,2020,6,1,0,2,11,2020-06-01,Jun,2,13
Registro Administrativo de la Industria Automotriz de Vehículos Ligeros. Venta de vehículos híbridos y eléctricos,Nacional,2020,6,2,0,2,23,2020-06-01,Jun,2,25
Registro Administrativo de la Industria Automotriz de Vehículos Ligeros. Venta de vehículos híbridos y eléctricos,Nacional,2020,6,3,0,0,6,2020-06-01,Jun,2,6
Registro Administrativo de la Industria Automotriz de Vehículos Ligeros. Venta de vehículos híbridos y eléctricos,Nacional,2020,6,4,0,0,2,2020-06-01,Jun,2,2
Registro Administrativo de la Industria Automotriz de Vehículos Ligeros. Venta de vehículos híbridos y eléctricos,Nacional,2020,6,5,0,1,45,2020-06-01,Jun,2,46
Registro Administrativo de la Industria Automotriz de Vehículos Ligeros. Venta de vehículos híbridos y eléctricos,Nacional,2020,6,6,0,0,7,2020-06-01,Jun,2,7
Registro Administrativo de la Industria Automotriz de Vehículos Ligeros. Venta de vehículos híbridos y eléctricos,Nacional,2020,6,7,0,0,6,2020-06-01,Jun,2,6
Registro Administrativo de la Industria Automotriz de Vehículos Ligeros. Venta de vehículos híbridos y eléctricos,Nacional,2020,6,8,0,0,27,2020-06-01,Jun,2,27
Registro Administrativo de la Industria Automotriz de Vehículos Ligeros. Venta de vehículos híbridos y eléctricos,Nacional,2020,6,9,21,72,483,2020-06-01,Jun,2,576
Registro Administrativo de la Industria Automotriz de Vehículos Ligeros. Venta de vehículos híbridos y eléctricos,Nacional,2020,6,10,0,1,7,2020-06-01,Jun,2,8
Registro Administrativo de la Industria Automotriz de Vehículos Ligeros. Venta de vehículos híbridos y eléctricos,Nacional,2020,6,11,1,3,38,2020-06-01,Jun,2,42
Registro Administrativo de la Industria Automotriz de Vehículos Ligeros. Venta de vehículos híbridos y eléctricos,Nacional,2020,6,12,0,0,1,2020-06-01,Jun,2,1
Registro Administrativo de la Industria Automotriz de Vehículos Ligeros. Venta de vehículos híbridos y eléctricos,Nacional,2020,6,13,0,1,15,2020-06-01,Jun,2,16
Registro Administrativo de la Industria Automotriz de Vehículos Ligeros. Venta de vehículos híbridos y eléctricos,Nacional,2020,6,14,1,11,142,2020-06-01,Jun,2,154
Registro Administrativo de la Industria Automotriz de Vehículos Ligeros. Venta de vehículos híbridos y eléctricos,Nacional,2020,6,15,1,14,241,2020-06-01,Jun,2,256
Registro Administrativo de la Industria Automotriz de Vehículos Ligeros. Venta de vehículos híbridos y eléctricos,Nacional,2020,6,16,0,5,48,2020-06-01,Jun,2,53
Registro Administrativo de la Industria Automotriz de Vehículos Ligeros. Venta de vehículos híbridos y eléctricos,Nacional,2020,6,17,0,5,27,2020-06-01,Jun,2,32
Registro Administrativo de la Industria Automotriz de Vehículos Ligeros. Venta de vehículos híbridos y eléctricos,Nacional,2020,6,18,0,0,1,2020-06-01,Jun,2,1
Registro Administrativo de la Industria Automotriz de Vehículos Ligeros. Venta de vehículos híbridos y eléctricos,Nacional,2020,6,19,2,6,103,2020-06-01,Jun,2,111
Registro Administrativo de la Industria Automotriz de Vehículos Ligeros. Venta de vehículos híbridos y eléctricos,Nacional,2020,6,20,1,0,74,2020-06-01,Jun,2,75
Registro Administrativo de la Industria Automotriz de Vehículos Ligeros. Venta de vehículos híbridos y eléctricos,Nacional,2020,6,21,0,0,44,2020-06-01,Jun,2,44
Registro Administrativo de la Industria Automotriz de Vehículos Ligeros. Venta de vehículos híbridos y eléctricos,Nacional,2020,6,22,0,5,35,2020-06-01,Jun,2,40
Registro Administrativo de la Industria Automotriz de Vehículos Ligeros. Venta de vehículos híbridos y eléctricos,Nacional,2020,6,23,0,1,7,2020-06-01,Jun,2,8
Registro Administrativo de la Industria Automotriz de Vehículos Ligeros. Venta de vehículos híbridos y eléctricos,Nacional,2020,6,24,1,1,15,2020-06-01,Jun,2,17
Registro Administrativo de la Industria Automotriz de Vehículos Ligeros. Venta de vehículos híbridos y eléctricos,Nacional,2020,6,25,0,1,23,2020-06-01,Jun,2,24
Registro Administrativo de la Industria Automotriz de Vehículos Ligeros. Venta de vehículos híbridos y eléctricos,Nacional,2020,6,26,0,1,22,2020-06-01,Jun,2,23
Registro Administrativo de la Industria Automotriz de Vehículos Ligeros. Venta de vehículos híbridos y eléctricos,Nacional,2020,6,27,0,0,5,2020-06-01,Jun,2,5
Registro Administrativo de la Industria Automotriz de Vehículos Ligeros. Venta de vehículos híbridos y eléctricos,Nacional,2020,6,28,0,1,19,2020-06-01,Jun,2,20
Registro Administrativo de la Industria Automotriz de Vehículos Ligeros. Venta de vehículos híbridos y eléctricos,Nacional,2020,6,29,0,0,5,2020-06-01,Jun,2,5
Registro Administrativo de la Industria Automotriz de Vehículos Ligeros. Venta de vehículos híbridos y eléctricos,Nacional,2020,6,30,0,1,21,2020-06-01,Jun,2,22
Registro Administrativo de la Industria Automotriz de Vehículos Ligeros. Venta de vehículos híbridos y eléctricos,Nacional,2020,6,31,0,2,17,2020-06-01,Jun,2,19
Registro Administrativo de la Industria Automotriz de Vehículos Ligeros. Venta de vehículos híbridos y eléctricos,Nacional,2020,6,32,0,0,2,2020-06-01,Jun,2,2
Registro Administrativo de la Industria Automotriz de Vehículos Ligeros. Venta de vehículos híbridos y eléctricos,Nacional,2020,6,99,0,0,0,2020-06-01,Jun,2,0
Registro Administrativo de la Industria Automotriz de Vehículos Ligeros. Venta de vehículos híbridos y eléctricos,Nacional,2020,7,1,0,1,24,2020-07-01,Jul,3,25
Registro Administrativo de la Industria Automotriz de Vehículos Ligeros. Venta de vehículos híbridos y eléctricos,Nacional,2020,7,2,0,2,30,2020-07-01,Jul,3,32
Registro Administrativo de la Industria Automotriz de Vehículos Ligeros. Venta de vehículos híbridos y eléctricos,Nacional,2020,7,3,0,0,29,2020-07-01,Jul,3,29
Registro Administrativo de la Industria Automotriz de Vehículos Ligeros. Venta de vehículos híbridos y eléctricos,Nacional,2020,7,4,0,0,5,2020-07-01,Jul,3,5
Registro Administrativo de la Industria Automotriz de Vehículos Ligeros. Venta de vehículos híbridos y eléctricos,Nacional,2020,7,5,0,1,29,2020-07-01,Jul,3,30
Registro Administrativo de la Industria Automotriz de Vehículos Ligeros. Venta de vehículos híbridos y eléctricos,Nacional,2020,7,6,0,0,12,2020-07-01,Jul,3,12
Registro Administrativo de la Industria Automotriz de Vehículos Ligeros. Venta de vehículos híbridos y eléctricos,Nacional,2020,7,7,0,0,6,2020-07-01,Jul,3,6
Registro Administrativo de la Industria Automotriz de Vehículos Ligeros. Venta de vehículos híbridos y eléctricos,Nacional,2020,7,8,1,0,31,2020-07-01,Jul,3,32
Registro Administrativo de la Industria Automotriz de Vehículos Ligeros. Venta de vehículos híbridos y eléctricos,Nacional,2020,7,9,4,61,419,2020-07-01,Jul,3,484
Registro Administrativo de la Industria Automotriz de Vehículos Ligeros. Venta de vehículos híbridos y eléctricos,Nacional,2020,7,10,0,0,15,2020-07-01,Jul,3,15
Registro Administrativo de la Industria Automotriz de Vehículos Ligeros. Venta de vehículos híbridos y eléctricos,Nacional,2020,7,11,0,4,56,2020-07-01,Jul,3,60
Registro Administrativo de la Industria Automotriz de Vehículos Ligeros. Venta de vehículos híbridos y eléctricos,Nacional,2020,7,12,0,0,8,2020-07-01,Jul,3,8
Registro Administrativo de la Industria Automotriz de Vehículos Ligeros. Venta de vehículos híbridos y eléctricos,Nacional,2020,7,13,1,1,16,2020-07-01,Jul,3,18
Registro Administrativo de la Industria Automotriz de Vehículos Ligeros. Venta de vehículos híbridos y eléctricos,Nacional,2020,7,14,0,11,172,2020-07-01,Jul,3,183
Registro Administrativo de la Industria Automotriz de Vehículos Ligeros. Venta de vehículos híbridos y eléctricos,Nacional,2020,7,15,7,19,238,2020-07-01,Jul,3,264
Registro Administrativo de la Industria Automotriz de Vehículos Ligeros. Venta de vehículos híbridos y eléctricos,Nacional,2020,7,16,1,2,54,2020-07-01,Jul,3,57
Registro Administrativo de la Industria Automotriz de Vehículos Ligeros. Venta de vehículos híbridos y eléctricos,Nacional,2020,7,17,1,4,31,2020-07-01,Jul,3,36
Registro Administrativo de la Industria Automotriz de Vehículos Ligeros. Venta de vehículos híbridos y eléctricos,Nacional,2020,7,18,0,0,2,2020-07-01,Jul,3,2
Registro Administrativo de la Industria Automotriz de Vehículos Ligeros. Venta de vehículos híbridos y eléctricos,Nacional,2020,7,19,4,14,105,2020-07-01,Jul,3,123
Registro Administrativo de la Industria Automotriz de Vehículos Ligeros. Venta de vehículos híbridos y eléctricos,Nacional,2020,7,20,1,0,47,2020-07-01,Jul,3,48
Registro Administrativo de la Industria Automotriz de Vehículos Ligeros. Venta de vehículos híbridos y eléctricos,Nacional,2020,7,21,2,9,45,2020-07-01,Jul,3,56
Registro Administrativo de la Industria Automotriz de Vehículos Ligeros. Venta de vehículos híbridos y eléctricos,Nacional,2020,7,22,2,5,41,2020-07-01,Jul,3,48
Registro Administrativo de la Industria Automotriz de Vehículos Ligeros. Venta de vehículos híbridos y eléctricos,Nacional,2020,7,23,0,1,12,2020-07-01,Jul,3,13
Registro Administrativo de la Industria Automotriz de Vehículos Ligeros. Venta de vehículos híbridos y eléctricos,Nacional,2020,7,24,0,1,13,2020-07-01,Jul,3,14
Registro Administrativo de la Industria Automotriz de Vehículos Ligeros. Venta de vehículos híbridos y eléctricos,Nacional,2020,7,25,0,3,58,2020-07-01,Jul,3,61
Registro Administrativo de la Industria Automotriz de Vehículos Ligeros. Venta de vehículos híbridos y eléctricos,Nacional,2020,7,26,0,1,23,2020-07-01,Jul,3,24
Registro Administrativo de la Industria Automotriz de Vehículos Ligeros. Venta de vehículos híbridos y eléctricos,Nacional,2020,7,27,0,0,9,2020-07-01,Jul,3,9
Registro Administrativo de la Industria Automotriz de Vehículos Ligeros. Venta de vehículos híbridos y eléctricos,Nacional,2020,7,28,0,0,18,2020-07-01,Jul,3,18
Registro Administrativo de la Industria Automotriz de Vehículos Ligeros. Venta de vehículos híbridos y eléctricos,Nacional,2020,7,29,0,0,3,2020-07-01,Jul,3,3
Registro Administrativo de la Industria Automotriz de Vehículos Ligeros. Venta de vehículos híbridos y eléctricos,Nacional,2020,7,30,0,1,28,2020-07-01,Jul,3,29
Registro Administrativo de la Industria Automotriz de Vehículos Ligeros. Venta de vehículos híbridos y eléctricos,Nacional,2020,7,31,0,0,13,2020-07-01,Jul,3,13
Registro Administrativo de la Industria Automotriz de Vehículos Ligeros. Venta de vehículos híbridos y eléctricos,Nacional,2020,7,32,0,0,9,2020-07-01,Jul,3,9
Registro Administrativo de la Industria Automotriz de Vehículos Ligeros. Venta de vehículos híbridos y eléctricos,Nacional,2020,7,99,0,0,0,2020-07-01,Jul,3,0
Registro Administrativo de la Industria Automotriz de Vehículos Ligeros. Venta de vehículos híbridos y eléctricos,Nacional,2020,8,1,3,0,19,2020-08-01,Aug,3,22
Registro Administrativo de la Industria Automotriz de Vehículos Ligeros. Venta de vehículos híbridos y eléctricos,Nacional,2020,8,2,0,2,30,2020-08-01,Aug,3,32
Registro Administrativo de la Industria Automotriz de Vehículos Ligeros. Venta de vehículos híbridos y eléctricos,Nacional,2020,8,3,0,0,19,2020-08-01,Aug,3,19
Registro Administrativo de la Industria Automotriz de Vehículos Ligeros. Venta de vehículos híbridos y eléctricos,Nacional,2020,8,4,0,0,2,2020-08-01,Aug,3,2
Registro Administrativo de la Industria Automotriz de Vehículos Ligeros. Venta de vehículos híbridos y eléctricos,Nacional,2020,8,5,0,3,30,2020-08-01,Aug,3,33
Registro Administrativo de la Industria Automotriz de Vehículos Ligeros. Venta de vehículos híbridos y eléctricos,Nacional,2020,8,6,0,0,14,2020-08-01,Aug,3,14
Registro Administrativo de la Industria Automotriz de Vehículos Ligeros. Venta de vehículos híbridos y eléctricos,Nacional,2020,8,7,0,0,5,2020-08-01,Aug,3,5
Registro Administrativo de la Industria Automotriz de Vehículos Ligeros. Venta de vehículos híbridos y eléctricos,Nacional,2020,8,8,1,0,32,2020-08-01,Aug,3,33
Registro Administrativo de la Industria Automotriz de Vehículos Ligeros. Venta de vehículos híbridos y eléctricos,Nacional,2020,8,9,11,56,449,2020-08-01,Aug,3,516
Registro Administrativo de la Industria Automotriz de Vehículos Ligeros. Venta de vehículos híbridos y eléctricos,Nacional,2020,8,10,0,0,4,2020-08-01,Aug,3,4
Registro Administrativo de la Industria Automotriz de Vehículos Ligeros. Venta de vehículos híbridos y eléctricos,Nacional,2020,8,11,2,3,45,2020-08-01,Aug,3,50
Registro Administrativo de la Industria Automotriz de Vehículos Ligeros. Venta de vehículos híbridos y eléctricos,Nacional,2020,8,12,0,0,5,2020-08-01,Aug,3,5
Registro Administrativo de la Industria Automotriz de Vehículos Ligeros. Venta de vehículos híbridos y eléctricos,Nacional,2020,8,13,1,1,31,2020-08-01,Aug,3,33
Registro Administrativo de la Industria Automotriz de Vehículos Ligeros. Venta de vehículos híbridos y eléctricos,Nacional,2020,8,14,3,15,155,2020-08-01,Aug,3,173
Registro Administrativo de la Industria Automotriz de Vehículos Ligeros. Venta de vehículos híbridos y eléctricos,Nacional,2020,8,15,10,14,260,2020-08-01,Aug,3,284
Registro Administrativo de la Industria Automotriz de Vehículos Ligeros. Venta de vehículos híbridos y eléctricos,Nacional,2020,8,16,0,3,37,2020-08-01,Aug,3,40
Registro Administrativo de la Industria Automotriz de Vehículos Ligeros. Venta de vehículos híbridos y eléctricos,Nacional,2020,8,17,2,5,23,2020-08-01,Aug,3,30
Registro Administrativo de la Industria Automotriz de Vehículos Ligeros. Venta de vehículos híbridos y eléctricos,Nacional,2020,8,18,0,0,0,2020-08-01,Aug,3,0
Registro Administrativo de la Industria Automotriz de Vehículos Ligeros. Venta de vehículos híbridos y eléctricos,Nacional,2020,8,19,3,15,110,2020-08-01,Aug,3,128
Registro Administrativo de la Industria Automotriz de Vehículos Ligeros. Venta de vehículos híbridos y eléctricos,Nacional,2020,8,20,0,0,40,2020-08-01,Aug,3,40
Registro Administrativo de la Industria Automotriz de Vehículos Ligeros. Venta de vehículos híbridos y eléctricos,Nacional,2020,8,21,5,2,58,2020-08-01,Aug,3,65
Registro Administrativo de la Industria Automotriz de Vehículos Ligeros. Venta de vehículos híbridos y eléctricos,Nacional,2020,8,22,1,8,41,2020-08-01,Aug,3,50
Registro Administrativo de la Industria Automotriz de Vehículos Ligeros. Venta de vehículos híbridos y eléctricos,Nacional,2020,8,23,0,0,9,2020-08-01,Aug,3,9
Registro Administrativo de la Industria Automotriz de Vehículos Ligeros. Venta de vehículos híbridos y eléctricos,Nacional,2020,8,24,2,3,22,2020-08-01,Aug,3,27
Registro Administrativo de la Industria Automotriz de Vehículos Ligeros. Venta de vehículos híbridos y eléctricos,Nacional,2020,8,25,0,4,67,2020-08-01,Aug,3,71
Registro Administrativo de la Industria Automotriz de Vehículos Ligeros. Venta de vehículos híbridos y eléctricos,Nacional,2020,8,26,0,0,21,2020-08-01,Aug,3,21
Registro Administrativo de la Industria Automotriz de Vehículos Ligeros. Venta de vehículos híbridos y eléctricos,Nacional,2020,8,27,3,0,11,2020-08-01,Aug,3,14
Registro Administrativo de la Industria Automotriz de Vehículos Ligeros. Venta de vehículos híbridos y eléctricos,Nacional,2020,8,28,0,0,14,2020-08-01,Aug,3,14
Registro Administrativo de la Industria Automotriz de Vehículos Ligeros. Venta de vehículos híbridos y eléctricos,Nacional,2020,8,29,0,0,8,2020-08-01,Aug,3,8
Registro Administrativo de la Industria Automotriz de Vehículos Ligeros. Venta de vehículos híbridos y eléctricos,Nacional,2020,8,30,3,0,33,2020-08-01,Aug,3,36
Registro Administrativo de la Industria Automotriz de Vehículos Ligeros. Venta de vehículos híbridos y eléctricos,Nacional,2020,8,31,1,1,17,2020-08-01,Aug,3,19
Registro Administrativo de la Industria Automotriz de Vehículos Ligeros. Venta de vehículos híbridos y eléctricos,Nacional,2020,8,32,0,0,7,2020-08-01,Aug,3,7
Registro Administrativo de la Industria Automotriz de Vehículos Ligeros. Venta de vehículos híbridos y eléctricos,Nacional,2020,8,99,0,0,0,2020-08-01,Aug,3,0
Registro Administrativo de la Industria Automotriz de Vehículos Ligeros. Venta de vehículos híbridos y eléctricos,Nacional,2020,9,1,0,1,18,2020-09-01,Sep,3,19
Registro Administrativo de la Industria Automotriz de Vehículos Ligeros. Venta de vehículos híbridos y eléctricos,Nacional,2020,9,2,3,1,27,2020-09-01,Sep,3,31
Registro Administrativo de la Industria Automotriz de Vehículos Ligeros. Venta de vehículos híbridos y eléctricos,Nacional,2020,9,3,0,0,8,2020-09-01,Sep,3,8
Registro Administrativo de la Industria Automotriz de Vehículos Ligeros. Venta de vehículos híbridos y eléctricos,Nacional,2020,9,4,0,0,2,2020-09-01,Sep,3,2
Registro Administrativo de la Industria Automotriz de Vehículos Ligeros. Venta de vehículos híbridos y eléctricos,Nacional,2020,9,5,0,8,27,2020-09-01,Sep,3,35
Registro Administrativo de la Industria Automotriz de Vehículos Ligeros. Venta de vehículos híbridos y eléctricos,Nacional,2020,9,6,1,0,2,2020-09-01,Sep,3,3
Registro Administrativo de la Industria Automotriz de Vehículos Ligeros. Venta de vehículos híbridos y eléctricos,Nacional,2020,9,7,0,0,8,2020-09-01,Sep,3,8
Registro Administrativo de la Industria Automotriz de Vehículos Ligeros. Venta de vehículos híbridos y eléctricos,Nacional,2020,9,8,0,0,18,2020-09-01,Sep,3,18
Registro Administrativo de la Industria Automotriz de Vehículos Ligeros. Venta de vehículos híbridos y eléctricos,Nacional,2020,9,9,14,69,397,2020-09-01,Sep,3,480
Registro Administrativo de la Industria Automotriz de Vehículos Ligeros. Venta de vehículos híbridos y eléctricos,Nacional,2020,9,10,0,0,4,2020-09-01,Sep,3,4
Registro Administrativo de la Industria Automotriz de Vehículos Ligeros. Venta de vehículos híbridos y eléctricos,Nacional,2020,9,11,2,6,43,2020-09-01,Sep,3,51
Registro Administrativo de la Industria Automotriz de Vehículos Ligeros. Venta de vehículos híbridos y eléctricos,Nacional,2020,9,12,0,0,7,2020-09-01,Sep,3,7
Registro Administrativo de la Industria Automotriz de Vehículos Ligeros. Venta de vehículos híbridos y eléctricos,Nacional,2020,9,13,0,1,12,2020-09-01,Sep,3,13
Registro Administrativo de la Industria Automotriz de Vehículos Ligeros. Venta de vehículos híbridos y eléctricos,Nacional,2020,9,14,6,6,135,2020-09-01,Sep,3,147
Registro Administrativo de la Industria Automotriz de Vehículos Ligeros. Venta de vehículos híbridos y eléctricos,Nacional,2020,9,15,7,14,265,2020-09-01,Sep,3,286
Registro Administrativo de la Industria Automotriz de Vehículos Ligeros. Venta de vehículos híbridos y eléctricos,Nacional,2020,9,16,1,3,37,2020-09-01,Sep,3,41
Registro Administrativo de la Industria Automotriz de Vehículos Ligeros. Venta de vehículos híbridos y eléctricos,Nacional,2020,9,17,0,2,26,2020-09-01,Sep,3,28
Registro Administrativo de la Industria Automotriz de Vehículos Ligeros. Venta de vehículos híbridos y eléctricos,Nacional,2020,9,18,0,0,3,2020-09-01,Sep,3,3
Registro Administrativo de la Industria Automotriz de Vehículos Ligeros. Venta de vehículos híbridos y eléctricos,Nacional,2020,9,19,5,17,86,2020-09-01,Sep,3,108
Registro Administrativo de la Industria Automotriz de Vehículos Ligeros. Venta de vehículos híbridos y eléctricos,Nacional,2020,9,20,0,0,20,2020-09-01,Sep,3,20
Registro Administrativo de la Industria Automotriz de Vehículos Ligeros. Venta de vehículos híbridos y eléctricos,Nacional,2020,9,21,4,6,57,2020-09-01,Sep,3,67
Registro Administrativo de la Industria Automotriz de Vehículos Ligeros. Venta de vehículos híbridos y eléctricos,Nacional,2020,9,22,1,8,42,2020-09-01,Sep,3,51
Registro Administrativo de la Industria Automotriz de Vehículos Ligeros. Venta de vehículos híbridos y eléctricos,Nacional,2020,9,23,1,1,9,2020-09-01,Sep,3,11
Registro Administrativo de la Industria Automotriz de Vehículos Ligeros. Venta de vehículos híbridos y eléctricos,Nacional,2020,9,24,0,2,14,2020-09-01,Sep,3,16
Registro Administrativo de la Industria Automotriz de Vehículos Ligeros. Venta de vehículos híbridos y eléctricos,Nacional,2020,9,25,0,2,33,2020-09-01,Sep,3,35
Registro Administrativo de la Industria Automotriz de Vehículos Ligeros. Venta de vehículos híbridos y eléctricos,Nacional,2020,9,26,0,1,13,2020-09-01,Sep,3,14
Registro Administrativo de la Industria Automotriz de Vehículos Ligeros. Venta de vehículos híbridos y eléctricos,Nacional,2020,9,27,0,1,12,2020-09-01,Sep,3,13
Registro Administrativo de la Industria Automotriz de Vehículos Ligeros. Venta de vehículos híbridos y eléctricos,Nacional,2020,9,28,0,0,11,2020-09-01,Sep,3,11
Registro Administrativo de la Industria Automotriz de Vehículos Ligeros. Venta de vehículos híbridos y eléctricos,Nacional,2020,9,29,0,0,6,2020-09-01,Sep,3,6
Registro Administrativo de la Industria Automotriz de Vehículos Ligeros. Venta de vehículos híbridos y eléctricos,Nacional,2020,9,30,3,1,18,2020-09-01,Sep,3,22
Registro Administrativo de la Industria Automotriz de Vehículos Ligeros. Venta de vehículos híbridos y eléctricos,Nacional,2020,9,31,1,1,13,2020-09-01,Sep,3,15
Registro Administrativo de la Industria Automotriz de Vehículos Ligeros. Venta de vehículos híbridos y eléctricos,Nacional,2020,9,32,0,0,1,2020-09-01,Sep,3,1
Registro Administrativo de la Industria Automotriz de Vehículos Ligeros. Venta de vehículos híbridos y eléctricos,Nacional,2020,9,99,0,0,0,2020-09-01,Sep,3,0
Registro Administrativo de la Industria Automotriz de Vehículos Ligeros. Venta de vehículos híbridos y eléctricos,Nacional,2020,10,1,0,0,16,2020-10-01,Oct,4,16
Registro Administrativo de la Industria Automotriz de Vehículos Ligeros. Venta de vehículos híbridos y eléctricos,Nacional,2020,10,2,1,0,31,2020-10-01,Oct,4,32
Registro Administrativo de la Industria Automotriz de Vehículos Ligeros. Venta de vehículos híbridos y eléctricos,Nacional,2020,10,3,0,0,13,2020-10-01,Oct,4,13
Registro Administrativo de la Industria Automotriz de Vehículos Ligeros. Venta de vehículos híbridos y eléctricos,Nacional,2020,10,4,0,0,1,2020-10-01,Oct,4,1
Registro Administrativo de la Industria Automotriz de Vehículos Ligeros. Venta de vehículos híbridos y eléctricos,Nacional,2020,10,5,0,3,41,2020-10-01,Oct,4,44
Registro Administrativo de la Industria Automotriz de Vehículos Ligeros. Venta de vehículos híbridos y eléctricos,Nacional,2020,10,6,1,0,6,2020-10-01,Oct,4,7
Registro Administrativo de la Industria Automotriz de Vehículos Ligeros. Venta de vehículos híbridos y eléctricos,Nacional,2020,10,7,0,0,4,2020-10-01,Oct,4,4
Registro Administrativo de la Industria Automotriz de Vehículos Ligeros. Venta de vehículos híbridos y eléctricos,Nacional,2020,10,8,0,1,23,2020-10-01,Oct,4,24
Registro Administrativo de la Industria Automotriz de Vehículos Ligeros. Venta de vehículos híbridos y eléctricos,Nacional,2020,10,9,20,53,551,2020-10-01,Oct,4,624
Registro Administrativo de la Industria Automotriz de Vehículos Ligeros. Venta de vehículos híbridos y eléctricos,Nacional,2020,10,10,0,0,9,2020-10-01,Oct,4,9
Registro Administrativo de la Industria Automotriz de Vehículos Ligeros. Venta de vehículos híbridos y eléctricos,Nacional,2020,10,11,2,3,41,2020-10-01,Oct,4,46
Registro Administrativo de la Industria Automotriz de Vehículos Ligeros. Venta de vehículos híbridos y eléctricos,Nacional,2020,10,12,0,0,4,2020-10-01,Oct,4,4
Registro Administrativo de la Industria Automotriz de Vehículos Ligeros. Venta de vehículos híbridos y eléctricos,Nacional,2020,10,13,1,0,23,2020-10-01,Oct,4,24
Registro Administrativo de la Industria Automotriz de Vehículos Ligeros. Venta de vehículos híbridos y eléctricos,Nacional,2020,10,14,4,9,152,2020-10-01,Oct,4,165
Registro Administrativo de la Industria Automotriz de Vehículos Ligeros. Venta de vehículos híbridos y eléctricos,Nacional,2020,10,15,16,14,423,2020-10-01,Oct,4,453
Registro Administrativo de la Industria Automotriz de Vehículos Ligeros. Venta de vehículos híbridos y eléctricos,Nacional,2020,10,16,1,2,62,2020-10-01,Oct,4,65
Registro Administrativo de la Industria Automotriz de Vehículos Ligeros. Venta de vehículos híbridos y eléctricos,Nacional,2020,10,17,1,0,29,2020-10-01,Oct,4,30
Registro Administrativo de la Industria Automotriz de Vehículos Ligeros. Venta de vehículos híbridos y eléctricos,Nacional,2020,10,18,0,1,6,2020-10-01,Oct,4,7
Registro Administrativo de la Industria Automotriz de Vehículos Ligeros. Venta de vehículos híbridos y eléctricos,Nacional,2020,10,19,5,7,121,2020-10-01,Oct,4,133
Registro Administrativo de la Industria Automotriz de Vehículos Ligeros. Venta de vehículos híbridos y eléctricos,Nacional,2020,10,20,1,0,40,2020-10-01,Oct,4,41
Registro Administrativo de la Industria Automotriz de Vehículos Ligeros. Venta de vehículos híbridos y eléctricos,Nacional,2020,10,21,1,1,62,2020-10-01,Oct,4,64
Registro Administrativo de la Industria Automotriz de Vehículos Ligeros. Venta de vehículos híbridos y eléctricos,Nacional,2020,10,22,1,14,55,2020-10-01,Oct,4,70
Registro Administrativo de la Industria Automotriz de Vehículos Ligeros. Venta de vehículos híbridos y eléctricos,Nacional,2020,10,23,0,0,8,2020-10-01,Oct,4,8
Registro Administrativo de la Industria Automotriz de Vehículos Ligeros. Venta de vehículos híbridos y eléctricos,Nacional,2020,10,24,0,3,19,2020-10-01,Oct,4,22
Registro Administrativo de la Industria Automotriz de Vehículos Ligeros. Venta de vehículos híbridos y eléctricos,Nacional,2020,10,25,1,4,40,2020-10-01,Oct,4,45
Registro Administrativo de la Industria Automotriz de Vehículos Ligeros. Venta de vehículos híbridos y eléctricos,Nacional,2020,10,26,0,2,25,2020-10-01,Oct,4,27
Registro Administrativo de la Industria Automotriz de Vehículos Ligeros. Venta de vehículos híbridos y eléctricos,Nacional,2020,10,27,0,0,5,2020-10-01,Oct,4,5
Registro Administrativo de la Industria Automotriz de Vehículos Ligeros. Venta de vehículos híbridos y eléctricos,Nacional,2020,10,28,0,0,13,2020-10-01,Oct,4,13
Registro Administrativo de la Industria Automotriz de Vehículos Ligeros. Venta de vehículos híbridos y eléctricos,Nacional,2020,10,29,0,0,13,2020-10-01,Oct,4,13
Registro Administrativo de la Industria Automotriz de Vehículos Ligeros. Venta de vehículos híbridos y eléctricos,Nacional,2020,10,30,1,1,35,2020-10-01,Oct,4,37
Registro Administrativo de la Industria Automotriz de Vehículos Ligeros. Venta de vehículos híbridos y eléctricos,Nacional,2020,10,31,0,2,20,2020-10-01,Oct,4,22
Registro Administrativo de la Industria Automotriz de Vehículos Ligeros. Venta de vehículos híbridos y eléctricos,Nacional,2020,10,32,0,0,4,2020-10-01,Oct,4,4
Registro Administrativo de la Industria Automotriz de Vehículos Ligeros. Venta de vehículos híbridos y eléctricos,Nacional,2020,10,99,0,0,0,2020-10-01,Oct,4,0
Registro Administrativo de la Industria Automotriz de Vehículos Ligeros. Venta de vehículos híbridos y eléctricos,Nacional,2020,11,1,0,1,19,2020-11-01,Nov,4,20
Registro Administrativo de la Industria Automotriz de Vehículos Ligeros. Venta de vehículos híbridos y eléctricos,Nacional,2020,11,2,0,0,19,2020-11-01,Nov,4,19
Registro Administrativo de la Industria Automotriz de Vehículos Ligeros. Venta de vehículos híbridos y eléctricos,Nacional,2020,11,3,0,0,9,2020-11-01,Nov,4,9
Registro Administrativo de la Industria Automotriz de Vehículos Ligeros. Venta de vehículos híbridos y eléctricos,Nacional,2020,11,4,0,0,6,2020-11-01,Nov,4,6
Registro Administrativo de la Industria Automotriz de Vehículos Ligeros. Venta de vehículos híbridos y eléctricos,Nacional,2020,11,5,0,1,49,2020-11-01,Nov,4,50
Registro Administrativo de la Industria Automotriz de Vehículos Ligeros. Venta de vehículos híbridos y eléctricos,Nacional,2020,11,6,0,0,8,2020-11-01,Nov,4,8
Registro Administrativo de la Industria Automotriz de Vehículos Ligeros. Venta de vehículos híbridos y eléctricos,Nacional,2020,11,7,0,0,5,2020-11-01,Nov,4,5
Registro Administrativo de la Industria Automotriz de Vehículos Ligeros. Venta de vehículos híbridos y eléctricos,Nacional,2020,11,8,0,0,29,2020-11-01,Nov,4,29
Registro Administrativo de la Industria Automotriz de Vehículos Ligeros. Venta de vehículos híbridos y eléctricos,Nacional,2020,11,9,3,88,542,2020-11-01,Nov,4,633
Registro Administrativo de la Industria Automotriz de Vehículos Ligeros. Venta de vehículos híbridos y eléctricos,Nacional,2020,11,10,0,0,8,2020-11-01,Nov,4,8
Registro Administrativo de la Industria Automotriz de Vehículos Ligeros. Venta de vehículos híbridos y eléctricos,Nacional,2020,11,11,2,8,70,2020-11-01,Nov,4,80
Registro Administrativo de la Industria Automotriz de Vehículos Ligeros. Venta de vehículos híbridos y eléctricos,Nacional,2020,11,12,0,0,10,2020-11-01,Nov,4,10
Registro Administrativo de la Industria Automotriz de Vehículos Ligeros. Venta de vehículos híbridos y eléctricos,Nacional,2020,11,13,0,0,34,2020-11-01,Nov,4,34
Registro Administrativo de la Industria Automotriz de Vehículos Ligeros. Venta de vehículos híbridos y eléctricos,Nacional,2020,11,14,3,12,186,2020-11-01,Nov,4,201
Registro Administrativo de la Industria Automotriz de Vehículos Ligeros. Venta de vehículos híbridos y eléctricos,Nacional,2020,11,15,27,19,446,2020-11-01,Nov,4,492
Registro Administrativo de la Industria Automotriz de Vehículos Ligeros. Venta de vehículos híbridos y eléctricos,Nacional,2020,11,16,0,5,61,2020-11-01,Nov,4,66
Registro Administrativo de la Industria Automotriz de Vehículos Ligeros. Venta de vehículos híbridos y eléctricos,Nacional,2020,11,17,0,3,49,2020-11-01,Nov,4,52
Registro Administrativo de la Industria Automotriz de Vehículos Ligeros. Venta de vehículos híbridos y eléctricos,Nacional,2020,11,18,0,0,1,2020-11-01,Nov,4,1
Registro Administrativo de la Industria Automotriz de Vehículos Ligeros. Venta de vehículos híbridos y eléctricos,Nacional,2020,11,19,1,11,208,2020-11-01,Nov,4,220
Registro Administrativo de la Industria Automotriz de Vehículos Ligeros. Venta de vehículos híbridos y eléctricos,Nacional,2020,11,20,2,0,33,2020-11-01,Nov,4,35
Registro Administrativo de la Industria Automotriz de Vehículos Ligeros. Venta de vehículos híbridos y eléctricos,Nacional,2020,11,21,1,7,84,2020-11-01,Nov,4,92
Registro Administrativo de la Industria Automotriz de Vehículos Ligeros. Venta de vehículos híbridos y eléctricos,Nacional,2020,11,22,1,9,67,2020-11-01,Nov,4,77
Registro Administrativo de la Industria Automotriz de Vehículos Ligeros. Venta de vehículos híbridos y eléctricos,Nacional,2020,11,23,1,0,11,2020-11-01,Nov,4,12
Registro Administrativo de la Industria Automotriz de Vehículos Ligeros. Venta de vehículos híbridos y eléctricos,Nacional,2020,11,24,0,3,25,2020-11-01,Nov,4,28
Registro Administrativo de la Industria Automotriz de Vehículos Ligeros. Venta de vehículos híbridos y eléctricos,Nacional,2020,11,25,0,6,50,2020-11-01,Nov,4,56
Registro Administrativo de la Industria Automotriz de Vehículos Ligeros. Venta de vehículos híbridos y eléctricos,Nacional,2020,11,26,0,2,29,2020-11-01,Nov,4,31
Registro Administrativo de la Industria Automotriz de Vehículos Ligeros. Venta de vehículos híbridos y eléctricos,Nacional,2020,11,27,0,0,11,2020-11-01,Nov,4,11
Registro Administrativo de la Industria Automotriz de Vehículos Ligeros. Venta de vehículos híbridos y eléctricos,Nacional,2020,11,28,0,0,27,2020-11-01,Nov,4,27
Registro Administrativo de la Industria Automotriz de Vehículos Ligeros. Venta de vehículos híbridos y eléctricos,Nacional,2020,11,29,0,0,13,2020-11-01,Nov,4,13
Registro Administrativo de la Industria Automotriz de Vehículos Ligeros. Venta de vehículos híbridos y eléctricos,Nacional,2020,11,30,0,0,40,2020-11-01,Nov,4,40
Registro Administrativo de la Industria Automotriz de Vehículos Ligeros. Venta de vehículos híbridos y eléctricos,Nacional,2020,11,31,0,1,27,2020-11-01,Nov,4,28
Registro Administrativo de la Industria Automotriz de Vehículos Ligeros. Venta de vehículos híbridos y eléctricos,Nacional,2020,11,32,0,0,9,2020-11-01,Nov,4,9
Registro Administrativo de la Industria Automotriz de Vehículos Ligeros. Venta de vehículos híbridos y eléctricos,Nacional,2020,11,99,0,0,0,2020-11-01,Nov,4,0
Registro Administrativo de la Industria Automotriz de Vehículos Ligeros. Venta de vehículos híbridos y eléctricos,Nacional,2020,12,1,0,2,42,2020-12-01,Dec,4,44
Registro Administrativo de la Industria Automotriz de Vehículos Ligeros. Venta de vehículos híbridos y eléctricos,Nacional,2020,12,2,0,5,62,2020-12-01,Dec,4,67
Registro Administrativo de la Industria Automotriz de Vehículos Ligeros. Venta de vehículos híbridos y eléctricos,Nacional,2020,12,3,0,0,47,2020-12-01,Dec,4,47
Registro Administrativo de la Industria Automotriz de Vehículos Ligeros. Venta de vehículos híbridos y eléctricos,Nacional,2020,12,4,0,0,4,2020-12-01,Dec,4,4
Registro Administrativo de la Industria Automotriz de Vehículos Ligeros. Venta de vehículos híbridos y eléctricos,Nacional,2020,12,5,0,8,66,2020-12-01,Dec,4,74
Registro Administrativo de la Industria Automotriz de Vehículos Ligeros. Venta de vehículos híbridos y eléctricos,Nacional,2020,12,6,0,0,27,2020-12-01,Dec,4,27
Registro Administrativo de la Industria Automotriz de Vehículos Ligeros. Venta de vehículos híbridos y eléctricos,Nacional,2020,12,7,0,0,18,2020-12-01,Dec,4,18
Registro Administrativo de la Industria Automotriz de Vehículos Ligeros. Venta de vehículos híbridos y eléctricos,Nacional,2020,12,8,0,3,69,2020-12-01,Dec,4,72
Registro Administrativo de la Industria Automotriz de Vehículos Ligeros. Venta de vehículos híbridos y eléctricos,Nacional,2020,12,9,11,102,721,2020-12-01,Dec,4,834
Registro Administrativo de la Industria Automotriz de Vehículos Ligeros. Venta de vehículos híbridos y eléctricos,Nacional,2020,12,10,0,0,13,2020-12-01,Dec,4,13
Registro Administrativo de la Industria Automotriz de Vehículos Ligeros. Venta de vehículos híbridos y eléctricos,Nacional,2020,12,11,0,7,105,2020-12-01,Dec,4,112
Registro Administrativo de la Industria Automotriz de Vehículos Ligeros. Venta de vehículos híbridos y eléctricos,Nacional,2020,12,12,0,0,11,2020-12-01,Dec,4,11
Registro Administrativo de la Industria Automotriz de Vehículos Ligeros. Venta de vehículos híbridos y eléctricos,Nacional,2020,12,13,0,0,40,2020-12-01,Dec,4,40
Registro Administrativo de la Industria Automotriz de Vehículos Ligeros. Venta de vehículos híbridos y eléctricos,Nacional,2020,12,14,6,19,320,2020-12-01,Dec,4,345
Registro Administrativo de la Industria Automotriz de Vehículos Ligeros. Venta de vehículos híbridos y eléctricos,Nacional,2020,12,15,35,30,528,2020-12-01,Dec,4,593
Registro Administrativo de la Industria Automotriz de Vehículos Ligeros. Venta de vehículos híbridos y eléctricos,Nacional,2020,12,16,1,8,133,2020-12-01,Dec,4,142
Registro Administrativo de la Industria Automotriz de Vehículos Ligeros. Venta de vehículos híbridos y eléctricos,Nacional,2020,12,17,1,5,43,2020-12-01,Dec,4,49
Registro Administrativo de la Industria Automotriz de Vehículos Ligeros. Venta de vehículos híbridos y eléctricos,Nacional,2020,12,18,0,0,1,2020-12-01,Dec,4,1
Registro Administrativo de la Industria Automotriz de Vehículos Ligeros. Venta de vehículos híbridos y eléctricos,Nacional,2020,12,19,8,11,320,2020-12-01,Dec,4,339
Registro Administrativo de la Industria Automotriz de Vehículos Ligeros. Venta de vehículos híbridos y eléctricos,Nacional,2020,12,20,1,1,19,2020-12-01,Dec,4,21
Registro Administrativo de la Industria Automotriz de Vehículos Ligeros. Venta de vehículos híbridos y eléctricos,Nacional,2020,12,21,4,5,119,2020-12-01,Dec,4,128
Registro Administrativo de la Industria Automotriz de Vehículos Ligeros. Venta de vehículos híbridos y eléctricos,Nacional,2020,12,22,0,17,68,2020-12-01,Dec,4,85
Registro Administrativo de la Industria Automotriz de Vehículos Ligeros. Venta de vehículos híbridos y eléctricos,Nacional,2020,12,23,0,2,15,2020-12-01,Dec,4,17
Registro Administrativo de la Industria Automotriz de Vehículos Ligeros. Venta de vehículos híbridos y eléctricos,Nacional,2020,12,24,0,3,41,2020-12-01,Dec,4,44
Registro Administrativo de la Industria Automotriz de Vehículos Ligeros. Venta de vehículos híbridos y eléctricos,Nacional,2020,12,25,0,3,101,2020-12-01,Dec,4,104
Registro Administrativo de la Industria Automotriz de Vehículos Ligeros. Venta de vehículos híbridos y eléctricos,Nacional,2020,12,26,1,0,50,2020-12-01,Dec,4,51
Registro Administrativo de la Industria Automotriz de Vehículos Ligeros. Venta de vehículos híbridos y eléctricos,Nacional,2020,12,27,0,1,4,2020-12-01,Dec,4,5
Registro Administrativo de la Industria Automotriz de Vehículos Ligeros. Venta de vehículos híbridos y eléctricos,Nacional,2020,12,28,0,0,43,2020-12-01,Dec,4,43
Registro Administrativo de la Industria Automotriz de Vehículos Ligeros. Venta de vehículos híbridos y eléctricos,Nacional,2020,12,29,0,0,17,2020-12-01,Dec,4,17
Registro Administrativo de la Industria Automotriz de Vehículos Ligeros. Venta de vehículos híbridos y eléctricos,Nacional,2020,12,30,1,7,101,2020-12-01,Dec,4,109
Registro Administrativo de la Industria Automotriz de Vehículos Ligeros. Venta de vehículos híbridos y eléctricos,Nacional,2020,12,31,1,2,52,2020-12-01,Dec,4,55
Registro Administrativo de la Industria Automotriz de Vehículos Ligeros. Venta de vehículos híbridos y eléctricos,Nacional,2020,12,32,0,0,12,2020-12-01,Dec,4,12
Registro Administrativo de la Industria Automotriz de Vehículos Ligeros. Venta de vehículos híbridos y eléctricos,Nacional,2020,12,99,0,0,0,2020-12-01,Dec,4,0
Registro Administrativo de la Industria Automotriz de Vehículos Ligeros. Venta de vehículos híbridos y eléctricos,Nacional,2025,1,1,20,10,99,2025-01-01,Jan,1,129
Registro Administrativo de la Industria Automotriz de Vehículos Ligeros. Venta de vehículos híbridos y eléctricos,Nacional,2025,1,2,32,17,214,2025-01-01,Jan,1,263
Registro Administrativo de la Industria Automotriz de Vehículos Ligeros. Venta de vehículos híbridos y eléctricos,Nacional,2025,1,3,4,2,50,2025-01-01,Jan,1,56
Registro Administrativo de la Industria Automotriz de Vehículos Ligeros. Venta de vehículos híbridos y eléctricos,Nacional,2025,1,4,3,1,48,2025-01-01,Jan,1,52
Registro Administrativo de la Industria Automotriz de Vehículos Ligeros. Venta de vehículos híbridos y eléctricos,Nacional,2025,1,5,19,12,173,2025-01-01,Jan,1,204
Registro Administrativo de la Industria Automotriz de Vehículos Ligeros. Venta de vehículos híbridos y eléctricos,Nacional,2025,1,6,6,4,72,2025-01-01,Jan,1,82
Registro Administrativo de la Industria Automotriz de Vehículos Ligeros. Venta de vehículos híbridos y eléctricos,Nacional,2025,1,7,4,3,91,2025-01-01,Jan,1,98
Registro Administrativo de la Industria Automotriz de Vehículos Ligeros. Venta de vehículos híbridos y eléctricos,Nacional,2025,1,8,20,14,300,2025-01-01,Jan,1,334
Registro Administrativo de la Industria Automotriz de Vehículos Ligeros. Venta de vehículos híbridos y eléctricos,Nacional,2025,1,9,561,269,1849,2025-01-01,Jan,1,2679
Registro Administrativo de la Industria Automotriz de Vehículos Ligeros. Venta de vehículos híbridos y eléctricos,Nacional,2025,1,10,7,0,48,2025-01-01,Jan,1,55
Registro Administrativo de la Industria Automotriz de Vehículos Ligeros. Venta de vehículos híbridos y eléctricos,Nacional,2025,1,11,45,28,484,2025-01-01,Jan,1,557
Registro Administrativo de la Industria Automotriz de Vehículos Ligeros. Venta de vehículos híbridos y eléctricos,Nacional,2025,1,12,6,1,29,2025-01-01,Jan,1,36
Registro Administrativo de la Industria Automotriz de Vehículos Ligeros. Venta de vehículos híbridos y eléctricos,Nacional,2025,1,13,5,6,134,2025-01-01,Jan,1,145
Registro Administrativo de la Industria Automotriz de Vehículos Ligeros. Venta de vehículos híbridos y eléctricos,Nacional,2025,1,14,107,113,670,2025-01-01,Jan,1,890
Registro Administrativo de la Industria Automotriz de Vehículos Ligeros. Venta de vehículos híbridos y eléctricos,Nacional,2025,1,15,132,75,1356,2025-01-01,Jan,1,1563
Registro Administrativo de la Industria Automotriz de Vehículos Ligeros. Venta de vehículos híbridos y eléctricos,Nacional,2025,1,16,19,16,161,2025-01-01,Jan,1,196
Registro Administrativo de la Industria Automotriz de Vehículos Ligeros. Venta de vehículos híbridos y eléctricos,Nacional,2025,1,17,18,10,111,2025-01-01,Jan,1,139
Registro Administrativo de la Industria Automotriz de Vehículos Ligeros. Venta de vehículos híbridos y eléctricos,Nacional,2025,1,18,1,0,14,2025-01-01,Jan,1,15
Registro Administrativo de la Industria Automotriz de Vehículos Ligeros. Venta de vehículos híbridos y eléctricos,Nacional,2025,1,19,90,104,864,2025-01-01,Jan,1,1058
Registro Administrativo de la Industria Automotriz de Vehículos Ligeros. Venta de vehículos híbridos y eléctricos,Nacional,2025,1,20,3,6,87,2025-01-01,Jan,1,96
Registro Administrativo de la Industria Automotriz de Vehículos Ligeros. Venta de vehículos híbridos y eléctricos,Nacional,2025,1,21,73,37,285,2025-01-01,Jan,1,395
Registro Administrativo de la Industria Automotriz de Vehículos Ligeros. Venta de vehículos híbridos y eléctricos,Nacional,2025,1,22,47,22,152,2025-01-01,Jan,1,221
Registro Administrativo de la Industria Automotriz de Vehículos Ligeros. Venta de vehículos híbridos y eléctricos,Nacional,2025,1,23,14,6,172,2025-01-01,Jan,1,192
Registro Administrativo de la Industria Automotriz de Vehículos Ligeros. Venta de vehículos híbridos y eléctricos,Nacional,2025,1,24,9,12,100,2025-01-01,Jan,1,121
Registro Administrativo de la Industria Automotriz de Vehículos Ligeros. Venta de vehículos híbridos y eléctricos,Nacional,2025,1,25,35,15,121,2025-01-01,Jan,1,171
Registro Administrativo de la Industria Automotriz de Vehículos Ligeros. Venta de vehículos híbridos y eléctricos,Nacional,2025,1,26,8,6,188,2025-01-01,Jan,1,202
Registro Administrativo de la Industria Automotriz de Vehículos Ligeros. Venta de vehículos híbridos y eléctricos,Nacional,2025,1,27,5,1,63,2025-01-01,Jan,1,69
Registro Administrativo de la Industria Automotriz de Vehículos Ligeros. Venta de vehículos híbridos y eléctricos,Nacional,2025,1,28,9,4,141,2025-01-01,Jan,1,154
Registro Administrativo de la Industria Automotriz de Vehículos Ligeros. Venta de vehículos híbridos y eléctricos,Nacional,2025,1,29,1,0,42,2025-01-01,Jan,1,43
Registro Administrativo de la Industria Automotriz de Vehículos Ligeros. Venta de vehículos híbridos y eléctricos,Nacional,2025,1,30,34,20,255,2025-01-01,Jan,1,309
Registro Administrativo de la Industria Automotriz de Vehículos Ligeros. Venta de vehículos híbridos y eléctricos,Nacional,2025,1,31,21,22,262,2025-01-01,Jan,1,305
Registro Administrativo de la Industria Automotriz de Vehículos Ligeros. Venta de vehículos híbridos y eléctricos,Nacional,2025,1,32,2,2,41,2025-01-01,Jan,1,45
Registro Administrativo de la Industria Automotriz de Vehículos Ligeros. Venta de vehículos híbridos y eléctricos,Nacional,2025,1,99,2,0,6,2025-01-01,Jan,1,8
Registro Administrativo de la Industria Automotriz de Vehículos Ligeros. Venta de vehículos híbridos y eléctricos,Nacional,2025,2,1,24,19,102,2025-02-01,Feb,1,145
Registro Administrativo de la Industria Automotriz de Vehículos Ligeros. Venta de vehículos híbridos y eléctricos,Nacional,2025,2,2,36,16,151,2025-02-01,Feb,1,203
Registro Administrativo de la Industria Automotriz de Vehículos Ligeros. Venta de vehículos híbridos y eléctricos,Nacional,2025,2,3,1,4,62,2025-02-01,Feb,1,67
Registro Administrativo de la Industria Automotriz de Vehículos Ligeros. Venta de vehículos híbridos y eléctricos,Nacional,2025,2,4,4,0,50,2025-02-01,Feb,1,54
Registro Administrativo de la Industria Automotriz de Vehículos Ligeros. Venta de vehículos híbridos y eléctricos,Nacional,2025,2,5,18,15,166,2025-02-01,Feb,1,199
Registro Administrativo de la Industria Automotriz de Vehículos Ligeros. Venta de vehículos híbridos y eléctricos,Nacional,2025,2,6,2,2,72,2025-02-01,Feb,1,76
Registro Administrativo de la Industria Automotriz de Vehículos Ligeros. Venta de vehículos híbridos y eléctricos,Nacional,2025,2,7,3,4,61,2025-02-01,Feb,1,68
Registro Administrativo de la Industria Automotriz de Vehículos Ligeros. Venta de vehículos híbridos y eléctricos,Nacional,2025,2,8,32,12,183,2025-02-01,Feb,1,227
Registro Administrativo de la Industria Automotriz de Vehículos Ligeros. Venta de vehículos híbridos y eléctricos,Nacional,2025,2,9,485,259,1809,2025-02-01,Feb,1,2553
Registro Administrativo de la Industria Automotriz de Vehículos Ligeros. Venta de vehículos híbridos y eléctricos,Nacional,2025,2,10,7,1,37,2025-02-01,Feb,1,45
Registro Administrativo de la Industria Automotriz de Vehículos Ligeros. Venta de vehículos híbridos y eléctricos,Nacional,2025,2,11,41,44,377,2025-02-01,Feb,1,462
Registro Administrativo de la Industria Automotriz de Vehículos Ligeros. Venta de vehículos híbridos y eléctricos,Nacional,2025,2,12,2,0,31,2025-02-01,Feb,1,33
Registro Administrativo de la Industria Automotriz de Vehículos Ligeros. Venta de vehículos híbridos y eléctricos,Nacional,2025,2,13,9,7,99,2025-02-01,Feb,1,115
Registro Administrativo de la Industria Automotriz de Vehículos Ligeros. Venta de vehículos híbridos y eléctricos,Nacional,2025,2,14,111,77,611,2025-02-01,Feb,1,799
Registro Administrativo de la Industria Automotriz de Vehículos Ligeros. Venta de vehículos híbridos y eléctricos,Nacional,2025,2,15,183,114,1192,2025-02-01,Feb,1,1489
Registro Administrativo de la Industria Automotriz de Vehículos Ligeros. Venta de vehículos híbridos y eléctricos,Nacional,2025,2,16,19,14,178,2025-02-01,Feb,1,211
Registro Administrativo de la Industria Automotriz de Vehículos Ligeros. Venta de vehículos híbridos y eléctricos,Nacional,2025,2,17,17,25,101,2025-02-01,Feb,1,143
Registro Administrativo de la Industria Automotriz de Vehículos Ligeros. Venta de vehículos híbridos y eléctricos,Nacional,2025,2,18,2,2,14,2025-02-01,Feb,1,18
Registro Administrativo de la Industria Automotriz de Vehículos Ligeros. Venta de vehículos híbridos y eléctricos,Nacional,2025,2,19,87,97,836,2025-02-01,Feb,1,1020
Registro Administrativo de la Industria Automotriz de Vehículos Ligeros. Venta de vehículos híbridos y eléctricos,Nacional,2025,2,20,2,3,82,2025-02-01,Feb,1,87
Registro Administrativo de la Industria Automotriz de Vehículos Ligeros. Venta de vehículos híbridos y eléctricos,Nacional,2025,2,21,31,31,297,2025-02-01,Feb,1,359
Registro Administrativo de la Industria Automotriz de Vehículos Ligeros. Venta de vehículos híbridos y eléctricos,Nacional,2025,2,22,46,30,171,2025-02-01,Feb,1,247
Registro Administrativo de la Industria Automotriz de Vehículos Ligeros. Venta de vehículos híbridos y eléctricos,Nacional,2025,2,23,14,11,165,2025-02-01,Feb,1,190
Registro Administrativo de la Industria Automotriz de Vehículos Ligeros. Venta de vehículos híbridos y eléctricos,Nacional,2025,2,24,12,17,156,2025-02-01,Feb,1,185
Registro Administrativo de la Industria Automotriz de Vehículos Ligeros. Venta de vehículos híbridos y eléctricos,Nacional,2025,2,25,31,10,148,2025-02-01,Feb,1,189
Registro Administrativo de la Industria Automotriz de Vehículos Ligeros. Venta de vehículos híbridos y eléctricos,Nacional,2025,2,26,14,8,151,2025-02-01,Feb,1,173
Registro Administrativo de la Industria Automotriz de Vehículos Ligeros. Venta de vehículos híbridos y eléctricos,Nacional,2025,2,27,2,3,73,2025-02-01,Feb,1,78
Registro Administrativo de la Industria Automotriz de Vehículos Ligeros. Venta de vehículos híbridos y eléctricos,Nacional,2025,2,28,17,5,121,2025-02-01,Feb,1,143
Registro Administrativo de la Industria Automotriz de Vehículos Ligeros. Venta de vehículos híbridos y eléctricos,Nacional,2025,2,29,1,1,51,2025-02-01,Feb,1,53
Registro Administrativo de la Industria Automotriz de Vehículos Ligeros. Venta de vehículos híbridos y eléctricos,Nacional,2025,2,30,20,16,244,2025-02-01,Feb,1,280
Registro Administrativo de la Industria Automotriz de Vehículos Ligeros. Venta de vehículos híbridos y eléctricos,Nacional,2025,2,31,33,19,229,2025-02-01,Feb,1,281
Registro Administrativo de la Industria Automotriz de Vehículos Ligeros. Venta de vehículos híbridos y eléctricos,Nacional,2025,2,32,0,1,43,2025-02-01,Feb,1,44
Registro Administrativo de la Industria Automotriz de Vehículos Ligeros. Venta de vehículos híbridos y eléctricos,Nacional,2025,2,99,1,0,16,2025-02-01,Feb,1,17
Registro Administrativo de la Industria Automotriz de Vehículos Ligeros. Venta de vehículos híbridos y eléctricos,Nacional,2025,3,1,17,19,130,2025-03-01,Mar,1,166
Registro Administrativo de la Industria Automotriz de Vehículos Ligeros. Venta de vehículos híbridos y eléctricos,Nacional,2025,3,2,23,17,193,2025-03-01,Mar,1,233
Registro Administrativo de la Industria Automotriz de Vehículos Ligeros. Venta de vehículos híbridos y eléctricos,Nacional,2025,3,3,1,3,80,2025-03-01,Mar,1,84
Registro Administrativo de la Industria Automotriz de Vehículos Ligeros. Venta de vehículos híbridos y eléctricos,Nacional,2025,3,4,3,1,45,2025-03-01,Mar,1,49
Registro Administrativo de la Industria Automotriz de Vehículos Ligeros. Venta de vehículos híbridos y eléctricos,Nacional,2025,3,5,26,24,209,2025-03-01,Mar,1,259
Registro Administrativo de la Industria Automotriz de Vehículos Ligeros. Venta de vehículos híbridos y eléctricos,Nacional,2025,3,6,3,1,86,2025-03-01,Mar,1,90
Registro Administrativo de la Industria Automotriz de Vehículos Ligeros. Venta de vehículos híbridos y eléctricos,Nacional,2025,3,7,1,2,116,2025-03-01,Mar,1,119
Registro Administrativo de la Industria Automotriz de Vehículos Ligeros. Venta de vehículos híbridos y eléctricos,Nacional,2025,3,8,16,8,212,2025-03-01,Mar,1,236
Registro Administrativo de la Industria Automotriz de Vehículos Ligeros. Venta de vehículos híbridos y eléctricos,Nacional,2025,3,9,722,315,2158,2025-03-01,Mar,1,3195
Registro Administrativo de la Industria Automotriz de Vehículos Ligeros. Venta de vehículos híbridos y eléctricos,Nacional,2025,3,10,4,0,47,2025-03-01,Mar,1,51
Registro Administrativo de la Industria Automotriz de Vehículos Ligeros. Venta de vehículos híbridos y eléctricos,Nacional,2025,3,11,39,34,434,2025-03-01,Mar,1,507
Registro Administrativo de la Industria Automotriz de Vehículos Ligeros. Venta de vehículos híbridos y eléctricos,Nacional,2025,3,12,5,0,72,2025-03-01,Mar,1,77
Registro Administrativo de la Industria Automotriz de Vehículos Ligeros. Venta de vehículos híbridos y eléctricos,Nacional,2025,3,13,14,4,172,2025-03-01,Mar,1,190
Registro Administrativo de la Industria Automotriz de Vehículos Ligeros. Venta de vehículos híbridos y eléctricos,Nacional,2025,3,14,102,71,823,2025-03-01,Mar,1,996
Registro Administrativo de la Industria Automotriz de Vehículos Ligeros. Venta de vehículos híbridos y eléctricos,Nacional,2025,3,15,219,80,1395,2025-03-01,Mar,1,1694
Registro Administrativo de la Industria Automotriz de Vehículos Ligeros. Venta de vehículos híbridos y eléctricos,Nacional,2025,3,16,28,9,224,2025-03-01,Mar,1,261
Registro Administrativo de la Industria Automotriz de Vehículos Ligeros. Venta de vehículos híbridos y eléctricos,Nacional,2025,3,17,22,10,119,2025-03-01,Mar,1,151
Registro Administrativo de la Industria Automotriz de Vehículos Ligeros. Venta de vehículos híbridos y eléctricos,Nacional,2025,3,18,0,0,13,2025-03-01,Mar,1,13
Registro Administrativo de la Industria Automotriz de Vehículos Ligeros. Venta de vehículos híbridos y eléctricos,Nacional,2025,3,19,137,94,1092,2025-03-01,Mar,1,1323
Registro Administrativo de la Industria Automotriz de Vehículos Ligeros. Venta de vehículos híbridos y eléctricos,Nacional,2025,3,20,5,4,81,2025-03-01,Mar,1,90
Registro Administrativo de la Industria Automotriz de Vehículos Ligeros. Venta de vehículos híbridos y eléctricos,Nacional,2025,3,21,59,33,296,2025-03-01,Mar,1,388
Registro Administrativo de la Industria Automotriz de Vehículos Ligeros. Venta de vehículos híbridos y eléctricos,Nacional,2025,3,22,55,20,160,2025-03-01,Mar,1,235
Registro Administrativo de la Industria Automotriz de Vehículos Ligeros. Venta de vehículos híbridos y eléctricos,Nacional,2025,3,23,25,7,219,2025-03-01,Mar,1,251
Registro Administrativo de la Industria Automotriz de Vehículos Ligeros. Venta de vehículos híbridos y eléctricos,Nacional,2025,3,24,17,8,92,2025-03-01,Mar,1,117
Registro Administrativo de la Industria Automotriz de Vehículos Ligeros. Venta de vehículos híbridos y eléctricos,Nacional,2025,3,25,33,12,177,2025-03-01,Mar,1,222
Registro Administrativo de la Industria Automotriz de Vehículos Ligeros. Venta de vehículos híbridos y eléctricos,Nacional,2025,3,26,11,8,179,2025-03-01,Mar,1,198
Registro Administrativo de la Industria Automotriz de Vehículos Ligeros. Venta de vehículos híbridos y eléctricos,Nacional,2025,3,27,5,1,61,2025-03-01,Mar,1,67
Registro Administrativo de la Industria Automotriz de Vehículos Ligeros. Venta de vehículos híbridos y eléctricos,Nacional,2025,3,28,15,6,151,2025-03-01,Mar,1,172
Registro Administrativo de la Industria Automotriz de Vehículos Ligeros. Venta de vehículos híbridos y eléctricos,Nacional,2025,3,29,3,0,60,2025-03-01,Mar,1,63
Registro Administrativo de la Industria Automotriz de Vehículos Ligeros. Venta de vehículos híbridos y eléctricos,Nacional,2025,3,30,25,15,297,2025-03-01,Mar,1,337
Registro Administrativo de la Industria Automotriz de Vehículos Ligeros. Venta de vehículos híbridos y eléctricos,Nacional,2025,3,31,19,19,281,2025-03-01,Mar,1,319
Registro Administrativo de la Industria Automotriz de Vehículos Ligeros. Venta de vehículos híbridos y eléctricos,Nacional,2025,3,32,1,3,53,2025-03-01,Mar,1,57
Registro Administrativo de la Industria Automotriz de Vehículos Ligeros. Venta de vehículos híbridos y eléctricos,Nacional,2025,3,99,0,0,15,2025-03-01,Mar,1,15
Registro Administrativo de la Industria Automotriz de Vehículos Ligeros. Venta de vehículos híbridos y eléctricos,Nacional,2025,4,1,23,9,76,2025-04-01,Apr,2,108
Registro Administrativo de la Industria Automotriz de Vehículos Ligeros. Venta de vehículos híbridos y eléctricos,Nacional,2025,4,2,22,18,179,2025-04-01,Apr,2,219
Registro Administrativo de la Industria Automotriz de Vehículos Ligeros. Venta de vehículos híbridos y eléctricos,Nacional,2025,4,3,2,3,53,2025-04-01,Apr,2,58
Registro Administrativo de la Industria Automotriz de Vehículos Ligeros. Venta de vehículos híbridos y eléctricos,Nacional,2025,4,4,4,1,49,2025-04-01,Apr,2,54
Registro Administrativo de la Industria Automotriz de Vehículos Ligeros. Venta de vehículos híbridos y eléctricos,Nacional,2025,4,5,18,24,173,2025-04-01,Apr,2,215
Registro Administrativo de la Industria Automotriz de Vehículos Ligeros. Venta de vehículos híbridos y eléctricos,Nacional,2025,4,6,4,4,63,2025-04-01,Apr,2,71
Registro Administrativo de la Industria Automotriz de Vehículos Ligeros. Venta de vehículos híbridos y eléctricos,Nacional,2025,4,7,4,3,100,2025-04-01,Apr,2,107
Registro Administrativo de la Industria Automotriz de Vehículos Ligeros. Venta de vehículos híbridos y eléctricos,Nacional,2025,4,8,25,15,187,2025-04-01,Apr,2,227
Registro Administrativo de la Industria Automotriz de Vehículos Ligeros. Venta de vehículos híbridos y eléctricos,Nacional,2025,4,9,820,254,1777,2025-04-01,Apr,2,2851
Registro Administrativo de la Industria Automotriz de Vehículos Ligeros. Venta de vehículos híbridos y eléctricos,Nacional,2025,4,10,4,2,52,2025-04-01,Apr,2,58
Registro Administrativo de la Industria Automotriz de Vehículos Ligeros. Venta de vehículos híbridos y eléctricos,Nacional,2025,4,11,70,50,336,2025-04-01,Apr,2,456
Registro Administrativo de la Industria Automotriz de Vehículos Ligeros. Venta de vehículos híbridos y eléctricos,Nacional,2025,4,12,3,1,36,2025-04-01,Apr,2,40
Registro Administrativo de la Industria Automotriz de Vehículos Ligeros. Venta de vehículos híbridos y eléctricos,Nacional,2025,4,13,13,8,103,2025-04-01,Apr,2,124
Registro Administrativo de la Industria Automotriz de Vehículos Ligeros. Venta de vehículos híbridos y eléctricos,Nacional,2025,4,14,71,91,639,2025-04-01,Apr,2,801
Registro Administrativo de la Industria Automotriz de Vehículos Ligeros. Venta de vehículos híbridos y eléctricos,Nacional,2025,4,15,199,73,966,2025-04-01,Apr,2,1238
Registro Administrativo de la Industria Automotriz de Vehículos Ligeros. Venta de vehículos híbridos y eléctricos,Nacional,2025,4,16,30,12,160,2025-04-01,Apr,2,202
Registro Administrativo de la Industria Automotriz de Vehículos Ligeros. Venta de vehículos híbridos y eléctricos,Nacional,2025,4,17,10,13,88,2025-04-01,Apr,2,111
Registro Administrativo de la Industria Automotriz de Vehículos Ligeros. Venta de vehículos híbridos y eléctricos,Nacional,2025,4,18,3,1,12,2025-04-01,Apr,2,16
Registro Administrativo de la Industria Automotriz de Vehículos Ligeros. Venta de vehículos híbridos y eléctricos,Nacional,2025,4,19,104,85,736,2025-04-01,Apr,2,925
Registro Administrativo de la Industria Automotriz de Vehículos Ligeros. Venta de vehículos híbridos y eléctricos,Nacional,2025,4,20,10,8,75,2025-04-01,Apr,2,93
Registro Administrativo de la Industria Automotriz de Vehículos Ligeros. Venta de vehículos híbridos y eléctricos,Nacional,2025,4,21,44,23,255,2025-04-01,Apr,2,322
Registro Administrativo de la Industria Automotriz de Vehículos Ligeros. Venta de vehículos híbridos y eléctricos,Nacional,2025,4,22,51,25,168,2025-04-01,Apr,2,244
Registro Administrativo de la Industria Automotriz de Vehículos Ligeros. Venta de vehículos híbridos y eléctricos,Nacional,2025,4,23,21,12,176,2025-04-01,Apr,2,209
Registro Administrativo de la Industria Automotriz de Vehículos Ligeros. Venta de vehículos híbridos y eléctricos,Nacional,2025,4,24,11,12,119,2025-04-01,Apr,2,142
Registro Administrativo de la Industria Automotriz de Vehículos Ligeros. Venta de vehículos híbridos y eléctricos,Nacional,2025,4,25,28,15,133,2025-04-01,Apr,2,176
Registro Administrativo de la Industria Automotriz de Vehículos Ligeros. Venta de vehículos híbridos y eléctricos,Nacional,2025,4,26,12,5,142,2025-04-01,Apr,2,159
Registro Administrativo de la Industria Automotriz de Vehículos Ligeros. Venta de vehículos híbridos y eléctricos,Nacional,2025,4,27,10,3,69,2025-04-01,Apr,2,82
Registro Administrativo de la Industria Automotriz de Vehículos Ligeros. Venta de vehículos híbridos y eléctricos,Nacional,2025,4,28,11,11,133,2025-04-01,Apr,2,155
Registro Administrativo de la Industria Automotriz de Vehículos Ligeros. Venta de vehículos híbridos y eléctricos,Nacional,2025,4,29,2,1,55,2025-04-01,Apr,2,58
Registro Administrativo de la Industria Automotriz de Vehículos Ligeros. Venta de vehículos híbridos y eléctricos,Nacional,2025,4,30,22,15,213,2025-04-01,Apr,2,250
Registro Administrativo de la Industria Automotriz de Vehículos Ligeros. Venta de vehículos híbridos y eléctricos,Nacional,2025,4,31,33,30,243,2025-04-01,Apr,2,306
Registro Administrativo de la Industria Automotriz de Vehículos Ligeros. Venta de vehículos híbridos y eléctricos,Nacional,2025,4,32,5,3,37,2025-04-01,Apr,2,45
Registro Administrativo de la Industria Automotriz de Vehículos Ligeros. Venta de vehículos híbridos y eléctricos,Nacional,2025,4,99,4,1,44,2025-04-01,Apr,2,49
Registro Administrativo de la Industria Automotriz de Vehículos Ligeros. Venta de vehículos híbridos y eléctricos,Nacional,2025,5,1,20,7,101,2025-05-01,May,2,128
Registro Administrativo de la Industria Automotriz de Vehículos Ligeros. Venta de vehículos híbridos y eléctricos,Nacional,2025,5,2,24,21,183,2025-05-01,May,2,228
Registro Administrativo de la Industria Automotriz de Vehículos Ligeros. Venta de vehículos híbridos y eléctricos,Nacional,2025,5,3,4,1,56,2025-05-01,May,2,61
Registro Administrativo de la Industria Automotriz de Vehículos Ligeros. Venta de vehículos híbridos y eléctricos,Nacional,2025,5,4,4,0,51,2025-05-01,May,2,55
Registro Administrativo de la Industria Automotriz de Vehículos Ligeros. Venta de vehículos híbridos y eléctricos,Nacional,2025,5,5,23,17,196,2025-05-01,May,2,236
Registro Administrativo de la Industria Automotriz de Vehículos Ligeros. Venta de vehículos híbridos y eléctricos,Nacional,2025,5,6,1,2,56,2025-05-01,May,2,59
Registro Administrativo de la Industria Automotriz de Vehículos Ligeros. Venta de vehículos híbridos y eléctricos,Nacional,2025,5,7,1,1,99,2025-05-01,May,2,101
Registro Administrativo de la Industria Automotriz de Vehículos Ligeros. Venta de vehículos híbridos y eléctricos,Nacional,2025,5,8,31,13,214,2025-05-01,May,2,258
Registro Administrativo de la Industria Automotriz de Vehículos Ligeros. Venta de vehículos híbridos y eléctricos,Nacional,2025,5,9,716,265,1958,2025-05-01,May,2,2939
Registro Administrativo de la Industria Automotriz de Vehículos Ligeros. Venta de vehículos híbridos y eléctricos,Nacional,2025,5,10,2,1,58,2025-05-01,May,2,61
Registro Administrativo de la Industria Automotriz de Vehículos Ligeros. Venta de vehículos híbridos y eléctricos,Nacional,2025,5,11,57,32,362,2025-05-01,May,2,451
Registro Administrativo de la Industria Automotriz de Vehículos Ligeros. Venta de vehículos híbridos y eléctricos,Nacional,2025,5,12,2,0,32,2025-05-01,May,2,34
Registro Administrativo de la Industria Automotriz de Vehículos Ligeros. Venta de vehículos híbridos y eléctricos,Nacional,2025,5,13,10,7,118,2025-05-01,May,2,135
Registro Administrativo de la Industria Automotriz de Vehículos Ligeros. Venta de vehículos híbridos y eléctricos,Nacional,2025,5,14,157,83,681,2025-05-01,May,2,921
Registro Administrativo de la Industria Automotriz de Vehículos Ligeros. Venta de vehículos híbridos y eléctricos,Nacional,2025,5,15,150,87,1422,2025-05-01,May,2,1659
Registro Administrativo de la Industria Automotriz de Vehículos Ligeros. Venta de vehículos híbridos y eléctricos,Nacional,2025,5,16,29,11,202,2025-05-01,May,2,242
Registro Administrativo de la Industria Automotriz de Vehículos Ligeros. Venta de vehículos híbridos y eléctricos,Nacional,2025,5,17,22,16,94,2025-05-01,May,2,132
Registro Administrativo de la Industria Automotriz de Vehículos Ligeros. Venta de vehículos híbridos y eléctricos,Nacional,2025,5,18,1,0,15,2025-05-01,May,2,16
Registro Administrativo de la Industria Automotriz de Vehículos Ligeros. Venta de vehículos híbridos y eléctricos,Nacional,2025,5,19,164,77,869,2025-05-01,May,2,1110
Registro Administrativo de la Industria Automotriz de Vehículos Ligeros. Venta de vehículos híbridos y eléctricos,Nacional,2025,5,20,7,4,64,2025-05-01,May,2,75
Registro Administrativo de la Industria Automotriz de Vehículos Ligeros. Venta de vehículos híbridos y eléctricos,Nacional,2025,5,21,45,25,264,2025-05-01,May,2,334
Registro Administrativo de la Industria Automotriz de Vehículos Ligeros. Venta de vehículos híbridos y eléctricos,Nacional,2025,5,22,59,31,160,2025-05-01,May,2,250
Registro Administrativo de la Industria Automotriz de Vehículos Ligeros. Venta de vehículos híbridos y eléctricos,Nacional,2025,5,23,22,7,166,2025-05-01,May,2,195
Registro Administrativo de la Industria Automotriz de Vehículos Ligeros. Venta de vehículos híbridos y eléctricos,Nacional,2025,5,24,26,12,140,2025-05-01,May,2,178
Registro Administrativo de la Industria Automotriz de Vehículos Ligeros. Venta de vehículos híbridos y eléctricos,Nacional,2025,5,25,41,7,111,2025-05-01,May,2,159
Registro Administrativo de la Industria Automotriz de Vehículos Ligeros. Venta de vehículos híbridos y eléctricos,Nacional,2025,5,26,65,7,185,2025-05-01,May,2,257
Registro Administrativo de la Industria Automotriz de Vehículos Ligeros. Venta de vehículos híbridos y eléctricos,Nacional,2025,5,27,8,1,70,2025-05-01,May,2,79
Registro Administrativo de la Industria Automotriz de Vehículos Ligeros. Venta de vehículos híbridos y eléctricos,Nacional,2025,5,28,10,2,118,2025-05-01,May,2,130
Registro Administrativo de la Industria Automotriz de Vehículos Ligeros. Venta de vehículos híbridos y eléctricos,Nacional,2025,5,29,4,0,50,2025-05-01,May,2,54
Registro Administrativo de la Industria Automotriz de Vehículos Ligeros. Venta de vehículos híbridos y eléctricos,Nacional,2025,5,30,33,7,242,2025-05-01,May,2,282
Registro Administrativo de la Industria Automotriz de Vehículos Ligeros. Venta de vehículos híbridos y eléctricos,Nacional,2025,5,31,29,17,205,2025-05-01,May,2,251
Registro Administrativo de la Industria Automotriz de Vehículos Ligeros. Venta de vehículos híbridos y eléctricos,Nacional,2025,5,32,0,0,23,2025-05-01,May,2,23
Registro Administrativo de la Industria Automotriz de Vehículos Ligeros. Venta de vehículos híbridos y eléctricos,Nacional,2025,5,99,1,0,59,2025-05-01,May,2,60
Registro Administrativo de la Industria Automotriz de Vehículos Ligeros. Venta de vehículos híbridos y eléctricos,Nacional,2025,6,1,22,15,115,2025-06-01,Jun,2,152
Registro Administrativo de la Industria Automotriz de Vehículos Ligeros. Venta de vehículos híbridos y eléctricos,Nacional,2025,6,2,22,24,162,2025-06-01,Jun,2,208
Registro Administrativo de la Industria Automotriz de Vehículos Ligeros. Venta de vehículos híbridos y eléctricos,Nacional,2025,6,3,5,4,69,2025-06-01,Jun,2,78
Registro Administrativo de la Industria Automotriz de Vehículos Ligeros. Venta de vehículos híbridos y eléctricos,Nacional,2025,6,4,2,2,62,2025-06-01,Jun,2,66
Registro Administrativo de la Industria Automotriz de Vehículos Ligeros. Venta de vehículos híbridos y eléctricos,Nacional,2025,6,5,38,17,195,2025-06-01,Jun,2,250
Registro Administrativo de la Industria Automotriz de Vehículos Ligeros. Venta de vehículos híbridos y eléctricos,Nacional,2025,6,6,7,3,50,2025-06-01,Jun,2,60
Registro Administrativo de la Industria Automotriz de Vehículos Ligeros. Venta de vehículos híbridos y eléctricos,Nacional,2025,6,7,11,2,96,2025-06-01,Jun,2,109
Registro Administrativo de la Industria Automotriz de Vehículos Ligeros. Venta de vehículos híbridos y eléctricos,Nacional,2025,6,8,25,16,225,2025-06-01,Jun,2,266
Registro Administrativo de la Industria Automotriz de Vehículos Ligeros. Venta de vehículos híbridos y eléctricos,Nacional,2025,6,9,751,340,2051,2025-06-01,Jun,2,3142
Registro Administrativo de la Industria Automotriz de Vehículos Ligeros. Venta de vehículos híbridos y eléctricos,Nacional,2025,6,10,2,2,44,2025-06-01,Jun,2,48
Registro Administrativo de la Industria Automotriz de Vehículos Ligeros. Venta de vehículos híbridos y eléctricos,Nacional,2025,6,11,46,28,428,2025-06-01,Jun,2,502
Registro Administrativo de la Industria Automotriz de Vehículos Ligeros. Venta de vehículos híbridos y eléctricos,Nacional,2025,6,12,6,1,49,2025-06-01,Jun,2,56
Registro Administrativo de la Industria Automotriz de Vehículos Ligeros. Venta de vehículos híbridos y eléctricos,Nacional,2025,6,13,18,7,115,2025-06-01,Jun,2,140
Registro Administrativo de la Industria Automotriz de Vehículos Ligeros. Venta de vehículos híbridos y eléctricos,Nacional,2025,6,14,132,89,694,2025-06-01,Jun,2,915
Registro Administrativo de la Industria Automotriz de Vehículos Ligeros. Venta de vehículos híbridos y eléctricos,Nacional,2025,6,15,125,61,1206,2025-06-01,Jun,2,1392
Registro Administrativo de la Industria Automotriz de Vehículos Ligeros. Venta de vehículos híbridos y eléctricos,Nacional,2025,6,16,26,15,191,2025-06-01,Jun,2,232
Registro Administrativo de la Industria Automotriz de Vehículos Ligeros. Venta de vehículos híbridos y eléctricos,Nacional,2025,6,17,22,21,79,2025-06-01,Jun,2,122
Registro Administrativo de la Industria Automotriz de Vehículos Ligeros. Venta de vehículos híbridos y eléctricos,Nacional,2025,6,18,0,1,12,2025-06-01,Jun,2,13
Registro Administrativo de la Industria Automotriz de Vehículos Ligeros. Venta de vehículos híbridos y eléctricos,Nacional,2025,6,19,122,85,927,2025-06-01,Jun,2,1134
Registro Administrativo de la Industria Automotriz de Vehículos Ligeros. Venta de vehículos híbridos y eléctricos,Nacional,2025,6,20,21,5,72,2025-06-01,Jun,2,98
Registro Administrativo de la Industria Automotriz de Vehículos Ligeros. Venta de vehículos híbridos y eléctricos,Nacional,2025,6,21,57,38,243,2025-06-01,Jun,2,338
Registro Administrativo de la Industria Automotriz de Vehículos Ligeros. Venta de vehículos híbridos y eléctricos,Nacional,2025,6,22,54,19,203,2025-06-01,Jun,2,276
Registro Administrativo de la Industria Automotriz de Vehículos Ligeros. Venta de vehículos híbridos y eléctricos,Nacional,2025,6,23,17,11,175,2025-06-01,Jun,2,203
Registro Administrativo de la Industria Automotriz de Vehículos Ligeros. Venta de vehículos híbridos y eléctricos,Nacional,2025,6,24,16,7,185,2025-06-01,Jun,2,208
Registro Administrativo de la Industria Automotriz de Vehículos Ligeros. Venta de vehículos híbridos y eléctricos,Nacional,2025,6,25,37,15,135,2025-06-01,Jun,2,187
Registro Administrativo de la Industria Automotriz de Vehículos Ligeros. Venta de vehículos híbridos y eléctricos,Nacional,2025,6,26,16,7,152,2025-06-01,Jun,2,175
Registro Administrativo de la Industria Automotriz de Vehículos Ligeros. Venta de vehículos híbridos y eléctricos,Nacional,2025,6,27,8,3,67,2025-06-01,Jun,2,78
Registro Administrativo de la Industria Automotriz de Vehículos Ligeros. Venta de vehículos híbridos y eléctricos,Nacional,2025,6,28,8,8,120,2025-06-01,Jun,2,136
Registro Administrativo de la Industria Automotriz de Vehículos Ligeros. Venta de vehículos híbridos y eléctricos,Nacional,2025,6,29,1,0,43,2025-06-01,Jun,2,44
Registro Administrativo de la Industria Automotriz de Vehículos Ligeros. Venta de vehículos híbridos y eléctricos,Nacional,2025,6,30,23,12,235,2025-06-01,Jun,2,270
Registro Administrativo de la Industria Automotriz de Vehículos Ligeros. Venta de vehículos híbridos y eléctricos,Nacional,2025,6,31,19,12,250,2025-06-01,Jun,2,281
Registro Administrativo de la Industria Automotriz de Vehículos Ligeros. Venta de vehículos híbridos y eléctricos,Nacional,2025,6,32,3,1,34,2025-06-01,Jun,2,38
Registro Administrativo de la Industria Automotriz de Vehículos Ligeros. Venta de vehículos híbridos y eléctricos,Nacional,2025,6,99,0,0,49,2025-06-01,Jun,2,49
Registro Administrativo de la Industria Automotriz de Vehículos Ligeros. Venta de vehículos híbridos y eléctricos,Nacional,2025,7,1,19,8,101,2025-07-01,Jul,3,128
Registro Administrativo de la Industria Automotriz de Vehículos Ligeros. Venta de vehículos híbridos y eléctricos,Nacional,2025,7,2,14,19,169,2025-07-01,Jul,3,202
Registro Administrativo de la Industria Automotriz de Vehículos Ligeros. Venta de vehículos híbridos y eléctricos,Nacional,2025,7,3,3,3,53,2025-07-01,Jul,3,59
Registro Administrativo de la Industria Automotriz de Vehículos Ligeros. Venta de vehículos híbridos y eléctricos,Nacional,2025,7,4,1,0,56,2025-07-01,Jul,3,57
Registro Administrativo de la Industria Automotriz de Vehículos Ligeros. Venta de vehículos híbridos y eléctricos,Nacional,2025,7,5,21,26,161,2025-07-01,Jul,3,208
Registro Administrativo de la Industria Automotriz de Vehículos Ligeros. Venta de vehículos híbridos y eléctricos,Nacional,2025,7,6,8,2,63,2025-07-01,Jul,3,73
Registro Administrativo de la Industria Automotriz de Vehículos Ligeros. Venta de vehículos híbridos y eléctricos,Nacional,2025,7,7,6,6,94,2025-07-01,Jul,3,106
Registro Administrativo de la Industria Automotriz de Vehículos Ligeros. Venta de vehículos híbridos y eléctricos,Nacional,2025,7,8,26,10,255,2025-07-01,Jul,3,291
Registro Administrativo de la Industria Automotriz de Vehículos Ligeros. Venta de vehículos híbridos y eléctricos,Nacional,2025,7,9,534,248,1926,2025-07-01,Jul,3,2708
Registro Administrativo de la Industria Automotriz de Vehículos Ligeros. Venta de vehículos híbridos y eléctricos,Nacional,2025,7,10,5,0,47,2025-07-01,Jul,3,52
Registro Administrativo de la Industria Automotriz de Vehículos Ligeros. Venta de vehículos híbridos y eléctricos,Nacional,2025,7,11,47,28,378,2025-07-01,Jul,3,453
Registro Administrativo de la Industria Automotriz de Vehículos Ligeros. Venta de vehículos híbridos y eléctricos,Nacional,2025,7,12,4,1,50,2025-07-01,Jul,3,55
Registro Administrativo de la Industria Automotriz de Vehículos Ligeros. Venta de vehículos híbridos y eléctricos,Nacional,2025,7,13,10,7,104,2025-07-01,Jul,3,121
Registro Administrativo de la Industria Automotriz de Vehículos Ligeros. Venta de vehículos híbridos y eléctricos,Nacional,2025,7,14,181,70,660,2025-07-01,Jul,3,911
Registro Administrativo de la Industria Automotriz de Vehículos Ligeros. Venta de vehículos híbridos y eléctricos,Nacional,2025,7,15,188,63,1254,2025-07-01,Jul,3,1505
Registro Administrativo de la Industria Automotriz de Vehículos Ligeros. Venta de vehículos híbridos y eléctricos,Nacional,2025,7,16,26,14,168,2025-07-01,Jul,3,208
Registro Administrativo de la Industria Automotriz de Vehículos Ligeros. Venta de vehículos híbridos y eléctricos,Nacional,2025,7,17,15,15,112,2025-07-01,Jul,3,142
Registro Administrativo de la Industria Automotriz de Vehículos Ligeros. Venta de vehículos híbridos y eléctricos,Nacional,2025,7,18,4,2,17,2025-07-01,Jul,3,23
Registro Administrativo de la Industria Automotriz de Vehículos Ligeros. Venta de vehículos híbridos y eléctricos,Nacional,2025,7,19,98,61,839,2025-07-01,Jul,3,998
Registro Administrativo de la Industria Automotriz de Vehículos Ligeros. Venta de vehículos híbridos y eléctricos,Nacional,2025,7,20,4,5,67,2025-07-01,Jul,3,76
Registro Administrativo de la Industria Automotriz de Vehículos Ligeros. Venta de vehículos híbridos y eléctricos,Nacional,2025,7,21,62,25,285,2025-07-01,Jul,3,372
Registro Administrativo de la Industria Automotriz de Vehículos Ligeros. Venta de vehículos híbridos y eléctricos,Nacional,2025,7,22,46,11,197,2025-07-01,Jul,3,254
Registro Administrativo de la Industria Automotriz de Vehículos Ligeros. Venta de vehículos híbridos y eléctricos,Nacional,2025,7,23,12,6,168,2025-07-01,Jul,3,186
Registro Administrativo de la Industria Automotriz de Vehículos Ligeros. Venta de vehículos híbridos y eléctricos,Nacional,2025,7,24,21,13,124,2025-07-01,Jul,3,158
Registro Administrativo de la Industria Automotriz de Vehículos Ligeros. Venta de vehículos híbridos y eléctricos,Nacional,2025,7,25,32,14,140,2025-07-01,Jul,3,186
Registro Administrativo de la Industria Automotriz de Vehículos Ligeros. Venta de vehículos híbridos y eléctricos,Nacional,2025,7,26,6,6,179,2025-07-01,Jul,3,191
Registro Administrativo de la Industria Automotriz de Vehículos Ligeros. Venta de vehículos híbridos y eléctricos,Nacional,2025,7,27,1,3,62,2025-07-01,Jul,3,66
Registro Administrativo de la Industria Automotriz de Vehículos Ligeros. Venta de vehículos híbridos y eléctricos,Nacional,2025,7,28,9,10,116,2025-07-01,Jul,3,135
Registro Administrativo de la Industria Automotriz de Vehículos Ligeros. Venta de vehículos híbridos y eléctricos,Nacional,2025,7,29,2,0,46,2025-07-01,Jul,3,48
Registro Administrativo de la Industria Automotriz de Vehículos Ligeros. Venta de vehículos híbridos y eléctricos,Nacional,2025,7,30,21,16,223,2025-07-01,Jul,3,260
Registro Administrativo de la Industria Automotriz de Vehículos Ligeros. Venta de vehículos híbridos y eléctricos,Nacional,2025,7,31,13,12,272,2025-07-01,Jul,3,297
Registro Administrativo de la Industria Automotriz de Vehículos Ligeros. Venta de vehículos híbridos y eléctricos,Nacional,2025,7,32,2,0,38,2025-07-01,Jul,3,40
Registro Administrativo de la Industria Automotriz de Vehículos Ligeros. Venta de vehículos híbridos y eléctricos,Nacional,2025,7,99,1,0,42,2025-07-01,Jul,3,43
Registro Administrativo de la Industria Automotriz de Vehículos Ligeros. Venta de vehículos híbridos y eléctricos,Nacional,2025,8,1,31,11,143,2025-08-01,Aug,3,185
Registro Administrativo de la Industria Automotriz de Vehículos Ligeros. Venta de vehículos híbridos y eléctricos,Nacional,2025,8,2,28,18,166,2025-08-01,Aug,3,212
Registro Administrativo de la Industria Automotriz de Vehículos Ligeros. Venta de vehículos híbridos y eléctricos,Nacional,2025,8,3,8,0,49,2025-08-01,Aug,3,57
Registro Administrativo de la Industria Automotriz de Vehículos Ligeros. Venta de vehículos híbridos y eléctricos,Nacional,2025,8,4,3,0,54,2025-08-01,Aug,3,57
Registro Administrativo de la Industria Automotriz de Vehículos Ligeros. Venta de vehículos híbridos y eléctricos,Nacional,2025,8,5,18,18,198,2025-08-01,Aug,3,234
Registro Administrativo de la Industria Automotriz de Vehículos Ligeros. Venta de vehículos híbridos y eléctricos,Nacional,2025,8,6,2,2,58,2025-08-01,Aug,3,62
Registro Administrativo de la Industria Automotriz de Vehículos Ligeros. Venta de vehículos híbridos y eléctricos,Nacional,2025,8,7,8,2,90,2025-08-01,Aug,3,100
Registro Administrativo de la Industria Automotriz de Vehículos Ligeros. Venta de vehículos híbridos y eléctricos,Nacional,2025,8,8,30,13,278,2025-08-01,Aug,3,321
Registro Administrativo de la Industria Automotriz de Vehículos Ligeros. Venta de vehículos híbridos y eléctricos,Nacional,2025,8,9,1153,328,1978,2025-08-01,Aug,3,3459
Registro Administrativo de la Industria Automotriz de Vehículos Ligeros. Venta de vehículos híbridos y eléctricos,Nacional,2025,8,10,7,2,38,2025-08-01,Aug,3,47
Registro Administrativo de la Industria Automotriz de Vehículos Ligeros. Venta de vehículos híbridos y eléctricos,Nacional,2025,8,11,65,31,395,2025-08-01,Aug,3,491
Registro Administrativo de la Industria Automotriz de Vehículos Ligeros. Venta de vehículos híbridos y eléctricos,Nacional,2025,8,12,2,0,33,2025-08-01,Aug,3,35
Registro Administrativo de la Industria Automotriz de Vehículos Ligeros. Venta de vehículos híbridos y eléctricos,Nacional,2025,8,13,11,2,123,2025-08-01,Aug,3,136
Registro Administrativo de la Industria Automotriz de Vehículos Ligeros. Venta de vehículos híbridos y eléctricos,Nacional,2025,8,14,159,104,594,2025-08-01,Aug,3,857
Registro Administrativo de la Industria Automotriz de Vehículos Ligeros. Venta de vehículos híbridos y eléctricos,Nacional,2025,8,15,246,55,1299,2025-08-01,Aug,3,1600
Registro Administrativo de la Industria Automotriz de Vehículos Ligeros. Venta de vehículos híbridos y eléctricos,Nacional,2025,8,16,32,20,211,2025-08-01,Aug,3,263
Registro Administrativo de la Industria Automotriz de Vehículos Ligeros. Venta de vehículos híbridos y eléctricos,Nacional,2025,8,17,34,23,92,2025-08-01,Aug,3,149
Registro Administrativo de la Industria Automotriz de Vehículos Ligeros. Venta de vehículos híbridos y eléctricos,Nacional,2025,8,18,2,4,20,2025-08-01,Aug,3,26
Registro Administrativo de la Industria Automotriz de Vehículos Ligeros. Venta de vehículos híbridos y eléctricos,Nacional,2025,8,19,183,89,766,2025-08-01,Aug,3,1038
Registro Administrativo de la Industria Automotriz de Vehículos Ligeros. Venta de vehículos híbridos y eléctricos,Nacional,2025,8,20,17,3,76,2025-08-01,Aug,3,96
Registro Administrativo de la Industria Automotriz de Vehículos Ligeros. Venta de vehículos híbridos y eléctricos,Nacional,2025,8,21,59,33,281,2025-08-01,Aug,3,373
Registro Administrativo de la Industria Automotriz de Vehículos Ligeros. Venta de vehículos híbridos y eléctricos,Nacional,2025,8,22,65,24,192,2025-08-01,Aug,3,281
Registro Administrativo de la Industria Automotriz de Vehículos Ligeros. Venta de vehículos híbridos y eléctricos,Nacional,2025,8,23,18,9,156,2025-08-01,Aug,3,183
Registro Administrativo de la Industria Automotriz de Vehículos Ligeros. Venta de vehículos híbridos y eléctricos,Nacional,2025,8,24,18,17,108,2025-08-01,Aug,3,143
Registro Administrativo de la Industria Automotriz de Vehículos Ligeros. Venta de vehículos híbridos y eléctricos,Nacional,2025,8,25,55,4,126,2025-08-01,Aug,3,185
Registro Administrativo de la Industria Automotriz de Vehículos Ligeros. Venta de vehículos híbridos y eléctricos,Nacional,2025,8,26,24,7,138,2025-08-01,Aug,3,169
Registro Administrativo de la Industria Automotriz de Vehículos Ligeros. Venta de vehículos híbridos y eléctricos,Nacional,2025,8,27,6,1,67,2025-08-01,Aug,3,74
Registro Administrativo de la Industria Automotriz de Vehículos Ligeros. Venta de vehículos híbridos y eléctricos,Nacional,2025,8,28,38,8,142,2025-08-01,Aug,3,188
Registro Administrativo de la Industria Automotriz de Vehículos Ligeros. Venta de vehículos híbridos y eléctricos,Nacional,2025,8,29,3,1,47,2025-08-01,Aug,3,51
Registro Administrativo de la Industria Automotriz de Vehículos Ligeros. Venta de vehículos híbridos y eléctricos,Nacional,2025,8,30,47,12,236,2025-08-01,Aug,3,295
Registro Administrativo de la Industria Automotriz de Vehículos Ligeros. Venta de vehículos híbridos y eléctricos,Nacional,2025,8,31,28,19,203,2025-08-01,Aug,3,250
Registro Administrativo de la Industria Automotriz de Vehículos Ligeros. Venta de vehículos híbridos y eléctricos,Nacional,2025,8,32,3,0,27,2025-08-01,Aug,3,30
Registro Administrativo de la Industria Automotriz de Vehículos Ligeros. Venta de vehículos híbridos y eléctricos,Nacional,2025,8,99,0,0,60,2025-08-01,Aug,3,60
Registro Administrativo de la Industria Automotriz de Vehículos Ligeros. Venta de vehículos híbridos y eléctricos,Nacional,2022,1,1,0,3,39,2022-01-01,Jan,1,42
Registro Administrativo de la Industria Automotriz de Vehículos Ligeros. Venta de vehículos híbridos y eléctricos,Nacional,2022,1,2,3,22,46,2022-01-01,Jan,1,71
Registro Administrativo de la Industria Automotriz de Vehículos Ligeros. Venta de vehículos híbridos y eléctricos,Nacional,2022,1,3,0,4,17,2022-01-01,Jan,1,21
Registro Administrativo de la Industria Automotriz de Vehículos Ligeros. Venta de vehículos híbridos y eléctricos,Nacional,2022,1,4,0,0,15,2022-01-01,Jan,1,15
Registro Administrativo de la Industria Automotriz de Vehículos Ligeros. Venta de vehículos híbridos y eléctricos,Nacional,2022,1,5,1,17,90,2022-01-01,Jan,1,108
Registro Administrativo de la Industria Automotriz de Vehículos Ligeros. Venta de vehículos híbridos y eléctricos,Nacional,2022,1,6,0,0,32,2022-01-01,Jan,1,32
Registro Administrativo de la Industria Automotriz de Vehículos Ligeros. Venta de vehículos híbridos y eléctricos,Nacional,2022,1,7,0,1,19,2022-01-01,Jan,1,20
Registro Administrativo de la Industria Automotriz de Vehículos Ligeros. Venta de vehículos híbridos y eléctricos,Nacional,2022,1,8,0,7,50,2022-01-01,Jan,1,57
Registro Administrativo de la Industria Automotriz de Vehículos Ligeros. Venta de vehículos híbridos y eléctricos,Nacional,2022,1,9,63,123,565,2022-01-01,Jan,1,751
Registro Administrativo de la Industria Automotriz de Vehículos Ligeros. Venta de vehículos híbridos y eléctricos,Nacional,2022,1,10,0,0,24,2022-01-01,Jan,1,24
Registro Administrativo de la Industria Automotriz de Vehículos Ligeros. Venta de vehículos híbridos y eléctricos,Nacional,2022,1,11,4,13,84,2022-01-01,Jan,1,101
Registro Administrativo de la Industria Automotriz de Vehículos Ligeros. Venta de vehículos híbridos y eléctricos,Nacional,2022,1,12,1,0,14,2022-01-01,Jan,1,15
Registro Administrativo de la Industria Automotriz de Vehículos Ligeros. Venta de vehículos híbridos y eléctricos,Nacional,2022,1,13,2,9,22,2022-01-01,Jan,1,33
Registro Administrativo de la Industria Automotriz de Vehículos Ligeros. Venta de vehículos híbridos y eléctricos,Nacional,2022,1,14,17,54,192,2022-01-01,Jan,1,263
Registro Administrativo de la Industria Automotriz de Vehículos Ligeros. Venta de vehículos híbridos y eléctricos,Nacional,2022,1,15,114,62,367,2022-01-01,Jan,1,543
Registro Administrativo de la Industria Automotriz de Vehículos Ligeros. Venta de vehículos híbridos y eléctricos,Nacional,2022,1,16,3,8,65,2022-01-01,Jan,1,76
Registro Administrativo de la Industria Automotriz de Vehículos Ligeros. Venta de vehículos híbridos y eléctricos,Nacional,2022,1,17,1,8,56,2022-01-01,Jan,1,65
Registro Administrativo de la Industria Automotriz de Vehículos Ligeros. Venta de vehículos híbridos y eléctricos,Nacional,2022,1,18,0,0,6,2022-01-01,Jan,1,6
Registro Administrativo de la Industria Automotriz de Vehículos Ligeros. Venta de vehículos híbridos y eléctricos,Nacional,2022,1,19,12,38,333,2022-01-01,Jan,1,383
Registro Administrativo de la Industria Automotriz de Vehículos Ligeros. Venta de vehículos híbridos y eléctricos,Nacional,2022,1,20,0,2,22,2022-01-01,Jan,1,24
Registro Administrativo de la Industria Automotriz de Vehículos Ligeros. Venta de vehículos híbridos y eléctricos,Nacional,2022,1,21,0,31,81,2022-01-01,Jan,1,112
Registro Administrativo de la Industria Automotriz de Vehículos Ligeros. Venta de vehículos híbridos y eléctricos,Nacional,2022,1,22,6,24,32,2022-01-01,Jan,1,62
Registro Administrativo de la Industria Automotriz de Vehículos Ligeros. Venta de vehículos híbridos y eléctricos,Nacional,2022,1,23,2,7,33,2022-01-01,Jan,1,42
Registro Administrativo de la Industria Automotriz de Vehículos Ligeros. Venta de vehículos híbridos y eléctricos,Nacional,2022,1,24,1,10,33,2022-01-01,Jan,1,44
Registro Administrativo de la Industria Automotriz de Vehículos Ligeros. Venta de vehículos híbridos y eléctricos,Nacional,2022,1,25,2,18,80,2022-01-01,Jan,1,100
Registro Administrativo de la Industria Automotriz de Vehículos Ligeros. Venta de vehículos híbridos y eléctricos,Nacional,2022,1,26,0,10,53,2022-01-01,Jan,1,63
Registro Administrativo de la Industria Automotriz de Vehículos Ligeros. Venta de vehículos híbridos y eléctricos,Nacional,2022,1,27,0,0,12,2022-01-01,Jan,1,12
Registro Administrativo de la Industria Automotriz de Vehículos Ligeros. Venta de vehículos híbridos y eléctricos,Nacional,2022,1,28,0,1,34,2022-01-01,Jan,1,35
Registro Administrativo de la Industria Automotriz de Vehículos Ligeros. Venta de vehículos híbridos y eléctricos,Nacional,2022,1,29,0,0,10,2022-01-01,Jan,1,10
Registro Administrativo de la Industria Automotriz de Vehículos Ligeros. Venta de vehículos híbridos y eléctricos,Nacional,2022,1,30,0,10,59,2022-01-01,Jan,1,69
Registro Administrativo de la Industria Automotriz de Vehículos Ligeros. Venta de vehículos híbridos y eléctricos,Nacional,2022,1,31,5,9,31,2022-01-01,Jan,1,45
Registro Administrativo de la Industria Automotriz de Vehículos Ligeros. Venta de vehículos híbridos y eléctricos,Nacional,2022,1,32,0,1,12,2022-01-01,Jan,1,13
Registro Administrativo de la Industria Automotriz de Vehículos Ligeros. Venta de vehículos híbridos y eléctricos,Nacional,2022,1,99,0,0,0,2022-01-01,Jan,1,0
Registro Administrativo de la Industria Automotriz de Vehículos Ligeros. Venta de vehículos híbridos y eléctricos,Nacional,2022,2,1,0,5,53,2022-02-01,Feb,1,58
Registro Administrativo de la Industria Automotriz de Vehículos Ligeros. Venta de vehículos híbridos y eléctricos,Nacional,2022,2,2,3,11,55,2022-02-01,Feb,1,69
Registro Administrativo de la Industria Automotriz de Vehículos Ligeros. Venta de vehículos híbridos y eléctricos,Nacional,2022,2,3,0,3,23,2022-02-01,Feb,1,26
Registro Administrativo de la Industria Automotriz de Vehículos Ligeros. Venta de vehículos híbridos y eléctricos,Nacional,2022,2,4,0,0,10,2022-02-01,Feb,1,10
Registro Administrativo de la Industria Automotriz de Vehículos Ligeros. Venta de vehículos híbridos y eléctricos,Nacional,2022,2,5,1,7,95,2022-02-01,Feb,1,103
Registro Administrativo de la Industria Automotriz de Vehículos Ligeros. Venta de vehículos híbridos y eléctricos,Nacional,2022,2,6,0,0,18,2022-02-01,Feb,1,18
Registro Administrativo de la Industria Automotriz de Vehículos Ligeros. Venta de vehículos híbridos y eléctricos,Nacional,2022,2,7,0,4,14,2022-02-01,Feb,1,18
Registro Administrativo de la Industria Automotriz de Vehículos Ligeros. Venta de vehículos híbridos y eléctricos,Nacional,2022,2,8,2,6,83,2022-02-01,Feb,1,91
Registro Administrativo de la Industria Automotriz de Vehículos Ligeros. Venta de vehículos híbridos y eléctricos,Nacional,2022,2,9,56,115,621,2022-02-01,Feb,1,792
Registro Administrativo de la Industria Automotriz de Vehículos Ligeros. Venta de vehículos híbridos y eléctricos,Nacional,2022,2,10,0,0,25,2022-02-01,Feb,1,25
Registro Administrativo de la Industria Automotriz de Vehículos Ligeros. Venta de vehículos híbridos y eléctricos,Nacional,2022,2,11,0,14,114,2022-02-01,Feb,1,128
Registro Administrativo de la Industria Automotriz de Vehículos Ligeros. Venta de vehículos híbridos y eléctricos,Nacional,2022,2,12,1,0,13,2022-02-01,Feb,1,14
Registro Administrativo de la Industria Automotriz de Vehículos Ligeros. Venta de vehículos híbridos y eléctricos,Nacional,2022,2,13,1,3,29,2022-02-01,Feb,1,33
Registro Administrativo de la Industria Automotriz de Vehículos Ligeros. Venta de vehículos híbridos y eléctricos,Nacional,2022,2,14,16,40,266,2022-02-01,Feb,1,322
Registro Administrativo de la Industria Automotriz de Vehículos Ligeros. Venta de vehículos híbridos y eléctricos,Nacional,2022,2,15,18,27,357,2022-02-01,Feb,1,402
Registro Administrativo de la Industria Automotriz de Vehículos Ligeros. Venta de vehículos híbridos y eléctricos,Nacional,2022,2,16,3,8,85,2022-02-01,Feb,1,96
Registro Administrativo de la Industria Automotriz de Vehículos Ligeros. Venta de vehículos híbridos y eléctricos,Nacional,2022,2,17,3,7,75,2022-02-01,Feb,1,85
Registro Administrativo de la Industria Automotriz de Vehículos Ligeros. Venta de vehículos híbridos y eléctricos,Nacional,2022,2,18,0,0,5,2022-02-01,Feb,1,5
Registro Administrativo de la Industria Automotriz de Vehículos Ligeros. Venta de vehículos híbridos y eléctricos,Nacional,2022,2,19,20,40,332,2022-02-01,Feb,1,392
Registro Administrativo de la Industria Automotriz de Vehículos Ligeros. Venta de vehículos híbridos y eléctricos,Nacional,2022,2,20,0,1,12,2022-02-01,Feb,1,13
Registro Administrativo de la Industria Automotriz de Vehículos Ligeros. Venta de vehículos híbridos y eléctricos,Nacional,2022,2,21,3,15,104,2022-02-01,Feb,1,122
Registro Administrativo de la Industria Automotriz de Vehículos Ligeros. Venta de vehículos híbridos y eléctricos,Nacional,2022,2,22,4,4,39,2022-02-01,Feb,1,47
Registro Administrativo de la Industria Automotriz de Vehículos Ligeros. Venta de vehículos híbridos y eléctricos,Nacional,2022,2,23,3,5,22,2022-02-01,Feb,1,30
Registro Administrativo de la Industria Automotriz de Vehículos Ligeros. Venta de vehículos híbridos y eléctricos,Nacional,2022,2,24,0,7,54,2022-02-01,Feb,1,61
Registro Administrativo de la Industria Automotriz de Vehículos Ligeros. Venta de vehículos híbridos y eléctricos,Nacional,2022,2,25,1,2,99,2022-02-01,Feb,1,102
Registro Administrativo de la Industria Automotriz de Vehículos Ligeros. Venta de vehículos híbridos y eléctricos,Nacional,2022,2,26,0,6,73,2022-02-01,Feb,1,79
Registro Administrativo de la Industria Automotriz de Vehículos Ligeros. Venta de vehículos híbridos y eléctricos,Nacional,2022,2,27,0,0,9,2022-02-01,Feb,1,9
Registro Administrativo de la Industria Automotriz de Vehículos Ligeros. Venta de vehículos híbridos y eléctricos,Nacional,2022,2,28,1,3,43,2022-02-01,Feb,1,47
Registro Administrativo de la Industria Automotriz de Vehículos Ligeros. Venta de vehículos híbridos y eléctricos,Nacional,2022,2,29,0,0,11,2022-02-01,Feb,1,11
Registro Administrativo de la Industria Automotriz de Vehículos Ligeros. Venta de vehículos híbridos y eléctricos,Nacional,2022,2,30,2,6,94,2022-02-01,Feb,1,102
Registro Administrativo de la Industria Automotriz de Vehículos Ligeros. Venta de vehículos híbridos y eléctricos,Nacional,2022,2,31,4,9,29,2022-02-01,Feb,1,42
Registro Administrativo de la Industria Automotriz de Vehículos Ligeros. Venta de vehículos híbridos y eléctricos,Nacional,2022,2,32,0,0,6,2022-02-01,Feb,1,6
Registro Administrativo de la Industria Automotriz de Vehículos Ligeros. Venta de vehículos híbridos y eléctricos,Nacional,2022,2,99,0,0,1,2022-02-01,Feb,1,1
Registro Administrativo de la Industria Automotriz de Vehículos Ligeros. Venta de vehículos híbridos y eléctricos,Nacional,2022,3,1,0,5,49,2022-03-01,Mar,1,54
Registro Administrativo de la Industria Automotriz de Vehículos Ligeros. Venta de vehículos híbridos y eléctricos,Nacional,2022,3,2,3,9,98,2022-03-01,Mar,1,110
Registro Administrativo de la Industria Automotriz de Vehículos Ligeros. Venta de vehículos híbridos y eléctricos,Nacional,2022,3,3,0,2,51,2022-03-01,Mar,1,53
Registro Administrativo de la Industria Automotriz de Vehículos Ligeros. Venta de vehículos híbridos y eléctricos,Nacional,2022,3,4,0,0,16,2022-03-01,Mar,1,16
Registro Administrativo de la Industria Automotriz de Vehículos Ligeros. Venta de vehículos híbridos y eléctricos,Nacional,2022,3,5,4,9,134,2022-03-01,Mar,1,147
Registro Administrativo de la Industria Automotriz de Vehículos Ligeros. Venta de vehículos híbridos y eléctricos,Nacional,2022,3,6,0,1,30,2022-03-01,Mar,1,31
Registro Administrativo de la Industria Automotriz de Vehículos Ligeros. Venta de vehículos híbridos y eléctricos,Nacional,2022,3,7,1,1,38,2022-03-01,Mar,1,40
Registro Administrativo de la Industria Automotriz de Vehículos Ligeros. Venta de vehículos híbridos y eléctricos,Nacional,2022,3,8,2,5,80,2022-03-01,Mar,1,87
Registro Administrativo de la Industria Automotriz de Vehículos Ligeros. Venta de vehículos híbridos y eléctricos,Nacional,2022,3,9,60,127,728,2022-03-01,Mar,1,915
Registro Administrativo de la Industria Automotriz de Vehículos Ligeros. Venta de vehículos híbridos y eléctricos,Nacional,2022,3,10,0,0,42,2022-03-01,Mar,1,42
Registro Administrativo de la Industria Automotriz de Vehículos Ligeros. Venta de vehículos híbridos y eléctricos,Nacional,2022,3,11,3,15,139,2022-03-01,Mar,1,157
Registro Administrativo de la Industria Automotriz de Vehículos Ligeros. Venta de vehículos híbridos y eléctricos,Nacional,2022,3,12,0,0,18,2022-03-01,Mar,1,18
Registro Administrativo de la Industria Automotriz de Vehículos Ligeros. Venta de vehículos híbridos y eléctricos,Nacional,2022,3,13,0,4,40,2022-03-01,Mar,1,44
Registro Administrativo de la Industria Automotriz de Vehículos Ligeros. Venta de vehículos híbridos y eléctricos,Nacional,2022,3,14,27,47,350,2022-03-01,Mar,1,424
Registro Administrativo de la Industria Automotriz de Vehículos Ligeros. Venta de vehículos híbridos y eléctricos,Nacional,2022,3,15,90,50,477,2022-03-01,Mar,1,617
Registro Administrativo de la Industria Automotriz de Vehículos Ligeros. Venta de vehículos híbridos y eléctricos,Nacional,2022,3,16,0,5,97,2022-03-01,Mar,1,102
Registro Administrativo de la Industria Automotriz de Vehículos Ligeros. Venta de vehículos híbridos y eléctricos,Nacional,2022,3,17,3,12,83,2022-03-01,Mar,1,98
Registro Administrativo de la Industria Automotriz de Vehículos Ligeros. Venta de vehículos híbridos y eléctricos,Nacional,2022,3,18,0,0,8,2022-03-01,Mar,1,8
Registro Administrativo de la Industria Automotriz de Vehículos Ligeros. Venta de vehículos híbridos y eléctricos,Nacional,2022,3,19,23,44,418,2022-03-01,Mar,1,485
Registro Administrativo de la Industria Automotriz de Vehículos Ligeros. Venta de vehículos híbridos y eléctricos,Nacional,2022,3,20,0,0,32,2022-03-01,Mar,1,32
Registro Administrativo de la Industria Automotriz de Vehículos Ligeros. Venta de vehículos híbridos y eléctricos,Nacional,2022,3,21,10,17,127,2022-03-01,Mar,1,154
Registro Administrativo de la Industria Automotriz de Vehículos Ligeros. Venta de vehículos híbridos y eléctricos,Nacional,2022,3,22,4,13,46,2022-03-01,Mar,1,63
Registro Administrativo de la Industria Automotriz de Vehículos Ligeros. Venta de vehículos híbridos y eléctricos,Nacional,2022,3,23,10,3,66,2022-03-01,Mar,1,79
Registro Administrativo de la Industria Automotriz de Vehículos Ligeros. Venta de vehículos híbridos y eléctricos,Nacional,2022,3,24,4,7,52,2022-03-01,Mar,1,63
Registro Administrativo de la Industria Automotriz de Vehículos Ligeros. Venta de vehículos híbridos y eléctricos,Nacional,2022,3,25,3,8,171,2022-03-01,Mar,1,182
Registro Administrativo de la Industria Automotriz de Vehículos Ligeros. Venta de vehículos híbridos y eléctricos,Nacional,2022,3,26,0,2,84,2022-03-01,Mar,1,86
Registro Administrativo de la Industria Automotriz de Vehículos Ligeros. Venta de vehículos híbridos y eléctricos,Nacional,2022,3,27,0,0,26,2022-03-01,Mar,1,26
Registro Administrativo de la Industria Automotriz de Vehículos Ligeros. Venta de vehículos híbridos y eléctricos,Nacional,2022,3,28,0,1,47,2022-03-01,Mar,1,48
Registro Administrativo de la Industria Automotriz de Vehículos Ligeros. Venta de vehículos híbridos y eléctricos,Nacional,2022,3,29,0,0,14,2022-03-01,Mar,1,14
Registro Administrativo de la Industria Automotriz de Vehículos Ligeros. Venta de vehículos híbridos y eléctricos,Nacional,2022,3,30,3,6,119,2022-03-01,Mar,1,128
Registro Administrativo de la Industria Automotriz de Vehículos Ligeros. Venta de vehículos híbridos y eléctricos,Nacional,2022,3,31,2,5,61,2022-03-01,Mar,1,68
Registro Administrativo de la Industria Automotriz de Vehículos Ligeros. Venta de vehículos híbridos y eléctricos,Nacional,2022,3,32,0,0,11,2022-03-01,Mar,1,11
Registro Administrativo de la Industria Automotriz de Vehículos Ligeros. Venta de vehículos híbridos y eléctricos,Nacional,2022,3,99,0,0,0,2022-03-01,Mar,1,0
Registro Administrativo de la Industria Automotriz de Vehículos Ligeros. Venta de vehículos híbridos y eléctricos,Nacional,2022,4,1,0,2,50,2022-04-01,Apr,2,52
Registro Administrativo de la Industria Automotriz de Vehículos Ligeros. Venta de vehículos híbridos y eléctricos,Nacional,2022,4,2,2,16,79,2022-04-01,Apr,2,97
Registro Administrativo de la Industria Automotriz de Vehículos Ligeros. Venta de vehículos híbridos y eléctricos,Nacional,2022,4,3,0,2,23,2022-04-01,Apr,2,25
Registro Administrativo de la Industria Automotriz de Vehículos Ligeros. Venta de vehículos híbridos y eléctricos,Nacional,2022,4,4,0,0,9,2022-04-01,Apr,2,9
Registro Administrativo de la Industria Automotriz de Vehículos Ligeros. Venta de vehículos híbridos y eléctricos,Nacional,2022,4,5,7,13,79,2022-04-01,Apr,2,99
Registro Administrativo de la Industria Automotriz de Vehículos Ligeros. Venta de vehículos híbridos y eléctricos,Nacional,2022,4,6,2,0,23,2022-04-01,Apr,2,25
Registro Administrativo de la Industria Automotriz de Vehículos Ligeros. Venta de vehículos híbridos y eléctricos,Nacional,2022,4,7,0,0,25,2022-04-01,Apr,2,25
Registro Administrativo de la Industria Automotriz de Vehículos Ligeros. Venta de vehículos híbridos y eléctricos,Nacional,2022,4,8,4,7,73,2022-04-01,Apr,2,84
Registro Administrativo de la Industria Automotriz de Vehículos Ligeros. Venta de vehículos híbridos y eléctricos,Nacional,2022,4,9,152,112,722,2022-04-01,Apr,2,986
Registro Administrativo de la Industria Automotriz de Vehículos Ligeros. Venta de vehículos híbridos y eléctricos,Nacional,2022,4,10,3,0,19,2022-04-01,Apr,2,22
Registro Administrativo de la Industria Automotriz de Vehículos Ligeros. Venta de vehículos híbridos y eléctricos,Nacional,2022,4,11,6,16,92,2022-04-01,Apr,2,114
Registro Administrativo de la Industria Automotriz de Vehículos Ligeros. Venta de vehículos híbridos y eléctricos,Nacional,2022,4,12,2,0,18,2022-04-01,Apr,2,20
Registro Administrativo de la Industria Automotriz de Vehículos Ligeros. Venta de vehículos híbridos y eléctricos,Nacional,2022,4,13,4,7,40,2022-04-01,Apr,2,51
Registro Administrativo de la Industria Automotriz de Vehículos Ligeros. Venta de vehículos híbridos y eléctricos,Nacional,2022,4,14,34,36,223,2022-04-01,Apr,2,293
Registro Administrativo de la Industria Automotriz de Vehículos Ligeros. Venta de vehículos híbridos y eléctricos,Nacional,2022,4,15,47,27,457,2022-04-01,Apr,2,531
Registro Administrativo de la Industria Automotriz de Vehículos Ligeros. Venta de vehículos híbridos y eléctricos,Nacional,2022,4,16,4,7,88,2022-04-01,Apr,2,99
Registro Administrativo de la Industria Automotriz de Vehículos Ligeros. Venta de vehículos híbridos y eléctricos,Nacional,2022,4,17,6,3,64,2022-04-01,Apr,2,73
Registro Administrativo de la Industria Automotriz de Vehículos Ligeros. Venta de vehículos híbridos y eléctricos,Nacional,2022,4,18,1,0,4,2022-04-01,Apr,2,5
Registro Administrativo de la Industria Automotriz de Vehículos Ligeros. Venta de vehículos híbridos y eléctricos,Nacional,2022,4,19,56,34,254,2022-04-01,Apr,2,344
Registro Administrativo de la Industria Automotriz de Vehículos Ligeros. Venta de vehículos híbridos y eléctricos,Nacional,2022,4,20,1,0,22,2022-04-01,Apr,2,23
Registro Administrativo de la Industria Automotriz de Vehículos Ligeros. Venta de vehículos híbridos y eléctricos,Nacional,2022,4,21,19,20,116,2022-04-01,Apr,2,155
Registro Administrativo de la Industria Automotriz de Vehículos Ligeros. Venta de vehículos híbridos y eléctricos,Nacional,2022,4,22,10,9,57,2022-04-01,Apr,2,76
Registro Administrativo de la Industria Automotriz de Vehículos Ligeros. Venta de vehículos híbridos y eléctricos,Nacional,2022,4,23,8,4,34,2022-04-01,Apr,2,46
Registro Administrativo de la Industria Automotriz de Vehículos Ligeros. Venta de vehículos híbridos y eléctricos,Nacional,2022,4,24,3,6,27,2022-04-01,Apr,2,36
Registro Administrativo de la Industria Automotriz de Vehículos Ligeros. Venta de vehículos híbridos y eléctricos,Nacional,2022,4,25,5,12,128,2022-04-01,Apr,2,145
Registro Administrativo de la Industria Automotriz de Vehículos Ligeros. Venta de vehículos híbridos y eléctricos,Nacional,2022,4,26,0,1,73,2022-04-01,Apr,2,74
Registro Administrativo de la Industria Automotriz de Vehículos Ligeros. Venta de vehículos híbridos y eléctricos,Nacional,2022,4,27,1,0,14,2022-04-01,Apr,2,15
Registro Administrativo de la Industria Automotriz de Vehículos Ligeros. Venta de vehículos híbridos y eléctricos,Nacional,2022,4,28,6,0,47,2022-04-01,Apr,2,53
Registro Administrativo de la Industria Automotriz de Vehículos Ligeros. Venta de vehículos híbridos y eléctricos,Nacional,2022,4,29,2,0,22,2022-04-01,Apr,2,24
Registro Administrativo de la Industria Automotriz de Vehículos Ligeros. Venta de vehículos híbridos y eléctricos,Nacional,2022,4,30,5,13,97,2022-04-01,Apr,2,115
Registro Administrativo de la Industria Automotriz de Vehículos Ligeros. Venta de vehículos híbridos y eléctricos,Nacional,2022,4,31,5,7,36,2022-04-01,Apr,2,48
Registro Administrativo de la Industria Automotriz de Vehículos Ligeros. Venta de vehículos híbridos y eléctricos,Nacional,2022,4,32,2,0,11,2022-04-01,Apr,2,13
Registro Administrativo de la Industria Automotriz de Vehículos Ligeros. Venta de vehículos híbridos y eléctricos,Nacional,2022,4,99,0,0,0,2022-04-01,Apr,2,0
Registro Administrativo de la Industria Automotriz de Vehículos Ligeros. Venta de vehículos híbridos y eléctricos,Nacional,2022,5,1,1,4,51,2022-05-01,May,2,56
Registro Administrativo de la Industria Automotriz de Vehículos Ligeros. Venta de vehículos híbridos y eléctricos,Nacional,2022,5,2,6,17,85,2022-05-01,May,2,108
Registro Administrativo de la Industria Automotriz de Vehículos Ligeros. Venta de vehículos híbridos y eléctricos,Nacional,2022,5,3,0,1,38,2022-05-01,May,2,39
Registro Administrativo de la Industria Automotriz de Vehículos Ligeros. Venta de vehículos híbridos y eléctricos,Nacional,2022,5,4,0,0,35,2022-05-01,May,2,35
Registro Administrativo de la Industria Automotriz de Vehículos Ligeros. Venta de vehículos híbridos y eléctricos,Nacional,2022,5,5,4,11,114,2022-05-01,May,2,129
Registro Administrativo de la Industria Automotriz de Vehículos Ligeros. Venta de vehículos híbridos y eléctricos,Nacional,2022,5,6,1,0,20,2022-05-01,May,2,21
Registro Administrativo de la Industria Automotriz de Vehículos Ligeros. Venta de vehículos híbridos y eléctricos,Nacional,2022,5,7,2,0,25,2022-05-01,May,2,27
Registro Administrativo de la Industria Automotriz de Vehículos Ligeros. Venta de vehículos híbridos y eléctricos,Nacional,2022,5,8,5,3,63,2022-05-01,May,2,71
Registro Administrativo de la Industria Automotriz de Vehículos Ligeros. Venta de vehículos híbridos y eléctricos,Nacional,2022,5,9,76,141,809,2022-05-01,May,2,1026
Registro Administrativo de la Industria Automotriz de Vehículos Ligeros. Venta de vehículos híbridos y eléctricos,Nacional,2022,5,10,0,0,29,2022-05-01,May,2,29
Registro Administrativo de la Industria Automotriz de Vehículos Ligeros. Venta de vehículos híbridos y eléctricos,Nacional,2022,5,11,9,10,136,2022-05-01,May,2,155
Registro Administrativo de la Industria Automotriz de Vehículos Ligeros. Venta de vehículos híbridos y eléctricos,Nacional,2022,5,12,0,0,18,2022-05-01,May,2,18
Registro Administrativo de la Industria Automotriz de Vehículos Ligeros. Venta de vehículos híbridos y eléctricos,Nacional,2022,5,13,3,1,47,2022-05-01,May,2,51
Registro Administrativo de la Industria Automotriz de Vehículos Ligeros. Venta de vehículos híbridos y eléctricos,Nacional,2022,5,14,48,30,327,2022-05-01,May,2,405
Registro Administrativo de la Industria Automotriz de Vehículos Ligeros. Venta de vehículos híbridos y eléctricos,Nacional,2022,5,15,123,34,567,2022-05-01,May,2,724
Registro Administrativo de la Industria Automotriz de Vehículos Ligeros. Venta de vehículos híbridos y eléctricos,Nacional,2022,5,16,3,5,102,2022-05-01,May,2,110
Registro Administrativo de la Industria Automotriz de Vehículos Ligeros. Venta de vehículos híbridos y eléctricos,Nacional,2022,5,17,10,7,59,2022-05-01,May,2,76
Registro Administrativo de la Industria Automotriz de Vehículos Ligeros. Venta de vehículos híbridos y eléctricos,Nacional,2022,5,18,0,1,7,2022-05-01,May,2,8
Registro Administrativo de la Industria Automotriz de Vehículos Ligeros. Venta de vehículos híbridos y eléctricos,Nacional,2022,5,19,41,32,423,2022-05-01,May,2,496
Registro Administrativo de la Industria Automotriz de Vehículos Ligeros. Venta de vehículos híbridos y eléctricos,Nacional,2022,5,20,1,4,25,2022-05-01,May,2,30
Registro Administrativo de la Industria Automotriz de Vehículos Ligeros. Venta de vehículos híbridos y eléctricos,Nacional,2022,5,21,10,13,111,2022-05-01,May,2,134
Registro Administrativo de la Industria Automotriz de Vehículos Ligeros. Venta de vehículos híbridos y eléctricos,Nacional,2022,5,22,14,11,58,2022-05-01,May,2,83
Registro Administrativo de la Industria Automotriz de Vehículos Ligeros. Venta de vehículos híbridos y eléctricos,Nacional,2022,5,23,4,4,40,2022-05-01,May,2,48
Registro Administrativo de la Industria Automotriz de Vehículos Ligeros. Venta de vehículos híbridos y eléctricos,Nacional,2022,5,24,4,7,50,2022-05-01,May,2,61
Registro Administrativo de la Industria Automotriz de Vehículos Ligeros. Venta de vehículos híbridos y eléctricos,Nacional,2022,5,25,4,6,135,2022-05-01,May,2,145
Registro Administrativo de la Industria Automotriz de Vehículos Ligeros. Venta de vehículos híbridos y eléctricos,Nacional,2022,5,26,1,4,72,2022-05-01,May,2,77
Registro Administrativo de la Industria Automotriz de Vehículos Ligeros. Venta de vehículos híbridos y eléctricos,Nacional,2022,5,27,2,0,20,2022-05-01,May,2,22
Registro Administrativo de la Industria Automotriz de Vehículos Ligeros. Venta de vehículos híbridos y eléctricos,Nacional,2022,5,28,3,0,44,2022-05-01,May,2,47
Registro Administrativo de la Industria Automotriz de Vehículos Ligeros. Venta de vehículos híbridos y eléctricos,Nacional,2022,5,29,1,0,16,2022-05-01,May,2,17
Registro Administrativo de la Industria Automotriz de Vehículos Ligeros. Venta de vehículos híbridos y eléctricos,Nacional,2022,5,30,5,6,122,2022-05-01,May,2,133
Registro Administrativo de la Industria Automotriz de Vehículos Ligeros. Venta de vehículos híbridos y eléctricos,Nacional,2022,5,31,9,7,71,2022-05-01,May,2,87
Registro Administrativo de la Industria Automotriz de Vehículos Ligeros. Venta de vehículos híbridos y eléctricos,Nacional,2022,5,32,1,0,17,2022-05-01,May,2,18
Registro Administrativo de la Industria Automotriz de Vehículos Ligeros. Venta de vehículos híbridos y eléctricos,Nacional,2022,5,99,0,0,0,2022-05-01,May,2,0
Registro Administrativo de la Industria Automotriz de Vehículos Ligeros. Venta de vehículos híbridos y eléctricos,Nacional,2022,6,1,3,1,42,2022-06-01,Jun,2,46
Registro Administrativo de la Industria Automotriz de Vehículos Ligeros. Venta de vehículos híbridos y eléctricos,Nacional,2022,6,2,4,9,78,2022-06-01,Jun,2,91
Registro Administrativo de la Industria Automotriz de Vehículos Ligeros. Venta de vehículos híbridos y eléctricos,Nacional,2022,6,3,0,0,26,2022-06-01,Jun,2,26
Registro Administrativo de la Industria Automotriz de Vehículos Ligeros. Venta de vehículos híbridos y eléctricos,Nacional,2022,6,4,0,0,15,2022-06-01,Jun,2,15
Registro Administrativo de la Industria Automotriz de Vehículos Ligeros. Venta de vehículos híbridos y eléctricos,Nacional,2022,6,5,5,8,100,2022-06-01,Jun,2,113
Registro Administrativo de la Industria Automotriz de Vehículos Ligeros. Venta de vehículos híbridos y eléctricos,Nacional,2022,6,6,1,1,22,2022-06-01,Jun,2,24
Registro Administrativo de la Industria Automotriz de Vehículos Ligeros. Venta de vehículos híbridos y eléctricos,Nacional,2022,6,7,2,1,26,2022-06-01,Jun,2,29
Registro Administrativo de la Industria Automotriz de Vehículos Ligeros. Venta de vehículos híbridos y eléctricos,Nacional,2022,6,8,7,8,82,2022-06-01,Jun,2,97
Registro Administrativo de la Industria Automotriz de Vehículos Ligeros. Venta de vehículos híbridos y eléctricos,Nacional,2022,6,9,71,107,695,2022-06-01,Jun,2,873
Registro Administrativo de la Industria Automotriz de Vehículos Ligeros. Venta de vehículos híbridos y eléctricos,Nacional,2022,6,10,0,0,20,2022-06-01,Jun,2,20
Registro Administrativo de la Industria Automotriz de Vehículos Ligeros. Venta de vehículos híbridos y eléctricos,Nacional,2022,6,11,12,7,103,2022-06-01,Jun,2,122
Registro Administrativo de la Industria Automotriz de Vehículos Ligeros. Venta de vehículos híbridos y eléctricos,Nacional,2022,6,12,1,0,14,2022-06-01,Jun,2,15
Registro Administrativo de la Industria Automotriz de Vehículos Ligeros. Venta de vehículos híbridos y eléctricos,Nacional,2022,6,13,1,1,37,2022-06-01,Jun,2,39
Registro Administrativo de la Industria Automotriz de Vehículos Ligeros. Venta de vehículos híbridos y eléctricos,Nacional,2022,6,14,29,36,295,2022-06-01,Jun,2,360
Registro Administrativo de la Industria Automotriz de Vehículos Ligeros. Venta de vehículos híbridos y eléctricos,Nacional,2022,6,15,29,35,414,2022-06-01,Jun,2,478
Registro Administrativo de la Industria Automotriz de Vehículos Ligeros. Venta de vehículos híbridos y eléctricos,Nacional,2022,6,16,9,3,62,2022-06-01,Jun,2,74
Registro Administrativo de la Industria Automotriz de Vehículos Ligeros. Venta de vehículos híbridos y eléctricos,Nacional,2022,6,17,7,13,66,2022-06-01,Jun,2,86
Registro Administrativo de la Industria Automotriz de Vehículos Ligeros. Venta de vehículos híbridos y eléctricos,Nacional,2022,6,18,0,0,12,2022-06-01,Jun,2,12
Registro Administrativo de la Industria Automotriz de Vehículos Ligeros. Venta de vehículos híbridos y eléctricos,Nacional,2022,6,19,37,29,335,2022-06-01,Jun,2,401
Registro Administrativo de la Industria Automotriz de Vehículos Ligeros. Venta de vehículos híbridos y eléctricos,Nacional,2022,6,20,2,2,24,2022-06-01,Jun,2,28
Registro Administrativo de la Industria Automotriz de Vehículos Ligeros. Venta de vehículos híbridos y eléctricos,Nacional,2022,6,21,16,12,121,2022-06-01,Jun,2,149
Registro Administrativo de la Industria Automotriz de Vehículos Ligeros. Venta de vehículos híbridos y eléctricos,Nacional,2022,6,22,10,10,48,2022-06-01,Jun,2,68
Registro Administrativo de la Industria Automotriz de Vehículos Ligeros. Venta de vehículos híbridos y eléctricos,Nacional,2022,6,23,5,1,67,2022-06-01,Jun,2,73
Registro Administrativo de la Industria Automotriz de Vehículos Ligeros. Venta de vehículos híbridos y eléctricos,Nacional,2022,6,24,2,8,36,2022-06-01,Jun,2,46
Registro Administrativo de la Industria Automotriz de Vehículos Ligeros. Venta de vehículos híbridos y eléctricos,Nacional,2022,6,25,7,10,103,2022-06-01,Jun,2,120
Registro Administrativo de la Industria Automotriz de Vehículos Ligeros. Venta de vehículos híbridos y eléctricos,Nacional,2022,6,26,0,0,60,2022-06-01,Jun,2,60
Registro Administrativo de la Industria Automotriz de Vehículos Ligeros. Venta de vehículos híbridos y eléctricos,Nacional,2022,6,27,2,0,18,2022-06-01,Jun,2,20
Registro Administrativo de la Industria Automotriz de Vehículos Ligeros. Venta de vehículos híbridos y eléctricos,Nacional,2022,6,28,6,1,53,2022-06-01,Jun,2,60
Registro Administrativo de la Industria Automotriz de Vehículos Ligeros. Venta de vehículos híbridos y eléctricos,Nacional,2022,6,29,0,0,9,2022-06-01,Jun,2,9
Registro Administrativo de la Industria Automotriz de Vehículos Ligeros. Venta de vehículos híbridos y eléctricos,Nacional,2022,6,30,7,6,88,2022-06-01,Jun,2,101
Registro Administrativo de la Industria Automotriz de Vehículos Ligeros. Venta de vehículos híbridos y eléctricos,Nacional,2022,6,31,8,3,73,2022-06-01,Jun,2,84
Registro Administrativo de la Industria Automotriz de Vehículos Ligeros. Venta de vehículos híbridos y eléctricos,Nacional,2022,6,32,1,0,5,2022-06-01,Jun,2,6
Registro Administrativo de la Industria Automotriz de Vehículos Ligeros. Venta de vehículos híbridos y eléctricos,Nacional,2022,6,99,0,0,0,2022-06-01,Jun,2,0
Registro Administrativo de la Industria Automotriz de Vehículos Ligeros. Venta de vehículos híbridos y eléctricos,Nacional,2022,7,1,2,4,41,2022-07-01,Jul,3,47
Registro Administrativo de la Industria Automotriz de Vehículos Ligeros. Venta de vehículos híbridos y eléctricos,Nacional,2022,7,2,5,16,57,2022-07-01,Jul,3,78
Registro Administrativo de la Industria Automotriz de Vehículos Ligeros. Venta de vehículos híbridos y eléctricos,Nacional,2022,7,3,0,2,31,2022-07-01,Jul,3,33
Registro Administrativo de la Industria Automotriz de Vehículos Ligeros. Venta de vehículos híbridos y eléctricos,Nacional,2022,7,4,0,0,9,2022-07-01,Jul,3,9
Registro Administrativo de la Industria Automotriz de Vehículos Ligeros. Venta de vehículos híbridos y eléctricos,Nacional,2022,7,5,3,4,87,2022-07-01,Jul,3,94
Registro Administrativo de la Industria Automotriz de Vehículos Ligeros. Venta de vehículos híbridos y eléctricos,Nacional,2022,7,6,2,0,30,2022-07-01,Jul,3,32
Registro Administrativo de la Industria Automotriz de Vehículos Ligeros. Venta de vehículos híbridos y eléctricos,Nacional,2022,7,7,1,2,24,2022-07-01,Jul,3,27
Registro Administrativo de la Industria Automotriz de Vehículos Ligeros. Venta de vehículos híbridos y eléctricos,Nacional,2022,7,8,1,6,59,2022-07-01,Jul,3,66
Registro Administrativo de la Industria Automotriz de Vehículos Ligeros. Venta de vehículos híbridos y eléctricos,Nacional,2022,7,9,112,90,803,2022-07-01,Jul,3,1005
Registro Administrativo de la Industria Automotriz de Vehículos Ligeros. Venta de vehículos híbridos y eléctricos,Nacional,2022,7,10,1,0,17,2022-07-01,Jul,3,18
Registro Administrativo de la Industria Automotriz de Vehículos Ligeros. Venta de vehículos híbridos y eléctricos,Nacional,2022,7,11,9,15,118,2022-07-01,Jul,3,142
Registro Administrativo de la Industria Automotriz de Vehículos Ligeros. Venta de vehículos híbridos y eléctricos,Nacional,2022,7,12,1,0,14,2022-07-01,Jul,3,15
Registro Administrativo de la Industria Automotriz de Vehículos Ligeros. Venta de vehículos híbridos y eléctricos,Nacional,2022,7,13,3,5,34,2022-07-01,Jul,3,42
Registro Administrativo de la Industria Automotriz de Vehículos Ligeros. Venta de vehículos híbridos y eléctricos,Nacional,2022,7,14,77,37,262,2022-07-01,Jul,3,376
Registro Administrativo de la Industria Automotriz de Vehículos Ligeros. Venta de vehículos híbridos y eléctricos,Nacional,2022,7,15,89,28,446,2022-07-01,Jul,3,563
Registro Administrativo de la Industria Automotriz de Vehículos Ligeros. Venta de vehículos híbridos y eléctricos,Nacional,2022,7,16,5,6,74,2022-07-01,Jul,3,85
Registro Administrativo de la Industria Automotriz de Vehículos Ligeros. Venta de vehículos híbridos y eléctricos,Nacional,2022,7,17,2,5,56,2022-07-01,Jul,3,63
Registro Administrativo de la Industria Automotriz de Vehículos Ligeros. Venta de vehículos híbridos y eléctricos,Nacional,2022,7,18,1,0,5,2022-07-01,Jul,3,6
Registro Administrativo de la Industria Automotriz de Vehículos Ligeros. Venta de vehículos híbridos y eléctricos,Nacional,2022,7,19,30,35,278,2022-07-01,Jul,3,343
Registro Administrativo de la Industria Automotriz de Vehículos Ligeros. Venta de vehículos híbridos y eléctricos,Nacional,2022,7,20,0,3,25,2022-07-01,Jul,3,28
Registro Administrativo de la Industria Automotriz de Vehículos Ligeros. Venta de vehículos híbridos y eléctricos,Nacional,2022,7,21,9,12,119,2022-07-01,Jul,3,140
Registro Administrativo de la Industria Automotriz de Vehículos Ligeros. Venta de vehículos híbridos y eléctricos,Nacional,2022,7,22,6,13,57,2022-07-01,Jul,3,76
Registro Administrativo de la Industria Automotriz de Vehículos Ligeros. Venta de vehículos híbridos y eléctricos,Nacional,2022,7,23,5,3,45,2022-07-01,Jul,3,53
Registro Administrativo de la Industria Automotriz de Vehículos Ligeros. Venta de vehículos híbridos y eléctricos,Nacional,2022,7,24,5,3,40,2022-07-01,Jul,3,48
Registro Administrativo de la Industria Automotriz de Vehículos Ligeros. Venta de vehículos híbridos y eléctricos,Nacional,2022,7,25,6,10,103,2022-07-01,Jul,3,119
Registro Administrativo de la Industria Automotriz de Vehículos Ligeros. Venta de vehículos híbridos y eléctricos,Nacional,2022,7,26,1,4,54,2022-07-01,Jul,3,59
Registro Administrativo de la Industria Automotriz de Vehículos Ligeros. Venta de vehículos híbridos y eléctricos,Nacional,2022,7,27,1,0,28,2022-07-01,Jul,3,29
Registro Administrativo de la Industria Automotriz de Vehículos Ligeros. Venta de vehículos híbridos y eléctricos,Nacional,2022,7,28,4,0,54,2022-07-01,Jul,3,58
Registro Administrativo de la Industria Automotriz de Vehículos Ligeros. Venta de vehículos híbridos y eléctricos,Nacional,2022,7,29,0,0,11,2022-07-01,Jul,3,11
Registro Administrativo de la Industria Automotriz de Vehículos Ligeros. Venta de vehículos híbridos y eléctricos,Nacional,2022,7,30,6,4,109,2022-07-01,Jul,3,119
Registro Administrativo de la Industria Automotriz de Vehículos Ligeros. Venta de vehículos híbridos y eléctricos,Nacional,2022,7,31,10,3,66,2022-07-01,Jul,3,79
Registro Administrativo de la Industria Automotriz de Vehículos Ligeros. Venta de vehículos híbridos y eléctricos,Nacional,2022,7,32,1,0,10,2022-07-01,Jul,3,11
Registro Administrativo de la Industria Automotriz de Vehículos Ligeros. Venta de vehículos híbridos y eléctricos,Nacional,2022,7,99,0,0,0,2022-07-01,Jul,3,0
Registro Administrativo de la Industria Automotriz de Vehículos Ligeros. Venta de vehículos híbridos y eléctricos,Nacional,2022,8,1,0,4,51,2022-08-01,Aug,3,55
Registro Administrativo de la Industria Automotriz de Vehículos Ligeros. Venta de vehículos híbridos y eléctricos,Nacional,2022,8,2,2,14,94,2022-08-01,Aug,3,110
Registro Administrativo de la Industria Automotriz de Vehículos Ligeros. Venta de vehículos híbridos y eléctricos,Nacional,2022,8,3,0,1,51,2022-08-01,Aug,3,52
Registro Administrativo de la Industria Automotriz de Vehículos Ligeros. Venta de vehículos híbridos y eléctricos,Nacional,2022,8,4,0,0,16,2022-08-01,Aug,3,16
Registro Administrativo de la Industria Automotriz de Vehículos Ligeros. Venta de vehículos híbridos y eléctricos,Nacional,2022,8,5,1,10,125,2022-08-01,Aug,3,136
Registro Administrativo de la Industria Automotriz de Vehículos Ligeros. Venta de vehículos híbridos y eléctricos,Nacional,2022,8,6,1,0,16,2022-08-01,Aug,3,17
Registro Administrativo de la Industria Automotriz de Vehículos Ligeros. Venta de vehículos híbridos y eléctricos,Nacional,2022,8,7,3,1,25,2022-08-01,Aug,3,29
Registro Administrativo de la Industria Automotriz de Vehículos Ligeros. Venta de vehículos híbridos y eléctricos,Nacional,2022,8,8,5,4,72,2022-08-01,Aug,3,81
Registro Administrativo de la Industria Automotriz de Vehículos Ligeros. Venta de vehículos híbridos y eléctricos,Nacional,2022,8,9,86,122,625,2022-08-01,Aug,3,833
Registro Administrativo de la Industria Automotriz de Vehículos Ligeros. Venta de vehículos híbridos y eléctricos,Nacional,2022,8,10,1,0,27,2022-08-01,Aug,3,28
Registro Administrativo de la Industria Automotriz de Vehículos Ligeros. Venta de vehículos híbridos y eléctricos,Nacional,2022,8,11,11,13,128,2022-08-01,Aug,3,152
Registro Administrativo de la Industria Automotriz de Vehículos Ligeros. Venta de vehículos híbridos y eléctricos,Nacional,2022,8,12,1,0,8,2022-08-01,Aug,3,9
Registro Administrativo de la Industria Automotriz de Vehículos Ligeros. Venta de vehículos híbridos y eléctricos,Nacional,2022,8,13,11,20,65,2022-08-01,Aug,3,96
Registro Administrativo de la Industria Automotriz de Vehículos Ligeros. Venta de vehículos híbridos y eléctricos,Nacional,2022,8,14,30,36,332,2022-08-01,Aug,3,398
Registro Administrativo de la Industria Automotriz de Vehículos Ligeros. Venta de vehículos híbridos y eléctricos,Nacional,2022,8,15,153,12,465,2022-08-01,Aug,3,630
Registro Administrativo de la Industria Automotriz de Vehículos Ligeros. Venta de vehículos híbridos y eléctricos,Nacional,2022,8,16,3,10,63,2022-08-01,Aug,3,76
Registro Administrativo de la Industria Automotriz de Vehículos Ligeros. Venta de vehículos híbridos y eléctricos,Nacional,2022,8,17,2,2,45,2022-08-01,Aug,3,49
Registro Administrativo de la Industria Automotriz de Vehículos Ligeros. Venta de vehículos híbridos y eléctricos,Nacional,2022,8,18,0,0,11,2022-08-01,Aug,3,11
Registro Administrativo de la Industria Automotriz de Vehículos Ligeros. Venta de vehículos híbridos y eléctricos,Nacional,2022,8,19,24,41,387,2022-08-01,Aug,3,452
Registro Administrativo de la Industria Automotriz de Vehículos Ligeros. Venta de vehículos híbridos y eléctricos,Nacional,2022,8,20,3,0,28,2022-08-01,Aug,3,31
Registro Administrativo de la Industria Automotriz de Vehículos Ligeros. Venta de vehículos híbridos y eléctricos,Nacional,2022,8,21,21,18,112,2022-08-01,Aug,3,151
Registro Administrativo de la Industria Automotriz de Vehículos Ligeros. Venta de vehículos híbridos y eléctricos,Nacional,2022,8,22,31,10,50,2022-08-01,Aug,3,91
Registro Administrativo de la Industria Automotriz de Vehículos Ligeros. Venta de vehículos híbridos y eléctricos,Nacional,2022,8,23,7,3,36,2022-08-01,Aug,3,46
Registro Administrativo de la Industria Automotriz de Vehículos Ligeros. Venta de vehículos híbridos y eléctricos,Nacional,2022,8,24,2,5,37,2022-08-01,Aug,3,44
Registro Administrativo de la Industria Automotriz de Vehículos Ligeros. Venta de vehículos híbridos y eléctricos,Nacional,2022,8,25,0,7,133,2022-08-01,Aug,3,140
Registro Administrativo de la Industria Automotriz de Vehículos Ligeros. Venta de vehículos híbridos y eléctricos,Nacional,2022,8,26,2,4,70,2022-08-01,Aug,3,76
Registro Administrativo de la Industria Automotriz de Vehículos Ligeros. Venta de vehículos híbridos y eléctricos,Nacional,2022,8,27,2,1,23,2022-08-01,Aug,3,26
Registro Administrativo de la Industria Automotriz de Vehículos Ligeros. Venta de vehículos híbridos y eléctricos,Nacional,2022,8,28,1,1,45,2022-08-01,Aug,3,47
Registro Administrativo de la Industria Automotriz de Vehículos Ligeros. Venta de vehículos híbridos y eléctricos,Nacional,2022,8,29,1,0,23,2022-08-01,Aug,3,24
Registro Administrativo de la Industria Automotriz de Vehículos Ligeros. Venta de vehículos híbridos y eléctricos,Nacional,2022,8,30,2,6,106,2022-08-01,Aug,3,114
Registro Administrativo de la Industria Automotriz de Vehículos Ligeros. Venta de vehículos híbridos y eléctricos,Nacional,2022,8,31,11,7,60,2022-08-01,Aug,3,78
Registro Administrativo de la Industria Automotriz de Vehículos Ligeros. Venta de vehículos híbridos y eléctricos,Nacional,2022,8,32,1,0,9,2022-08-01,Aug,3,10
Registro Administrativo de la Industria Automotriz de Vehículos Ligeros. Venta de vehículos híbridos y eléctricos,Nacional,2022,8,99,0,0,0,2022-08-01,Aug,3,0
Registro Administrativo de la Industria Automotriz de Vehículos Ligeros. Venta de vehículos híbridos y eléctricos,Nacional,2022,9,1,1,6,75,2022-09-01,Sep,3,82
Registro Administrativo de la Industria Automotriz de Vehículos Ligeros. Venta de vehículos híbridos y eléctricos,Nacional,2022,9,2,6,12,68,2022-09-01,Sep,3,86
Registro Administrativo de la Industria Automotriz de Vehículos Ligeros. Venta de vehículos híbridos y eléctricos,Nacional,2022,9,3,0,1,49,2022-09-01,Sep,3,50
Registro Administrativo de la Industria Automotriz de Vehículos Ligeros. Venta de vehículos híbridos y eléctricos,Nacional,2022,9,4,0,0,14,2022-09-01,Sep,3,14
Registro Administrativo de la Industria Automotriz de Vehículos Ligeros. Venta de vehículos híbridos y eléctricos,Nacional,2022,9,5,5,10,123,2022-09-01,Sep,3,138
Registro Administrativo de la Industria Automotriz de Vehículos Ligeros. Venta de vehículos híbridos y eléctricos,Nacional,2022,9,6,2,0,29,2022-09-01,Sep,3,31
Registro Administrativo de la Industria Automotriz de Vehículos Ligeros. Venta de vehículos híbridos y eléctricos,Nacional,2022,9,7,2,6,33,2022-09-01,Sep,3,41
Registro Administrativo de la Industria Automotriz de Vehículos Ligeros. Venta de vehículos híbridos y eléctricos,Nacional,2022,9,8,4,7,76,2022-09-01,Sep,3,87
Registro Administrativo de la Industria Automotriz de Vehículos Ligeros. Venta de vehículos híbridos y eléctricos,Nacional,2022,9,9,140,111,663,2022-09-01,Sep,3,914
Registro Administrativo de la Industria Automotriz de Vehículos Ligeros. Venta de vehículos híbridos y eléctricos,Nacional,2022,9,10,1,0,25,2022-09-01,Sep,3,26
Registro Administrativo de la Industria Automotriz de Vehículos Ligeros. Venta de vehículos híbridos y eléctricos,Nacional,2022,9,11,4,11,98,2022-09-01,Sep,3,113
Registro Administrativo de la Industria Automotriz de Vehículos Ligeros. Venta de vehículos híbridos y eléctricos,Nacional,2022,9,12,0,0,19,2022-09-01,Sep,3,19
Registro Administrativo de la Industria Automotriz de Vehículos Ligeros. Venta de vehículos híbridos y eléctricos,Nacional,2022,9,13,2,3,41,2022-09-01,Sep,3,46
Registro Administrativo de la Industria Automotriz de Vehículos Ligeros. Venta de vehículos híbridos y eléctricos,Nacional,2022,9,14,87,38,323,2022-09-01,Sep,3,448
Registro Administrativo de la Industria Automotriz de Vehículos Ligeros. Venta de vehículos híbridos y eléctricos,Nacional,2022,9,15,30,23,397,2022-09-01,Sep,3,450
Registro Administrativo de la Industria Automotriz de Vehículos Ligeros. Venta de vehículos híbridos y eléctricos,Nacional,2022,9,16,3,7,63,2022-09-01,Sep,3,73
Registro Administrativo de la Industria Automotriz de Vehículos Ligeros. Venta de vehículos híbridos y eléctricos,Nacional,2022,9,17,3,13,50,2022-09-01,Sep,3,66
Registro Administrativo de la Industria Automotriz de Vehículos Ligeros. Venta de vehículos híbridos y eléctricos,Nacional,2022,9,18,0,0,12,2022-09-01,Sep,3,12
Registro Administrativo de la Industria Automotriz de Vehículos Ligeros. Venta de vehículos híbridos y eléctricos,Nacional,2022,9,19,32,29,358,2022-09-01,Sep,3,419
Registro Administrativo de la Industria Automotriz de Vehículos Ligeros. Venta de vehículos híbridos y eléctricos,Nacional,2022,9,20,2,2,26,2022-09-01,Sep,3,30
Registro Administrativo de la Industria Automotriz de Vehículos Ligeros. Venta de vehículos híbridos y eléctricos,Nacional,2022,9,21,17,18,122,2022-09-01,Sep,3,157
Registro Administrativo de la Industria Automotriz de Vehículos Ligeros. Venta de vehículos híbridos y eléctricos,Nacional,2022,9,22,6,8,48,2022-09-01,Sep,3,62
Registro Administrativo de la Industria Automotriz de Vehículos Ligeros. Venta de vehículos híbridos y eléctricos,Nacional,2022,9,23,1,8,39,2022-09-01,Sep,3,48
Registro Administrativo de la Industria Automotriz de Vehículos Ligeros. Venta de vehículos híbridos y eléctricos,Nacional,2022,9,24,0,7,41,2022-09-01,Sep,3,48
Registro Administrativo de la Industria Automotriz de Vehículos Ligeros. Venta de vehículos híbridos y eléctricos,Nacional,2022,9,25,8,8,142,2022-09-01,Sep,3,158
Registro Administrativo de la Industria Automotriz de Vehículos Ligeros. Venta de vehículos híbridos y eléctricos,Nacional,2022,9,26,2,3,66,2022-09-01,Sep,3,71
Registro Administrativo de la Industria Automotriz de Vehículos Ligeros. Venta de vehículos híbridos y eléctricos,Nacional,2022,9,27,1,0,22,2022-09-01,Sep,3,23
Registro Administrativo de la Industria Automotriz de Vehículos Ligeros. Venta de vehículos híbridos y eléctricos,Nacional,2022,9,28,1,1,57,2022-09-01,Sep,3,59
Registro Administrativo de la Industria Automotriz de Vehículos Ligeros. Venta de vehículos híbridos y eléctricos,Nacional,2022,9,29,0,0,10,2022-09-01,Sep,3,10
Registro Administrativo de la Industria Automotriz de Vehículos Ligeros. Venta de vehículos híbridos y eléctricos,Nacional,2022,9,30,1,9,96,2022-09-01,Sep,3,106
Registro Administrativo de la Industria Automotriz de Vehículos Ligeros. Venta de vehículos híbridos y eléctricos,Nacional,2022,9,31,9,5,88,2022-09-01,Sep,3,102
Registro Administrativo de la Industria Automotriz de Vehículos Ligeros. Venta de vehículos híbridos y eléctricos,Nacional,2022,9,32,1,0,14,2022-09-01,Sep,3,15
Registro Administrativo de la Industria Automotriz de Vehículos Ligeros. Venta de vehículos híbridos y eléctricos,Nacional,2022,9,99,0,0,0,2022-09-01,Sep,3,0
Registro Administrativo de la Industria Automotriz de Vehículos Ligeros. Venta de vehículos híbridos y eléctricos,Nacional,2022,10,1,5,7,38,2022-10-01,Oct,4,50
Registro Administrativo de la Industria Automotriz de Vehículos Ligeros. Venta de vehículos híbridos y eléctricos,Nacional,2022,10,2,18,16,71,2022-10-01,Oct,4,105
Registro Administrativo de la Industria Automotriz de Vehículos Ligeros. Venta de vehículos híbridos y eléctricos,Nacional,2022,10,3,4,0,17,2022-10-01,Oct,4,21
Registro Administrativo de la Industria Automotriz de Vehículos Ligeros. Venta de vehículos híbridos y eléctricos,Nacional,2022,10,4,1,0,29,2022-10-01,Oct,4,30
Registro Administrativo de la Industria Automotriz de Vehículos Ligeros. Venta de vehículos híbridos y eléctricos,Nacional,2022,10,5,9,10,101,2022-10-01,Oct,4,120
Registro Administrativo de la Industria Automotriz de Vehículos Ligeros. Venta de vehículos híbridos y eléctricos,Nacional,2022,10,6,4,0,28,2022-10-01,Oct,4,32
Registro Administrativo de la Industria Automotriz de Vehículos Ligeros. Venta de vehículos híbridos y eléctricos,Nacional,2022,10,7,2,1,33,2022-10-01,Oct,4,36
Registro Administrativo de la Industria Automotriz de Vehículos Ligeros. Venta de vehículos híbridos y eléctricos,Nacional,2022,10,8,8,3,76,2022-10-01,Oct,4,87
Registro Administrativo de la Industria Automotriz de Vehículos Ligeros. Venta de vehículos híbridos y eléctricos,Nacional,2022,10,9,158,101,772,2022-10-01,Oct,4,1031
Registro Administrativo de la Industria Automotriz de Vehículos Ligeros. Venta de vehículos híbridos y eléctricos,Nacional,2022,10,10,4,0,23,2022-10-01,Oct,4,27
Registro Administrativo de la Industria Automotriz de Vehículos Ligeros. Venta de vehículos híbridos y eléctricos,Nacional,2022,10,11,36,16,121,2022-10-01,Oct,4,173
Registro Administrativo de la Industria Automotriz de Vehículos Ligeros. Venta de vehículos híbridos y eléctricos,Nacional,2022,10,12,5,0,35,2022-10-01,Oct,4,40
Registro Administrativo de la Industria Automotriz de Vehículos Ligeros. Venta de vehículos híbridos y eléctricos,Nacional,2022,10,13,4,3,40,2022-10-01,Oct,4,47
Registro Administrativo de la Industria Automotriz de Vehículos Ligeros. Venta de vehículos híbridos y eléctricos,Nacional,2022,10,14,33,45,324,2022-10-01,Oct,4,402
Registro Administrativo de la Industria Automotriz de Vehículos Ligeros. Venta de vehículos híbridos y eléctricos,Nacional,2022,10,15,74,20,472,2022-10-01,Oct,4,566
Registro Administrativo de la Industria Automotriz de Vehículos Ligeros. Venta de vehículos híbridos y eléctricos,Nacional,2022,10,16,8,8,74,2022-10-01,Oct,4,90
Registro Administrativo de la Industria Automotriz de Vehículos Ligeros. Venta de vehículos híbridos y eléctricos,Nacional,2022,10,17,13,8,74,2022-10-01,Oct,4,95
Registro Administrativo de la Industria Automotriz de Vehículos Ligeros. Venta de vehículos híbridos y eléctricos,Nacional,2022,10,18,3,0,12,2022-10-01,Oct,4,15
Registro Administrativo de la Industria Automotriz de Vehículos Ligeros. Venta de vehículos híbridos y eléctricos,Nacional,2022,10,19,40,35,384,2022-10-01,Oct,4,459
Registro Administrativo de la Industria Automotriz de Vehículos Ligeros. Venta de vehículos híbridos y eléctricos,Nacional,2022,10,20,6,2,36,2022-10-01,Oct,4,44
Registro Administrativo de la Industria Automotriz de Vehículos Ligeros. Venta de vehículos híbridos y eléctricos,Nacional,2022,10,21,19,13,110,2022-10-01,Oct,4,142
Registro Administrativo de la Industria Automotriz de Vehículos Ligeros. Venta de vehículos híbridos y eléctricos,Nacional,2022,10,22,15,19,74,2022-10-01,Oct,4,108
Registro Administrativo de la Industria Automotriz de Vehículos Ligeros. Venta de vehículos híbridos y eléctricos,Nacional,2022,10,23,5,5,91,2022-10-01,Oct,4,101
Registro Administrativo de la Industria Automotriz de Vehículos Ligeros. Venta de vehículos híbridos y eléctricos,Nacional,2022,10,24,13,6,39,2022-10-01,Oct,4,58
Registro Administrativo de la Industria Automotriz de Vehículos Ligeros. Venta de vehículos híbridos y eléctricos,Nacional,2022,10,25,20,6,122,2022-10-01,Oct,4,148
Registro Administrativo de la Industria Automotriz de Vehículos Ligeros. Venta de vehículos híbridos y eléctricos,Nacional,2022,10,26,10,3,51,2022-10-01,Oct,4,64
Registro Administrativo de la Industria Automotriz de Vehículos Ligeros. Venta de vehículos híbridos y eléctricos,Nacional,2022,10,27,3,5,46,2022-10-01,Oct,4,54
Registro Administrativo de la Industria Automotriz de Vehículos Ligeros. Venta de vehículos híbridos y eléctricos,Nacional,2022,10,28,9,2,46,2022-10-01,Oct,4,57
Registro Administrativo de la Industria Automotriz de Vehículos Ligeros. Venta de vehículos híbridos y eléctricos,Nacional,2022,10,29,4,0,19,2022-10-01,Oct,4,23
Registro Administrativo de la Industria Automotriz de Vehículos Ligeros. Venta de vehículos híbridos y eléctricos,Nacional,2022,10,30,20,9,94,2022-10-01,Oct,4,123
Registro Administrativo de la Industria Automotriz de Vehículos Ligeros. Venta de vehículos híbridos y eléctricos,Nacional,2022,10,31,14,5,79,2022-10-01,Oct,4,98
Registro Administrativo de la Industria Automotriz de Vehículos Ligeros. Venta de vehículos híbridos y eléctricos,Nacional,2022,10,32,5,0,14,2022-10-01,Oct,4,19
Registro Administrativo de la Industria Automotriz de Vehículos Ligeros. Venta de vehículos híbridos y eléctricos,Nacional,2022,10,99,0,0,0,2022-10-01,Oct,4,0
Registro Administrativo de la Industria Automotriz de Vehículos Ligeros. Venta de vehículos híbridos y eléctricos,Nacional,2022,11,1,6,6,71,2022-11-01,Nov,4,83
Registro Administrativo de la Industria Automotriz de Vehículos Ligeros. Venta de vehículos híbridos y eléctricos,Nacional,2022,11,2,10,14,100,2022-11-01,Nov,4,124
Registro Administrativo de la Industria Automotriz de Vehículos Ligeros. Venta de vehículos híbridos y eléctricos,Nacional,2022,11,3,3,1,57,2022-11-01,Nov,4,61
Registro Administrativo de la Industria Automotriz de Vehículos Ligeros. Venta de vehículos híbridos y eléctricos,Nacional,2022,11,4,6,0,20,2022-11-01,Nov,4,26
Registro Administrativo de la Industria Automotriz de Vehículos Ligeros. Venta de vehículos híbridos y eléctricos,Nacional,2022,11,5,25,18,131,2022-11-01,Nov,4,174
Registro Administrativo de la Industria Automotriz de Vehículos Ligeros. Venta de vehículos híbridos y eléctricos,Nacional,2022,11,6,11,0,38,2022-11-01,Nov,4,49
Registro Administrativo de la Industria Automotriz de Vehículos Ligeros. Venta de vehículos híbridos y eléctricos,Nacional,2022,11,7,7,1,31,2022-11-01,Nov,4,39
Registro Administrativo de la Industria Automotriz de Vehículos Ligeros. Venta de vehículos híbridos y eléctricos,Nacional,2022,11,8,23,5,117,2022-11-01,Nov,4,145
Registro Administrativo de la Industria Automotriz de Vehículos Ligeros. Venta de vehículos híbridos y eléctricos,Nacional,2022,11,9,237,118,1010,2022-11-01,Nov,4,1365
Registro Administrativo de la Industria Automotriz de Vehículos Ligeros. Venta de vehículos híbridos y eléctricos,Nacional,2022,11,10,4,0,23,2022-11-01,Nov,4,27
Registro Administrativo de la Industria Automotriz de Vehículos Ligeros. Venta de vehículos híbridos y eléctricos,Nacional,2022,11,11,27,16,163,2022-11-01,Nov,4,206
Registro Administrativo de la Industria Automotriz de Vehículos Ligeros. Venta de vehículos híbridos y eléctricos,Nacional,2022,11,12,7,0,21,2022-11-01,Nov,4,28
Registro Administrativo de la Industria Automotriz de Vehículos Ligeros. Venta de vehículos híbridos y eléctricos,Nacional,2022,11,13,5,3,69,2022-11-01,Nov,4,77
Registro Administrativo de la Industria Automotriz de Vehículos Ligeros. Venta de vehículos híbridos y eléctricos,Nacional,2022,11,14,84,48,443,2022-11-01,Nov,4,575
Registro Administrativo de la Industria Automotriz de Vehículos Ligeros. Venta de vehículos híbridos y eléctricos,Nacional,2022,11,15,124,21,557,2022-11-01,Nov,4,702
Registro Administrativo de la Industria Automotriz de Vehículos Ligeros. Venta de vehículos híbridos y eléctricos,Nacional,2022,11,16,24,13,97,2022-11-01,Nov,4,134
Registro Administrativo de la Industria Automotriz de Vehículos Ligeros. Venta de vehículos híbridos y eléctricos,Nacional,2022,11,17,10,9,65,2022-11-01,Nov,4,84
Registro Administrativo de la Industria Automotriz de Vehículos Ligeros. Venta de vehículos híbridos y eléctricos,Nacional,2022,11,18,5,0,11,2022-11-01,Nov,4,16
Registro Administrativo de la Industria Automotriz de Vehículos Ligeros. Venta de vehículos híbridos y eléctricos,Nacional,2022,11,19,86,46,438,2022-11-01,Nov,4,570
Registro Administrativo de la Industria Automotriz de Vehículos Ligeros. Venta de vehículos híbridos y eléctricos,Nacional,2022,11,20,12,3,38,2022-11-01,Nov,4,53
Registro Administrativo de la Industria Automotriz de Vehículos Ligeros. Venta de vehículos híbridos y eléctricos,Nacional,2022,11,21,22,23,151,2022-11-01,Nov,4,196
Registro Administrativo de la Industria Automotriz de Vehículos Ligeros. Venta de vehículos híbridos y eléctricos,Nacional,2022,11,22,23,19,65,2022-11-01,Nov,4,107
Registro Administrativo de la Industria Automotriz de Vehículos Ligeros. Venta de vehículos híbridos y eléctricos,Nacional,2022,11,23,17,6,56,2022-11-01,Nov,4,79
Registro Administrativo de la Industria Automotriz de Vehículos Ligeros. Venta de vehículos híbridos y eléctricos,Nacional,2022,11,24,12,6,49,2022-11-01,Nov,4,67
Registro Administrativo de la Industria Automotriz de Vehículos Ligeros. Venta de vehículos híbridos y eléctricos,Nacional,2022,11,25,17,10,173,2022-11-01,Nov,4,200
Registro Administrativo de la Industria Automotriz de Vehículos Ligeros. Venta de vehículos híbridos y eléctricos,Nacional,2022,11,26,19,3,112,2022-11-01,Nov,4,134
Registro Administrativo de la Industria Automotriz de Vehículos Ligeros. Venta de vehículos híbridos y eléctricos,Nacional,2022,11,27,8,5,30,2022-11-01,Nov,4,43
Registro Administrativo de la Industria Automotriz de Vehículos Ligeros. Venta de vehículos híbridos y eléctricos,Nacional,2022,11,28,20,2,88,2022-11-01,Nov,4,110
Registro Administrativo de la Industria Automotriz de Vehículos Ligeros. Venta de vehículos híbridos y eléctricos,Nacional,2022,11,29,1,0,25,2022-11-01,Nov,4,26
Registro Administrativo de la Industria Automotriz de Vehículos Ligeros. Venta de vehículos híbridos y eléctricos,Nacional,2022,11,30,24,7,137,2022-11-01,Nov,4,168
Registro Administrativo de la Industria Automotriz de Vehículos Ligeros. Venta de vehículos híbridos y eléctricos,Nacional,2022,11,31,16,12,87,2022-11-01,Nov,4,115
Registro Administrativo de la Industria Automotriz de Vehículos Ligeros. Venta de vehículos híbridos y eléctricos,Nacional,2022,11,32,13,0,13,2022-11-01,Nov,4,26
Registro Administrativo de la Industria Automotriz de Vehículos Ligeros. Venta de vehículos híbridos y eléctricos,Nacional,2022,11,99,0,0,6,2022-11-01,Nov,4,6
Registro Administrativo de la Industria Automotriz de Vehículos Ligeros. Venta de vehículos híbridos y eléctricos,Nacional,2022,12,1,17,2,62,2022-12-01,Dec,4,81
Registro Administrativo de la Industria Automotriz de Vehículos Ligeros. Venta de vehículos híbridos y eléctricos,Nacional,2022,12,2,23,20,100,2022-12-01,Dec,4,143
Registro Administrativo de la Industria Automotriz de Vehículos Ligeros. Venta de vehículos híbridos y eléctricos,Nacional,2022,12,3,5,0,46,2022-12-01,Dec,4,51
Registro Administrativo de la Industria Automotriz de Vehículos Ligeros. Venta de vehículos híbridos y eléctricos,Nacional,2022,12,4,7,0,30,2022-12-01,Dec,4,37
Registro Administrativo de la Industria Automotriz de Vehículos Ligeros. Venta de vehículos híbridos y eléctricos,Nacional,2022,12,5,22,4,136,2022-12-01,Dec,4,162
Registro Administrativo de la Industria Automotriz de Vehículos Ligeros. Venta de vehículos híbridos y eléctricos,Nacional,2022,12,6,12,0,33,2022-12-01,Dec,4,45
Registro Administrativo de la Industria Automotriz de Vehículos Ligeros. Venta de vehículos híbridos y eléctricos,Nacional,2022,12,7,13,0,41,2022-12-01,Dec,4,54
Registro Administrativo de la Industria Automotriz de Vehículos Ligeros. Venta de vehículos híbridos y eléctricos,Nacional,2022,12,8,27,6,106,2022-12-01,Dec,4,139
Registro Administrativo de la Industria Automotriz de Vehículos Ligeros. Venta de vehículos híbridos y eléctricos,Nacional,2022,12,9,401,137,769,2022-12-01,Dec,4,1307
Registro Administrativo de la Industria Automotriz de Vehículos Ligeros. Venta de vehículos híbridos y eléctricos,Nacional,2022,12,10,8,0,38,2022-12-01,Dec,4,46
Registro Administrativo de la Industria Automotriz de Vehículos Ligeros. Venta de vehículos híbridos y eléctricos,Nacional,2022,12,11,50,19,130,2022-12-01,Dec,4,199
Registro Administrativo de la Industria Automotriz de Vehículos Ligeros. Venta de vehículos híbridos y eléctricos,Nacional,2022,12,12,11,0,32,2022-12-01,Dec,4,43
Registro Administrativo de la Industria Automotriz de Vehículos Ligeros. Venta de vehículos híbridos y eléctricos,Nacional,2022,12,13,5,7,56,2022-12-01,Dec,4,68
Registro Administrativo de la Industria Automotriz de Vehículos Ligeros. Venta de vehículos híbridos y eléctricos,Nacional,2022,12,14,107,65,345,2022-12-01,Dec,4,517
Registro Administrativo de la Industria Automotriz de Vehículos Ligeros. Venta de vehículos híbridos y eléctricos,Nacional,2022,12,15,129,33,472,2022-12-01,Dec,4,634
Registro Administrativo de la Industria Automotriz de Vehículos Ligeros. Venta de vehículos híbridos y eléctricos,Nacional,2022,12,16,26,10,89,2022-12-01,Dec,4,125
Registro Administrativo de la Industria Automotriz de Vehículos Ligeros. Venta de vehículos híbridos y eléctricos,Nacional,2022,12,17,12,17,78,2022-12-01,Dec,4,107
Registro Administrativo de la Industria Automotriz de Vehículos Ligeros. Venta de vehículos híbridos y eléctricos,Nacional,2022,12,18,6,0,15,2022-12-01,Dec,4,21
Registro Administrativo de la Industria Automotriz de Vehículos Ligeros. Venta de vehículos híbridos y eléctricos,Nacional,2022,12,19,96,48,407,2022-12-01,Dec,4,551
Registro Administrativo de la Industria Automotriz de Vehículos Ligeros. Venta de vehículos híbridos y eléctricos,Nacional,2022,12,20,13,4,45,2022-12-01,Dec,4,62
Registro Administrativo de la Industria Automotriz de Vehículos Ligeros. Venta de vehículos híbridos y eléctricos,Nacional,2022,12,21,38,25,129,2022-12-01,Dec,4,192
Registro Administrativo de la Industria Automotriz de Vehículos Ligeros. Venta de vehículos híbridos y eléctricos,Nacional,2022,12,22,23,24,62,2022-12-01,Dec,4,109
Registro Administrativo de la Industria Automotriz de Vehículos Ligeros. Venta de vehículos híbridos y eléctricos,Nacional,2022,12,23,36,5,98,2022-12-01,Dec,4,139
Registro Administrativo de la Industria Automotriz de Vehículos Ligeros. Venta de vehículos híbridos y eléctricos,Nacional,2022,12,24,23,54,55,2022-12-01,Dec,4,132
Registro Administrativo de la Industria Automotriz de Vehículos Ligeros. Venta de vehículos híbridos y eléctricos,Nacional,2022,12,25,28,15,134,2022-12-01,Dec,4,177
Registro Administrativo de la Industria Automotriz de Vehículos Ligeros. Venta de vehículos híbridos y eléctricos,Nacional,2022,12,26,24,6,99,2022-12-01,Dec,4,129
Registro Administrativo de la Industria Automotriz de Vehículos Ligeros. Venta de vehículos híbridos y eléctricos,Nacional,2022,12,27,8,4,40,2022-12-01,Dec,4,52
Registro Administrativo de la Industria Automotriz de Vehículos Ligeros. Venta de vehículos híbridos y eléctricos,Nacional,2022,12,28,25,1,63,2022-12-01,Dec,4,89
Registro Administrativo de la Industria Automotriz de Vehículos Ligeros. Venta de vehículos híbridos y eléctricos,Nacional,2022,12,29,3,0,19,2022-12-01,Dec,4,22
Registro Administrativo de la Industria Automotriz de Vehículos Ligeros. Venta de vehículos híbridos y eléctricos,Nacional,2022,12,30,32,14,117,2022-12-01,Dec,4,163
Registro Administrativo de la Industria Automotriz de Vehículos Ligeros. Venta de vehículos híbridos y eléctricos,Nacional,2022,12,31,26,21,109,2022-12-01,Dec,4,156
Registro Administrativo de la Industria Automotriz de Vehículos Ligeros. Venta de vehículos híbridos y eléctricos,Nacional,2022,12,32,5,0,16,2022-12-01,Dec,4,21
Registro Administrativo de la Industria Automotriz de Vehículos Ligeros. Venta de vehículos híbridos y eléctricos,Nacional,2022,12,99,0,0,0,2022-12-01,Dec,4,0
Registro Administrativo de la Industria Automotriz de Vehículos Ligeros. Venta de vehículos híbridos y eléctricos,Nacional,2019,1,1,0,0,17,2019-01-01,Jan,1,17
Registro Administrativo de la Industria Automotriz de Vehículos Ligeros. Venta de vehículos híbridos y eléctricos,Nacional,2019,1,2,0,3,19,2019-01-01,Jan,1,22
Registro Administrativo de la Industria Automotriz de Vehículos Ligeros. Venta de vehículos híbridos y eléctricos,Nacional,2019,1,3,0,0,7,2019-01-01,Jan,1,7
Registro Administrativo de la Industria Automotriz de Vehículos Ligeros. Venta de vehículos híbridos y eléctricos,Nacional,2019,1,4,0,0,1,2019-01-01,Jan,1,1
Registro Administrativo de la Industria Automotriz de Vehículos Ligeros. Venta de vehículos híbridos y eléctricos,Nacional,2019,1,5,0,2,28,2019-01-01,Jan,1,30
Registro Administrativo de la Industria Automotriz de Vehículos Ligeros. Venta de vehículos híbridos y eléctricos,Nacional,2019,1,6,0,0,9,2019-01-01,Jan,1,9
Registro Administrativo de la Industria Automotriz de Vehículos Ligeros. Venta de vehículos híbridos y eléctricos,Nacional,2019,1,7,0,0,6,2019-01-01,Jan,1,6
Registro Administrativo de la Industria Automotriz de Vehículos Ligeros. Venta de vehículos híbridos y eléctricos,Nacional,2019,1,8,0,0,21,2019-01-01,Jan,1,21
Registro Administrativo de la Industria Automotriz de Vehículos Ligeros. Venta de vehículos híbridos y eléctricos,Nacional,2019,1,9,13,89,535,2019-01-01,Jan,1,637
Registro Administrativo de la Industria Automotriz de Vehículos Ligeros. Venta de vehículos híbridos y eléctricos,Nacional,2019,1,10,0,0,7,2019-01-01,Jan,1,7
Registro Administrativo de la Industria Automotriz de Vehículos Ligeros. Venta de vehículos híbridos y eléctricos,Nacional,2019,1,11,6,8,65,2019-01-01,Jan,1,79
Registro Administrativo de la Industria Automotriz de Vehículos Ligeros. Venta de vehículos híbridos y eléctricos,Nacional,2019,1,12,0,0,5,2019-01-01,Jan,1,5
Registro Administrativo de la Industria Automotriz de Vehículos Ligeros. Venta de vehículos híbridos y eléctricos,Nacional,2019,1,13,0,1,24,2019-01-01,Jan,1,25
Registro Administrativo de la Industria Automotriz de Vehículos Ligeros. Venta de vehículos híbridos y eléctricos,Nacional,2019,1,14,16,13,148,2019-01-01,Jan,1,177
Registro Administrativo de la Industria Automotriz de Vehículos Ligeros. Venta de vehículos híbridos y eléctricos,Nacional,2019,1,15,1,19,265,2019-01-01,Jan,1,285
Registro Administrativo de la Industria Automotriz de Vehículos Ligeros. Venta de vehículos híbridos y eléctricos,Nacional,2019,1,16,2,4,84,2019-01-01,Jan,1,90
Registro Administrativo de la Industria Automotriz de Vehículos Ligeros. Venta de vehículos híbridos y eléctricos,Nacional,2019,1,17,1,4,26,2019-01-01,Jan,1,31
Registro Administrativo de la Industria Automotriz de Vehículos Ligeros. Venta de vehículos híbridos y eléctricos,Nacional,2019,1,18,0,0,2,2019-01-01,Jan,1,2
Registro Administrativo de la Industria Automotriz de Vehículos Ligeros. Venta de vehículos híbridos y eléctricos,Nacional,2019,1,19,2,18,53,2019-01-01,Jan,1,73
Registro Administrativo de la Industria Automotriz de Vehículos Ligeros. Venta de vehículos híbridos y eléctricos,Nacional,2019,1,20,0,0,41,2019-01-01,Jan,1,41
Registro Administrativo de la Industria Automotriz de Vehículos Ligeros. Venta de vehículos híbridos y eléctricos,Nacional,2019,1,21,4,12,62,2019-01-01,Jan,1,78
Registro Administrativo de la Industria Automotriz de Vehículos Ligeros. Venta de vehículos híbridos y eléctricos,Nacional,2019,1,22,4,7,42,2019-01-01,Jan,1,53
Registro Administrativo de la Industria Automotriz de Vehículos Ligeros. Venta de vehículos híbridos y eléctricos,Nacional,2019,1,23,1,2,12,2019-01-01,Jan,1,15
Registro Administrativo de la Industria Automotriz de Vehículos Ligeros. Venta de vehículos híbridos y eléctricos,Nacional,2019,1,24,0,0,16,2019-01-01,Jan,1,16
Registro Administrativo de la Industria Automotriz de Vehículos Ligeros. Venta de vehículos híbridos y eléctricos,Nacional,2019,1,25,0,3,28,2019-01-01,Jan,1,31
Registro Administrativo de la Industria Automotriz de Vehículos Ligeros. Venta de vehículos híbridos y eléctricos,Nacional,2019,1,26,0,2,14,2019-01-01,Jan,1,16
Registro Administrativo de la Industria Automotriz de Vehículos Ligeros. Venta de vehículos híbridos y eléctricos,Nacional,2019,1,27,0,0,13,2019-01-01,Jan,1,13
Registro Administrativo de la Industria Automotriz de Vehículos Ligeros. Venta de vehículos híbridos y eléctricos,Nacional,2019,1,28,0,0,14,2019-01-01,Jan,1,14
Registro Administrativo de la Industria Automotriz de Vehículos Ligeros. Venta de vehículos híbridos y eléctricos,Nacional,2019,1,29,0,0,3,2019-01-01,Jan,1,3
Registro Administrativo de la Industria Automotriz de Vehículos Ligeros. Venta de vehículos híbridos y eléctricos,Nacional,2019,1,30,0,1,23,2019-01-01,Jan,1,24
Registro Administrativo de la Industria Automotriz de Vehículos Ligeros. Venta de vehículos híbridos y eléctricos,Nacional,2019,1,31,0,3,13,2019-01-01,Jan,1,16
Registro Administrativo de la Industria Automotriz de Vehículos Ligeros. Venta de vehículos híbridos y eléctricos,Nacional,2019,1,32,0,0,5,2019-01-01,Jan,1,5
Registro Administrativo de la Industria Automotriz de Vehículos Ligeros. Venta de vehículos híbridos y eléctricos,Nacional,2019,1,99,0,0,0,2019-01-01,Jan,1,0
Registro Administrativo de la Industria Automotriz de Vehículos Ligeros. Venta de vehículos híbridos y eléctricos,Nacional,2019,2,1,0,0,17,2019-02-01,Feb,1,17
Registro Administrativo de la Industria Automotriz de Vehículos Ligeros. Venta de vehículos híbridos y eléctricos,Nacional,2019,2,2,0,1,25,2019-02-01,Feb,1,26
Registro Administrativo de la Industria Automotriz de Vehículos Ligeros. Venta de vehículos híbridos y eléctricos,Nacional,2019,2,3,0,0,7,2019-02-01,Feb,1,7
Registro Administrativo de la Industria Automotriz de Vehículos Ligeros. Venta de vehículos híbridos y eléctricos,Nacional,2019,2,4,0,0,2,2019-02-01,Feb,1,2
Registro Administrativo de la Industria Automotriz de Vehículos Ligeros. Venta de vehículos híbridos y eléctricos,Nacional,2019,2,5,0,3,9,2019-02-01,Feb,1,12
Registro Administrativo de la Industria Automotriz de Vehículos Ligeros. Venta de vehículos híbridos y eléctricos,Nacional,2019,2,6,0,0,8,2019-02-01,Feb,1,8
Registro Administrativo de la Industria Automotriz de Vehículos Ligeros. Venta de vehículos híbridos y eléctricos,Nacional,2019,2,7,0,0,3,2019-02-01,Feb,1,3
Registro Administrativo de la Industria Automotriz de Vehículos Ligeros. Venta de vehículos híbridos y eléctricos,Nacional,2019,2,8,0,0,17,2019-02-01,Feb,1,17
Registro Administrativo de la Industria Automotriz de Vehículos Ligeros. Venta de vehículos híbridos y eléctricos,Nacional,2019,2,9,17,74,382,2019-02-01,Feb,1,473
Registro Administrativo de la Industria Automotriz de Vehículos Ligeros. Venta de vehículos híbridos y eléctricos,Nacional,2019,2,10,0,0,2,2019-02-01,Feb,1,2
Registro Administrativo de la Industria Automotriz de Vehículos Ligeros. Venta de vehículos híbridos y eléctricos,Nacional,2019,2,11,1,4,44,2019-02-01,Feb,1,49
Registro Administrativo de la Industria Automotriz de Vehículos Ligeros. Venta de vehículos híbridos y eléctricos,Nacional,2019,2,12,0,0,4,2019-02-01,Feb,1,4
Registro Administrativo de la Industria Automotriz de Vehículos Ligeros. Venta de vehículos híbridos y eléctricos,Nacional,2019,2,13,0,2,8,2019-02-01,Feb,1,10
Registro Administrativo de la Industria Automotriz de Vehículos Ligeros. Venta de vehículos híbridos y eléctricos,Nacional,2019,2,14,5,16,107,2019-02-01,Feb,1,128
Registro Administrativo de la Industria Automotriz de Vehículos Ligeros. Venta de vehículos híbridos y eléctricos,Nacional,2019,2,15,1,7,276,2019-02-01,Feb,1,284
Registro Administrativo de la Industria Automotriz de Vehículos Ligeros. Venta de vehículos híbridos y eléctricos,Nacional,2019,2,16,0,1,54,2019-02-01,Feb,1,55
Registro Administrativo de la Industria Automotriz de Vehículos Ligeros. Venta de vehículos híbridos y eléctricos,Nacional,2019,2,17,0,11,14,2019-02-01,Feb,1,25
Registro Administrativo de la Industria Automotriz de Vehículos Ligeros. Venta de vehículos híbridos y eléctricos,Nacional,2019,2,18,0,0,2,2019-02-01,Feb,1,2
Registro Administrativo de la Industria Automotriz de Vehículos Ligeros. Venta de vehículos híbridos y eléctricos,Nacional,2019,2,19,2,8,62,2019-02-01,Feb,1,72
Registro Administrativo de la Industria Automotriz de Vehículos Ligeros. Venta de vehículos híbridos y eléctricos,Nacional,2019,2,20,1,0,23,2019-02-01,Feb,1,24
Registro Administrativo de la Industria Automotriz de Vehículos Ligeros. Venta de vehículos híbridos y eléctricos,Nacional,2019,2,21,1,13,38,2019-02-01,Feb,1,52
Registro Administrativo de la Industria Automotriz de Vehículos Ligeros. Venta de vehículos híbridos y eléctricos,Nacional,2019,2,22,2,8,37,2019-02-01,Feb,1,47
Registro Administrativo de la Industria Automotriz de Vehículos Ligeros. Venta de vehículos híbridos y eléctricos,Nacional,2019,2,23,0,2,16,2019-02-01,Feb,1,18
Registro Administrativo de la Industria Automotriz de Vehículos Ligeros. Venta de vehículos híbridos y eléctricos,Nacional,2019,2,24,0,2,12,2019-02-01,Feb,1,14
Registro Administrativo de la Industria Automotriz de Vehículos Ligeros. Venta de vehículos híbridos y eléctricos,Nacional,2019,2,25,0,0,15,2019-02-01,Feb,1,15
Registro Administrativo de la Industria Automotriz de Vehículos Ligeros. Venta de vehículos híbridos y eléctricos,Nacional,2019,2,26,0,1,15,2019-02-01,Feb,1,16
Registro Administrativo de la Industria Automotriz de Vehículos Ligeros. Venta de vehículos híbridos y eléctricos,Nacional,2019,2,27,0,0,16,2019-02-01,Feb,1,16
Registro Administrativo de la Industria Automotriz de Vehículos Ligeros. Venta de vehículos híbridos y eléctricos,Nacional,2019,2,28,0,0,12,2019-02-01,Feb,1,12
Registro Administrativo de la Industria Automotriz de Vehículos Ligeros. Venta de vehículos híbridos y eléctricos,Nacional,2019,2,29,0,0,3,2019-02-01,Feb,1,3
Registro Administrativo de la Industria Automotriz de Vehículos Ligeros. Venta de vehículos híbridos y eléctricos,Nacional,2019,2,30,0,2,23,2019-02-01,Feb,1,25
Registro Administrativo de la Industria Automotriz de Vehículos Ligeros. Venta de vehículos híbridos y eléctricos,Nacional,2019,2,31,0,0,13,2019-02-01,Feb,1,13
Registro Administrativo de la Industria Automotriz de Vehículos Ligeros. Venta de vehículos híbridos y eléctricos,Nacional,2019,2,32,0,0,4,2019-02-01,Feb,1,4
Registro Administrativo de la Industria Automotriz de Vehículos Ligeros. Venta de vehículos híbridos y eléctricos,Nacional,2019,2,99,0,0,0,2019-02-01,Feb,1,0
Registro Administrativo de la Industria Automotriz de Vehículos Ligeros. Venta de vehículos híbridos y eléctricos,Nacional,2019,3,1,0,0,11,2019-03-01,Mar,1,11
Registro Administrativo de la Industria Automotriz de Vehículos Ligeros. Venta de vehículos híbridos y eléctricos,Nacional,2019,3,2,0,2,35,2019-03-01,Mar,1,37
Registro Administrativo de la Industria Automotriz de Vehículos Ligeros. Venta de vehículos híbridos y eléctricos,Nacional,2019,3,3,0,0,10,2019-03-01,Mar,1,10
Registro Administrativo de la Industria Automotriz de Vehículos Ligeros. Venta de vehículos híbridos y eléctricos,Nacional,2019,3,4,0,0,1,2019-03-01,Mar,1,1
Registro Administrativo de la Industria Automotriz de Vehículos Ligeros. Venta de vehículos híbridos y eléctricos,Nacional,2019,3,5,0,1,25,2019-03-01,Mar,1,26
Registro Administrativo de la Industria Automotriz de Vehículos Ligeros. Venta de vehículos híbridos y eléctricos,Nacional,2019,3,6,0,0,13,2019-03-01,Mar,1,13
Registro Administrativo de la Industria Automotriz de Vehículos Ligeros. Venta de vehículos híbridos y eléctricos,Nacional,2019,3,7,0,0,9,2019-03-01,Mar,1,9
Registro Administrativo de la Industria Automotriz de Vehículos Ligeros. Venta de vehículos híbridos y eléctricos,Nacional,2019,3,8,0,1,29,2019-03-01,Mar,1,30
Registro Administrativo de la Industria Automotriz de Vehículos Ligeros. Venta de vehículos híbridos y eléctricos,Nacional,2019,3,9,7,74,619,2019-03-01,Mar,1,700
Registro Administrativo de la Industria Automotriz de Vehículos Ligeros. Venta de vehículos híbridos y eléctricos,Nacional,2019,3,10,0,0,6,2019-03-01,Mar,1,6
Registro Administrativo de la Industria Automotriz de Vehículos Ligeros. Venta de vehículos híbridos y eléctricos,Nacional,2019,3,11,2,4,52,2019-03-01,Mar,1,58
Registro Administrativo de la Industria Automotriz de Vehículos Ligeros. Venta de vehículos híbridos y eléctricos,Nacional,2019,3,12,0,0,4,2019-03-01,Mar,1,4
Registro Administrativo de la Industria Automotriz de Vehículos Ligeros. Venta de vehículos híbridos y eléctricos,Nacional,2019,3,13,0,1,29,2019-03-01,Mar,1,30
Registro Administrativo de la Industria Automotriz de Vehículos Ligeros. Venta de vehículos híbridos y eléctricos,Nacional,2019,3,14,2,10,159,2019-03-01,Mar,1,171
Registro Administrativo de la Industria Automotriz de Vehículos Ligeros. Venta de vehículos híbridos y eléctricos,Nacional,2019,3,15,1,15,386,2019-03-01,Mar,1,402
Registro Administrativo de la Industria Automotriz de Vehículos Ligeros. Venta de vehículos híbridos y eléctricos,Nacional,2019,3,16,0,2,98,2019-03-01,Mar,1,100
Registro Administrativo de la Industria Automotriz de Vehículos Ligeros. Venta de vehículos híbridos y eléctricos,Nacional,2019,3,17,4,10,47,2019-03-01,Mar,1,61
Registro Administrativo de la Industria Automotriz de Vehículos Ligeros. Venta de vehículos híbridos y eléctricos,Nacional,2019,3,18,0,0,1,2019-03-01,Mar,1,1
Registro Administrativo de la Industria Automotriz de Vehículos Ligeros. Venta de vehículos híbridos y eléctricos,Nacional,2019,3,19,2,12,98,2019-03-01,Mar,1,112
Registro Administrativo de la Industria Automotriz de Vehículos Ligeros. Venta de vehículos híbridos y eléctricos,Nacional,2019,3,20,0,0,40,2019-03-01,Mar,1,40
Registro Administrativo de la Industria Automotriz de Vehículos Ligeros. Venta de vehículos híbridos y eléctricos,Nacional,2019,3,21,0,2,50,2019-03-01,Mar,1,52
Registro Administrativo de la Industria Automotriz de Vehículos Ligeros. Venta de vehículos híbridos y eléctricos,Nacional,2019,3,22,0,12,58,2019-03-01,Mar,1,70
Registro Administrativo de la Industria Automotriz de Vehículos Ligeros. Venta de vehículos híbridos y eléctricos,Nacional,2019,3,23,0,1,18,2019-03-01,Mar,1,19
Registro Administrativo de la Industria Automotriz de Vehículos Ligeros. Venta de vehículos híbridos y eléctricos,Nacional,2019,3,24,0,3,28,2019-03-01,Mar,1,31
Registro Administrativo de la Industria Automotriz de Vehículos Ligeros. Venta de vehículos híbridos y eléctricos,Nacional,2019,3,25,0,3,32,2019-03-01,Mar,1,35
Registro Administrativo de la Industria Automotriz de Vehículos Ligeros. Venta de vehículos híbridos y eléctricos,Nacional,2019,3,26,0,1,27,2019-03-01,Mar,1,28
Registro Administrativo de la Industria Automotriz de Vehículos Ligeros. Venta de vehículos híbridos y eléctricos,Nacional,2019,3,27,0,1,7,2019-03-01,Mar,1,8
Registro Administrativo de la Industria Automotriz de Vehículos Ligeros. Venta de vehículos híbridos y eléctricos,Nacional,2019,3,28,0,0,13,2019-03-01,Mar,1,13
Registro Administrativo de la Industria Automotriz de Vehículos Ligeros. Venta de vehículos híbridos y eléctricos,Nacional,2019,3,29,0,0,6,2019-03-01,Mar,1,6
Registro Administrativo de la Industria Automotriz de Vehículos Ligeros. Venta de vehículos híbridos y eléctricos,Nacional,2019,3,30,0,2,36,2019-03-01,Mar,1,38
Registro Administrativo de la Industria Automotriz de Vehículos Ligeros. Venta de vehículos híbridos y eléctricos,Nacional,2019,3,31,0,1,28,2019-03-01,Mar,1,29
Registro Administrativo de la Industria Automotriz de Vehículos Ligeros. Venta de vehículos híbridos y eléctricos,Nacional,2019,3,32,0,0,9,2019-03-01,Mar,1,9
Registro Administrativo de la Industria Automotriz de Vehículos Ligeros. Venta de vehículos híbridos y eléctricos,Nacional,2019,3,99,0,0,0,2019-03-01,Mar,1,0
Registro Administrativo de la Industria Automotriz de Vehículos Ligeros. Venta de vehículos híbridos y eléctricos,Nacional,2019,4,1,0,0,13,2019-04-01,Apr,2,13
Registro Administrativo de la Industria Automotriz de Vehículos Ligeros. Venta de vehículos híbridos y eléctricos,Nacional,2019,4,2,0,0,19,2019-04-01,Apr,2,19
Registro Administrativo de la Industria Automotriz de Vehículos Ligeros. Venta de vehículos híbridos y eléctricos,Nacional,2019,4,3,0,0,11,2019-04-01,Apr,2,11
Registro Administrativo de la Industria Automotriz de Vehículos Ligeros. Venta de vehículos híbridos y eléctricos,Nacional,2019,4,4,0,0,0,2019-04-01,Apr,2,0
Registro Administrativo de la Industria Automotriz de Vehículos Ligeros. Venta de vehículos híbridos y eléctricos,Nacional,2019,4,5,0,0,12,2019-04-01,Apr,2,12
Registro Administrativo de la Industria Automotriz de Vehículos Ligeros. Venta de vehículos híbridos y eléctricos,Nacional,2019,4,6,0,0,5,2019-04-01,Apr,2,5
Registro Administrativo de la Industria Automotriz de Vehículos Ligeros. Venta de vehículos híbridos y eléctricos,Nacional,2019,4,7,0,0,3,2019-04-01,Apr,2,3
Registro Administrativo de la Industria Automotriz de Vehículos Ligeros. Venta de vehículos híbridos y eléctricos,Nacional,2019,4,8,0,0,16,2019-04-01,Apr,2,16
Registro Administrativo de la Industria Automotriz de Vehículos Ligeros. Venta de vehículos híbridos y eléctricos,Nacional,2019,4,9,11,19,407,2019-04-01,Apr,2,437
Registro Administrativo de la Industria Automotriz de Vehículos Ligeros. Venta de vehículos híbridos y eléctricos,Nacional,2019,4,10,0,0,6,2019-04-01,Apr,2,6
Registro Administrativo de la Industria Automotriz de Vehículos Ligeros. Venta de vehículos híbridos y eléctricos,Nacional,2019,4,11,1,1,32,2019-04-01,Apr,2,34
Registro Administrativo de la Industria Automotriz de Vehículos Ligeros. Venta de vehículos híbridos y eléctricos,Nacional,2019,4,12,0,0,3,2019-04-01,Apr,2,3
Registro Administrativo de la Industria Automotriz de Vehículos Ligeros. Venta de vehículos híbridos y eléctricos,Nacional,2019,4,13,0,0,17,2019-04-01,Apr,2,17
Registro Administrativo de la Industria Automotriz de Vehículos Ligeros. Venta de vehículos híbridos y eléctricos,Nacional,2019,4,14,5,3,98,2019-04-01,Apr,2,106
Registro Administrativo de la Industria Automotriz de Vehículos Ligeros. Venta de vehículos híbridos y eléctricos,Nacional,2019,4,15,0,4,221,2019-04-01,Apr,2,225
Registro Administrativo de la Industria Automotriz de Vehículos Ligeros. Venta de vehículos híbridos y eléctricos,Nacional,2019,4,16,0,4,31,2019-04-01,Apr,2,35
Registro Administrativo de la Industria Automotriz de Vehículos Ligeros. Venta de vehículos híbridos y eléctricos,Nacional,2019,4,17,0,8,19,2019-04-01,Apr,2,27
Registro Administrativo de la Industria Automotriz de Vehículos Ligeros. Venta de vehículos híbridos y eléctricos,Nacional,2019,4,18,0,0,2,2019-04-01,Apr,2,2
Registro Administrativo de la Industria Automotriz de Vehículos Ligeros. Venta de vehículos híbridos y eléctricos,Nacional,2019,4,19,3,5,69,2019-04-01,Apr,2,77
Registro Administrativo de la Industria Automotriz de Vehículos Ligeros. Venta de vehículos híbridos y eléctricos,Nacional,2019,4,20,0,0,22,2019-04-01,Apr,2,22
Registro Administrativo de la Industria Automotriz de Vehículos Ligeros. Venta de vehículos híbridos y eléctricos,Nacional,2019,4,21,0,4,28,2019-04-01,Apr,2,32
Registro Administrativo de la Industria Automotriz de Vehículos Ligeros. Venta de vehículos híbridos y eléctricos,Nacional,2019,4,22,2,7,35,2019-04-01,Apr,2,44
Registro Administrativo de la Industria Automotriz de Vehículos Ligeros. Venta de vehículos híbridos y eléctricos,Nacional,2019,4,23,0,2,7,2019-04-01,Apr,2,9
Registro Administrativo de la Industria Automotriz de Vehículos Ligeros. Venta de vehículos híbridos y eléctricos,Nacional,2019,4,24,0,0,10,2019-04-01,Apr,2,10
Registro Administrativo de la Industria Automotriz de Vehículos Ligeros. Venta de vehículos híbridos y eléctricos,Nacional,2019,4,25,1,0,15,2019-04-01,Apr,2,16
Registro Administrativo de la Industria Automotriz de Vehículos Ligeros. Venta de vehículos híbridos y eléctricos,Nacional,2019,4,26,1,0,5,2019-04-01,Apr,2,6
Registro Administrativo de la Industria Automotriz de Vehículos Ligeros. Venta de vehículos híbridos y eléctricos,Nacional,2019,4,27,0,0,5,2019-04-01,Apr,2,5
Registro Administrativo de la Industria Automotriz de Vehículos Ligeros. Venta de vehículos híbridos y eléctricos,Nacional,2019,4,28,0,0,10,2019-04-01,Apr,2,10
Registro Administrativo de la Industria Automotriz de Vehículos Ligeros. Venta de vehículos híbridos y eléctricos,Nacional,2019,4,29,0,0,6,2019-04-01,Apr,2,6
Registro Administrativo de la Industria Automotriz de Vehículos Ligeros. Venta de vehículos híbridos y eléctricos,Nacional,2019,4,30,0,1,31,2019-04-01,Apr,2,32
Registro Administrativo de la Industria Automotriz de Vehículos Ligeros. Venta de vehículos híbridos y eléctricos,Nacional,2019,4,31,1,0,4,2019-04-01,Apr,2,5
Registro Administrativo de la Industria Automotriz de Vehículos Ligeros. Venta de vehículos híbridos y eléctricos,Nacional,2019,4,32,0,0,5,2019-04-01,Apr,2,5
Registro Administrativo de la Industria Automotriz de Vehículos Ligeros. Venta de vehículos híbridos y eléctricos,Nacional,2019,4,99,0,0,0,2019-04-01,Apr,2,0
Registro Administrativo de la Industria Automotriz de Vehículos Ligeros. Venta de vehículos híbridos y eléctricos,Nacional,2019,5,1,0,1,6,2019-05-01,May,2,7
Registro Administrativo de la Industria Automotriz de Vehículos Ligeros. Venta de vehículos híbridos y eléctricos,Nacional,2019,5,2,0,1,6,2019-05-01,May,2,7
Registro Administrativo de la Industria Automotriz de Vehículos Ligeros. Venta de vehículos híbridos y eléctricos,Nacional,2019,5,3,0,0,5,2019-05-01,May,2,5
Registro Administrativo de la Industria Automotriz de Vehículos Ligeros. Venta de vehículos híbridos y eléctricos,Nacional,2019,5,4,0,0,3,2019-05-01,May,2,3
Registro Administrativo de la Industria Automotriz de Vehículos Ligeros. Venta de vehículos híbridos y eléctricos,Nacional,2019,5,5,0,2,6,2019-05-01,May,2,8
Registro Administrativo de la Industria Automotriz de Vehículos Ligeros. Venta de vehículos híbridos y eléctricos,Nacional,2019,5,6,0,0,5,2019-05-01,May,2,5
Registro Administrativo de la Industria Automotriz de Vehículos Ligeros. Venta de vehículos híbridos y eléctricos,Nacional,2019,5,7,0,0,4,2019-05-01,May,2,4
Registro Administrativo de la Industria Automotriz de Vehículos Ligeros. Venta de vehículos híbridos y eléctricos,Nacional,2019,5,8,0,0,18,2019-05-01,May,2,18
Registro Administrativo de la Industria Automotriz de Vehículos Ligeros. Venta de vehículos híbridos y eléctricos,Nacional,2019,5,9,7,27,375,2019-05-01,May,2,409
Registro Administrativo de la Industria Automotriz de Vehículos Ligeros. Venta de vehículos híbridos y eléctricos,Nacional,2019,5,10,0,0,1,2019-05-01,May,2,1
Registro Administrativo de la Industria Automotriz de Vehículos Ligeros. Venta de vehículos híbridos y eléctricos,Nacional,2019,5,11,0,3,41,2019-05-01,May,2,44
Registro Administrativo de la Industria Automotriz de Vehículos Ligeros. Venta de vehículos híbridos y eléctricos,Nacional,2019,5,12,0,0,3,2019-05-01,May,2,3
Registro Administrativo de la Industria Automotriz de Vehículos Ligeros. Venta de vehículos híbridos y eléctricos,Nacional,2019,5,13,1,0,22,2019-05-01,May,2,23
Registro Administrativo de la Industria Automotriz de Vehículos Ligeros. Venta de vehículos híbridos y eléctricos,Nacional,2019,5,14,4,1,97,2019-05-01,May,2,102
Registro Administrativo de la Industria Automotriz de Vehículos Ligeros. Venta de vehículos híbridos y eléctricos,Nacional,2019,5,15,0,4,186,2019-05-01,May,2,190
Registro Administrativo de la Industria Automotriz de Vehículos Ligeros. Venta de vehículos híbridos y eléctricos,Nacional,2019,5,16,0,0,22,2019-05-01,May,2,22
Registro Administrativo de la Industria Automotriz de Vehículos Ligeros. Venta de vehículos híbridos y eléctricos,Nacional,2019,5,17,0,1,11,2019-05-01,May,2,12
Registro Administrativo de la Industria Automotriz de Vehículos Ligeros. Venta de vehículos híbridos y eléctricos,Nacional,2019,5,18,0,0,0,2019-05-01,May,2,0
Registro Administrativo de la Industria Automotriz de Vehículos Ligeros. Venta de vehículos híbridos y eléctricos,Nacional,2019,5,19,0,8,70,2019-05-01,May,2,78
Registro Administrativo de la Industria Automotriz de Vehículos Ligeros. Venta de vehículos híbridos y eléctricos,Nacional,2019,5,20,0,0,25,2019-05-01,May,2,25
Registro Administrativo de la Industria Automotriz de Vehículos Ligeros. Venta de vehículos híbridos y eléctricos,Nacional,2019,5,21,1,3,37,2019-05-01,May,2,41
Registro Administrativo de la Industria Automotriz de Vehículos Ligeros. Venta de vehículos híbridos y eléctricos,Nacional,2019,5,22,1,0,27,2019-05-01,May,2,28
Registro Administrativo de la Industria Automotriz de Vehículos Ligeros. Venta de vehículos híbridos y eléctricos,Nacional,2019,5,23,0,1,8,2019-05-01,May,2,9
Registro Administrativo de la Industria Automotriz de Vehículos Ligeros. Venta de vehículos híbridos y eléctricos,Nacional,2019,5,24,0,1,11,2019-05-01,May,2,12
Registro Administrativo de la Industria Automotriz de Vehículos Ligeros. Venta de vehículos híbridos y eléctricos,Nacional,2019,5,25,1,0,24,2019-05-01,May,2,25
Registro Administrativo de la Industria Automotriz de Vehículos Ligeros. Venta de vehículos híbridos y eléctricos,Nacional,2019,5,26,0,0,7,2019-05-01,May,2,7
Registro Administrativo de la Industria Automotriz de Vehículos Ligeros. Venta de vehículos híbridos y eléctricos,Nacional,2019,5,27,0,0,9,2019-05-01,May,2,9
Registro Administrativo de la Industria Automotriz de Vehículos Ligeros. Venta de vehículos híbridos y eléctricos,Nacional,2019,5,28,0,0,9,2019-05-01,May,2,9
Registro Administrativo de la Industria Automotriz de Vehículos Ligeros. Venta de vehículos híbridos y eléctricos,Nacional,2019,5,29,0,0,6,2019-05-01,May,2,6
Registro Administrativo de la Industria Automotriz de Vehículos Ligeros. Venta de vehículos híbridos y eléctricos,Nacional,2019,5,30,0,0,9,2019-05-01,May,2,9
Registro Administrativo de la Industria Automotriz de Vehículos Ligeros. Venta de vehículos híbridos y eléctricos,Nacional,2019,5,31,0,0,9,2019-05-01,May,2,9
Registro Administrativo de la Industria Automotriz de Vehículos Ligeros. Venta de vehículos híbridos y eléctricos,Nacional,2019,5,32,0,0,5,2019-05-01,May,2,5
Registro Administrativo de la Industria Automotriz de Vehículos Ligeros. Venta de vehículos híbridos y eléctricos,Nacional,2019,5,99,0,0,0,2019-05-01,May,2,0
Registro Administrativo de la Industria Automotriz de Vehículos Ligeros. Venta de vehículos híbridos y eléctricos,Nacional,2019,6,1,0,0,16,2019-06-01,Jun,2,16
Registro Administrativo de la Industria Automotriz de Vehículos Ligeros. Venta de vehículos híbridos y eléctricos,Nacional,2019,6,2,0,0,31,2019-06-01,Jun,2,31
Registro Administrativo de la Industria Automotriz de Vehículos Ligeros. Venta de vehículos híbridos y eléctricos,Nacional,2019,6,3,0,0,13,2019-06-01,Jun,2,13
Registro Administrativo de la Industria Automotriz de Vehículos Ligeros. Venta de vehículos híbridos y eléctricos,Nacional,2019,6,4,0,0,59,2019-06-01,Jun,2,59
Registro Administrativo de la Industria Automotriz de Vehículos Ligeros. Venta de vehículos híbridos y eléctricos,Nacional,2019,6,5,0,1,28,2019-06-01,Jun,2,29
Registro Administrativo de la Industria Automotriz de Vehículos Ligeros. Venta de vehículos híbridos y eléctricos,Nacional,2019,6,6,0,0,9,2019-06-01,Jun,2,9
Registro Administrativo de la Industria Automotriz de Vehículos Ligeros. Venta de vehículos híbridos y eléctricos,Nacional,2019,6,7,0,0,8,2019-06-01,Jun,2,8
Registro Administrativo de la Industria Automotriz de Vehículos Ligeros. Venta de vehículos híbridos y eléctricos,Nacional,2019,6,8,0,0,33,2019-06-01,Jun,2,33
Registro Administrativo de la Industria Automotriz de Vehículos Ligeros. Venta de vehículos híbridos y eléctricos,Nacional,2019,6,9,5,18,804,2019-06-01,Jun,2,827
Registro Administrativo de la Industria Automotriz de Vehículos Ligeros. Venta de vehículos híbridos y eléctricos,Nacional,2019,6,10,0,0,33,2019-06-01,Jun,2,33
Registro Administrativo de la Industria Automotriz de Vehículos Ligeros. Venta de vehículos híbridos y eléctricos,Nacional,2019,6,11,1,2,72,2019-06-01,Jun,2,75
Registro Administrativo de la Industria Automotriz de Vehículos Ligeros. Venta de vehículos híbridos y eléctricos,Nacional,2019,6,12,0,0,9,2019-06-01,Jun,2,9
Registro Administrativo de la Industria Automotriz de Vehículos Ligeros. Venta de vehículos híbridos y eléctricos,Nacional,2019,6,13,0,0,16,2019-06-01,Jun,2,16
Registro Administrativo de la Industria Automotriz de Vehículos Ligeros. Venta de vehículos híbridos y eléctricos,Nacional,2019,6,14,2,2,217,2019-06-01,Jun,2,221
Registro Administrativo de la Industria Automotriz de Vehículos Ligeros. Venta de vehículos híbridos y eléctricos,Nacional,2019,6,15,6,6,407,2019-06-01,Jun,2,419
Registro Administrativo de la Industria Automotriz de Vehículos Ligeros. Venta de vehículos híbridos y eléctricos,Nacional,2019,6,16,1,4,107,2019-06-01,Jun,2,112
Registro Administrativo de la Industria Automotriz de Vehículos Ligeros. Venta de vehículos híbridos y eléctricos,Nacional,2019,6,17,0,1,34,2019-06-01,Jun,2,35
Registro Administrativo de la Industria Automotriz de Vehículos Ligeros. Venta de vehículos híbridos y eléctricos,Nacional,2019,6,18,0,0,2,2019-06-01,Jun,2,2
Registro Administrativo de la Industria Automotriz de Vehículos Ligeros. Venta de vehículos híbridos y eléctricos,Nacional,2019,6,19,0,4,75,2019-06-01,Jun,2,79
Registro Administrativo de la Industria Automotriz de Vehículos Ligeros. Venta de vehículos híbridos y eléctricos,Nacional,2019,6,20,0,1,95,2019-06-01,Jun,2,96
Registro Administrativo de la Industria Automotriz de Vehículos Ligeros. Venta de vehículos híbridos y eléctricos,Nacional,2019,6,21,0,4,75,2019-06-01,Jun,2,79
Registro Administrativo de la Industria Automotriz de Vehículos Ligeros. Venta de vehículos híbridos y eléctricos,Nacional,2019,6,22,0,2,57,2019-06-01,Jun,2,59
Registro Administrativo de la Industria Automotriz de Vehículos Ligeros. Venta de vehículos híbridos y eléctricos,Nacional,2019,6,23,0,1,14,2019-06-01,Jun,2,15
Registro Administrativo de la Industria Automotriz de Vehículos Ligeros. Venta de vehículos híbridos y eléctricos,Nacional,2019,6,24,0,0,31,2019-06-01,Jun,2,31
Registro Administrativo de la Industria Automotriz de Vehículos Ligeros. Venta de vehículos híbridos y eléctricos,Nacional,2019,6,25,0,0,47,2019-06-01,Jun,2,47
Registro Administrativo de la Industria Automotriz de Vehículos Ligeros. Venta de vehículos híbridos y eléctricos,Nacional,2019,6,26,0,0,28,2019-06-01,Jun,2,28
Registro Administrativo de la Industria Automotriz de Vehículos Ligeros. Venta de vehículos híbridos y eléctricos,Nacional,2019,6,27,0,0,19,2019-06-01,Jun,2,19
Registro Administrativo de la Industria Automotriz de Vehículos Ligeros. Venta de vehículos híbridos y eléctricos,Nacional,2019,6,28,0,0,18,2019-06-01,Jun,2,18
Registro Administrativo de la Industria Automotriz de Vehículos Ligeros. Venta de vehículos híbridos y eléctricos,Nacional,2019,6,29,0,0,6,2019-06-01,Jun,2,6
Registro Administrativo de la Industria Automotriz de Vehículos Ligeros. Venta de vehículos híbridos y eléctricos,Nacional,2019,6,30,0,1,38,2019-06-01,Jun,2,39
Registro Administrativo de la Industria Automotriz de Vehículos Ligeros. Venta de vehículos híbridos y eléctricos,Nacional,2019,6,31,0,0,18,2019-06-01,Jun,2,18
Registro Administrativo de la Industria Automotriz de Vehículos Ligeros. Venta de vehículos híbridos y eléctricos,Nacional,2019,6,32,0,0,10,2019-06-01,Jun,2,10
Registro Administrativo de la Industria Automotriz de Vehículos Ligeros. Venta de vehículos híbridos y eléctricos,Nacional,2019,6,99,0,0,0,2019-06-01,Jun,2,0
Registro Administrativo de la Industria Automotriz de Vehículos Ligeros. Venta de vehículos híbridos y eléctricos,Nacional,2019,7,1,0,0,11,2019-07-01,Jul,3,11
Registro Administrativo de la Industria Automotriz de Vehículos Ligeros. Venta de vehículos híbridos y eléctricos,Nacional,2019,7,2,0,1,34,2019-07-01,Jul,3,35
Registro Administrativo de la Industria Automotriz de Vehículos Ligeros. Venta de vehículos híbridos y eléctricos,Nacional,2019,7,3,0,0,8,2019-07-01,Jul,3,8
Registro Administrativo de la Industria Automotriz de Vehículos Ligeros. Venta de vehículos híbridos y eléctricos,Nacional,2019,7,4,0,0,3,2019-07-01,Jul,3,3
Registro Administrativo de la Industria Automotriz de Vehículos Ligeros. Venta de vehículos híbridos y eléctricos,Nacional,2019,7,5,0,2,23,2019-07-01,Jul,3,25
Registro Administrativo de la Industria Automotriz de Vehículos Ligeros. Venta de vehículos híbridos y eléctricos,Nacional,2019,7,6,0,0,10,2019-07-01,Jul,3,10
Registro Administrativo de la Industria Automotriz de Vehículos Ligeros. Venta de vehículos híbridos y eléctricos,Nacional,2019,7,7,0,0,3,2019-07-01,Jul,3,3
Registro Administrativo de la Industria Automotriz de Vehículos Ligeros. Venta de vehículos híbridos y eléctricos,Nacional,2019,7,8,0,1,13,2019-07-01,Jul,3,14
Registro Administrativo de la Industria Automotriz de Vehículos Ligeros. Venta de vehículos híbridos y eléctricos,Nacional,2019,7,9,7,27,715,2019-07-01,Jul,3,749
Registro Administrativo de la Industria Automotriz de Vehículos Ligeros. Venta de vehículos híbridos y eléctricos,Nacional,2019,7,10,0,0,5,2019-07-01,Jul,3,5
Registro Administrativo de la Industria Automotriz de Vehículos Ligeros. Venta de vehículos híbridos y eléctricos,Nacional,2019,7,11,0,1,48,2019-07-01,Jul,3,49
Registro Administrativo de la Industria Automotriz de Vehículos Ligeros. Venta de vehículos híbridos y eléctricos,Nacional,2019,7,12,0,0,4,2019-07-01,Jul,3,4
Registro Administrativo de la Industria Automotriz de Vehículos Ligeros. Venta de vehículos híbridos y eléctricos,Nacional,2019,7,13,1,2,21,2019-07-01,Jul,3,24
Registro Administrativo de la Industria Automotriz de Vehículos Ligeros. Venta de vehículos híbridos y eléctricos,Nacional,2019,7,14,1,8,176,2019-07-01,Jul,3,185
Registro Administrativo de la Industria Automotriz de Vehículos Ligeros. Venta de vehículos híbridos y eléctricos,Nacional,2019,7,15,1,17,443,2019-07-01,Jul,3,461
Registro Administrativo de la Industria Automotriz de Vehículos Ligeros. Venta de vehículos híbridos y eléctricos,Nacional,2019,7,16,1,0,74,2019-07-01,Jul,3,75
Registro Administrativo de la Industria Automotriz de Vehículos Ligeros. Venta de vehículos híbridos y eléctricos,Nacional,2019,7,17,0,3,29,2019-07-01,Jul,3,32
Registro Administrativo de la Industria Automotriz de Vehículos Ligeros. Venta de vehículos híbridos y eléctricos,Nacional,2019,7,18,0,0,0,2019-07-01,Jul,3,0
Registro Administrativo de la Industria Automotriz de Vehículos Ligeros. Venta de vehículos híbridos y eléctricos,Nacional,2019,7,19,0,4,81,2019-07-01,Jul,3,85
Registro Administrativo de la Industria Automotriz de Vehículos Ligeros. Venta de vehículos híbridos y eléctricos,Nacional,2019,7,20,0,0,31,2019-07-01,Jul,3,31
Registro Administrativo de la Industria Automotriz de Vehículos Ligeros. Venta de vehículos híbridos y eléctricos,Nacional,2019,7,21,0,3,45,2019-07-01,Jul,3,48
Registro Administrativo de la Industria Automotriz de Vehículos Ligeros. Venta de vehículos híbridos y eléctricos,Nacional,2019,7,22,1,2,43,2019-07-01,Jul,3,46
Registro Administrativo de la Industria Automotriz de Vehículos Ligeros. Venta de vehículos híbridos y eléctricos,Nacional,2019,7,23,0,1,12,2019-07-01,Jul,3,13
Registro Administrativo de la Industria Automotriz de Vehículos Ligeros. Venta de vehículos híbridos y eléctricos,Nacional,2019,7,24,0,0,17,2019-07-01,Jul,3,17
Registro Administrativo de la Industria Automotriz de Vehículos Ligeros. Venta de vehículos híbridos y eléctricos,Nacional,2019,7,25,0,1,30,2019-07-01,Jul,3,31
Registro Administrativo de la Industria Automotriz de Vehículos Ligeros. Venta de vehículos híbridos y eléctricos,Nacional,2019,7,26,0,2,15,2019-07-01,Jul,3,17
Registro Administrativo de la Industria Automotriz de Vehículos Ligeros. Venta de vehículos híbridos y eléctricos,Nacional,2019,7,27,0,0,9,2019-07-01,Jul,3,9
Registro Administrativo de la Industria Automotriz de Vehículos Ligeros. Venta de vehículos híbridos y eléctricos,Nacional,2019,7,28,0,2,10,2019-07-01,Jul,3,12
Registro Administrativo de la Industria Automotriz de Vehículos Ligeros. Venta de vehículos híbridos y eléctricos,Nacional,2019,7,29,0,0,3,2019-07-01,Jul,3,3
Registro Administrativo de la Industria Automotriz de Vehículos Ligeros. Venta de vehículos híbridos y eléctricos,Nacional,2019,7,30,0,1,30,2019-07-01,Jul,3,31
Registro Administrativo de la Industria Automotriz de Vehículos Ligeros. Venta de vehículos híbridos y eléctricos,Nacional,2019,7,31,0,1,28,2019-07-01,Jul,3,29
Registro Administrativo de la Industria Automotriz de Vehículos Ligeros. Venta de vehículos híbridos y eléctricos,Nacional,2019,7,32,0,0,3,2019-07-01,Jul,3,3
Registro Administrativo de la Industria Automotriz de Vehículos Ligeros. Venta de vehículos híbridos y eléctricos,Nacional,2019,7,99,0,0,0,2019-07-01,Jul,3,0
Registro Administrativo de la Industria Automotriz de Vehículos Ligeros. Venta de vehículos híbridos y eléctricos,Nacional,2019,8,1,0,0,16,2019-08-01,Aug,3,16
Registro Administrativo de la Industria Automotriz de Vehículos Ligeros. Venta de vehículos híbridos y eléctricos,Nacional,2019,8,2,0,1,25,2019-08-01,Aug,3,26
Registro Administrativo de la Industria Automotriz de Vehículos Ligeros. Venta de vehículos híbridos y eléctricos,Nacional,2019,8,3,0,0,4,2019-08-01,Aug,3,4
Registro Administrativo de la Industria Automotriz de Vehículos Ligeros. Venta de vehículos híbridos y eléctricos,Nacional,2019,8,4,0,0,3,2019-08-01,Aug,3,3
Registro Administrativo de la Industria Automotriz de Vehículos Ligeros. Venta de vehículos híbridos y eléctricos,Nacional,2019,8,5,0,2,15,2019-08-01,Aug,3,17
Registro Administrativo de la Industria Automotriz de Vehículos Ligeros. Venta de vehículos híbridos y eléctricos,Nacional,2019,8,6,1,0,6,2019-08-01,Aug,3,7
Registro Administrativo de la Industria Automotriz de Vehículos Ligeros. Venta de vehículos híbridos y eléctricos,Nacional,2019,8,7,0,0,7,2019-08-01,Aug,3,7
Registro Administrativo de la Industria Automotriz de Vehículos Ligeros. Venta de vehículos híbridos y eléctricos,Nacional,2019,8,8,0,1,13,2019-08-01,Aug,3,14
Registro Administrativo de la Industria Automotriz de Vehículos Ligeros. Venta de vehículos híbridos y eléctricos,Nacional,2019,8,9,12,36,623,2019-08-01,Aug,3,671
Registro Administrativo de la Industria Automotriz de Vehículos Ligeros. Venta de vehículos híbridos y eléctricos,Nacional,2019,8,10,0,0,7,2019-08-01,Aug,3,7
Registro Administrativo de la Industria Automotriz de Vehículos Ligeros. Venta de vehículos híbridos y eléctricos,Nacional,2019,8,11,0,3,55,2019-08-01,Aug,3,58
Registro Administrativo de la Industria Automotriz de Vehículos Ligeros. Venta de vehículos híbridos y eléctricos,Nacional,2019,8,12,0,0,5,2019-08-01,Aug,3,5
Registro Administrativo de la Industria Automotriz de Vehículos Ligeros. Venta de vehículos híbridos y eléctricos,Nacional,2019,8,13,0,1,18,2019-08-01,Aug,3,19
Registro Administrativo de la Industria Automotriz de Vehículos Ligeros. Venta de vehículos híbridos y eléctricos,Nacional,2019,8,14,1,4,156,2019-08-01,Aug,3,161
Registro Administrativo de la Industria Automotriz de Vehículos Ligeros. Venta de vehículos híbridos y eléctricos,Nacional,2019,8,15,3,9,275,2019-08-01,Aug,3,287
Registro Administrativo de la Industria Automotriz de Vehículos Ligeros. Venta de vehículos híbridos y eléctricos,Nacional,2019,8,16,0,3,81,2019-08-01,Aug,3,84
Registro Administrativo de la Industria Automotriz de Vehículos Ligeros. Venta de vehículos híbridos y eléctricos,Nacional,2019,8,17,0,2,27,2019-08-01,Aug,3,29
Registro Administrativo de la Industria Automotriz de Vehículos Ligeros. Venta de vehículos híbridos y eléctricos,Nacional,2019,8,18,0,0,0,2019-08-01,Aug,3,0
Registro Administrativo de la Industria Automotriz de Vehículos Ligeros. Venta de vehículos híbridos y eléctricos,Nacional,2019,8,19,1,7,105,2019-08-01,Aug,3,113
Registro Administrativo de la Industria Automotriz de Vehículos Ligeros. Venta de vehículos híbridos y eléctricos,Nacional,2019,8,20,0,0,36,2019-08-01,Aug,3,36
Registro Administrativo de la Industria Automotriz de Vehículos Ligeros. Venta de vehículos híbridos y eléctricos,Nacional,2019,8,21,0,5,60,2019-08-01,Aug,3,65
Registro Administrativo de la Industria Automotriz de Vehículos Ligeros. Venta de vehículos híbridos y eléctricos,Nacional,2019,8,22,0,2,38,2019-08-01,Aug,3,40
Registro Administrativo de la Industria Automotriz de Vehículos Ligeros. Venta de vehículos híbridos y eléctricos,Nacional,2019,8,23,0,2,7,2019-08-01,Aug,3,9
Registro Administrativo de la Industria Automotriz de Vehículos Ligeros. Venta de vehículos híbridos y eléctricos,Nacional,2019,8,24,0,1,19,2019-08-01,Aug,3,20
Registro Administrativo de la Industria Automotriz de Vehículos Ligeros. Venta de vehículos híbridos y eléctricos,Nacional,2019,8,25,0,1,42,2019-08-01,Aug,3,43
Registro Administrativo de la Industria Automotriz de Vehículos Ligeros. Venta de vehículos híbridos y eléctricos,Nacional,2019,8,26,0,0,11,2019-08-01,Aug,3,11
Registro Administrativo de la Industria Automotriz de Vehículos Ligeros. Venta de vehículos híbridos y eléctricos,Nacional,2019,8,27,0,1,4,2019-08-01,Aug,3,5
Registro Administrativo de la Industria Automotriz de Vehículos Ligeros. Venta de vehículos híbridos y eléctricos,Nacional,2019,8,28,1,0,14,2019-08-01,Aug,3,15
Registro Administrativo de la Industria Automotriz de Vehículos Ligeros. Venta de vehículos híbridos y eléctricos,Nacional,2019,8,29,0,0,9,2019-08-01,Aug,3,9
Registro Administrativo de la Industria Automotriz de Vehículos Ligeros. Venta de vehículos híbridos y eléctricos,Nacional,2019,8,30,0,0,28,2019-08-01,Aug,3,28
Registro Administrativo de la Industria Automotriz de Vehículos Ligeros. Venta de vehículos híbridos y eléctricos,Nacional,2019,8,31,0,0,14,2019-08-01,Aug,3,14
Registro Administrativo de la Industria Automotriz de Vehículos Ligeros. Venta de vehículos híbridos y eléctricos,Nacional,2019,8,32,0,0,4,2019-08-01,Aug,3,4
Registro Administrativo de la Industria Automotriz de Vehículos Ligeros. Venta de vehículos híbridos y eléctricos,Nacional,2019,8,99,0,0,0,2019-08-01,Aug,3,0
Registro Administrativo de la Industria Automotriz de Vehículos Ligeros. Venta de vehículos híbridos y eléctricos,Nacional,2019,9,1,0,0,18,2019-09-01,Sep,3,18
Registro Administrativo de la Industria Automotriz de Vehículos Ligeros. Venta de vehículos híbridos y eléctricos,Nacional,2019,9,2,1,0,33,2019-09-01,Sep,3,34
Registro Administrativo de la Industria Automotriz de Vehículos Ligeros. Venta de vehículos híbridos y eléctricos,Nacional,2019,9,3,0,0,6,2019-09-01,Sep,3,6
Registro Administrativo de la Industria Automotriz de Vehículos Ligeros. Venta de vehículos híbridos y eléctricos,Nacional,2019,9,4,0,0,1,2019-09-01,Sep,3,1
Registro Administrativo de la Industria Automotriz de Vehículos Ligeros. Venta de vehículos híbridos y eléctricos,Nacional,2019,9,5,0,2,25,2019-09-01,Sep,3,27
Registro Administrativo de la Industria Automotriz de Vehículos Ligeros. Venta de vehículos híbridos y eléctricos,Nacional,2019,9,6,0,1,12,2019-09-01,Sep,3,13
Registro Administrativo de la Industria Automotriz de Vehículos Ligeros. Venta de vehículos híbridos y eléctricos,Nacional,2019,9,7,0,0,8,2019-09-01,Sep,3,8
Registro Administrativo de la Industria Automotriz de Vehículos Ligeros. Venta de vehículos híbridos y eléctricos,Nacional,2019,9,8,0,0,24,2019-09-01,Sep,3,24
Registro Administrativo de la Industria Automotriz de Vehículos Ligeros. Venta de vehículos híbridos y eléctricos,Nacional,2019,9,9,15,49,762,2019-09-01,Sep,3,826
Registro Administrativo de la Industria Automotriz de Vehículos Ligeros. Venta de vehículos híbridos y eléctricos,Nacional,2019,9,10,0,0,6,2019-09-01,Sep,3,6
Registro Administrativo de la Industria Automotriz de Vehículos Ligeros. Venta de vehículos híbridos y eléctricos,Nacional,2019,9,11,2,3,67,2019-09-01,Sep,3,72
Registro Administrativo de la Industria Automotriz de Vehículos Ligeros. Venta de vehículos híbridos y eléctricos,Nacional,2019,9,12,0,0,3,2019-09-01,Sep,3,3
Registro Administrativo de la Industria Automotriz de Vehículos Ligeros. Venta de vehículos híbridos y eléctricos,Nacional,2019,9,13,0,1,20,2019-09-01,Sep,3,21
Registro Administrativo de la Industria Automotriz de Vehículos Ligeros. Venta de vehículos híbridos y eléctricos,Nacional,2019,9,14,2,6,238,2019-09-01,Sep,3,246
Registro Administrativo de la Industria Automotriz de Vehículos Ligeros. Venta de vehículos híbridos y eléctricos,Nacional,2019,9,15,4,6,396,2019-09-01,Sep,3,406
Registro Administrativo de la Industria Automotriz de Vehículos Ligeros. Venta de vehículos híbridos y eléctricos,Nacional,2019,9,16,0,3,111,2019-09-01,Sep,3,114
Registro Administrativo de la Industria Automotriz de Vehículos Ligeros. Venta de vehículos híbridos y eléctricos,Nacional,2019,9,17,0,5,33,2019-09-01,Sep,3,38
Registro Administrativo de la Industria Automotriz de Vehículos Ligeros. Venta de vehículos híbridos y eléctricos,Nacional,2019,9,18,0,0,1,2019-09-01,Sep,3,1
Registro Administrativo de la Industria Automotriz de Vehículos Ligeros. Venta de vehículos híbridos y eléctricos,Nacional,2019,9,19,0,11,168,2019-09-01,Sep,3,179
Registro Administrativo de la Industria Automotriz de Vehículos Ligeros. Venta de vehículos híbridos y eléctricos,Nacional,2019,9,20,0,0,69,2019-09-01,Sep,3,69
Registro Administrativo de la Industria Automotriz de Vehículos Ligeros. Venta de vehículos híbridos y eléctricos,Nacional,2019,9,21,0,3,63,2019-09-01,Sep,3,66
Registro Administrativo de la Industria Automotriz de Vehículos Ligeros. Venta de vehículos híbridos y eléctricos,Nacional,2019,9,22,1,5,57,2019-09-01,Sep,3,63
Registro Administrativo de la Industria Automotriz de Vehículos Ligeros. Venta de vehículos híbridos y eléctricos,Nacional,2019,9,23,0,0,14,2019-09-01,Sep,3,14
Registro Administrativo de la Industria Automotriz de Vehículos Ligeros. Venta de vehículos híbridos y eléctricos,Nacional,2019,9,24,0,3,37,2019-09-01,Sep,3,40
Registro Administrativo de la Industria Automotriz de Vehículos Ligeros. Venta de vehículos híbridos y eléctricos,Nacional,2019,9,25,1,2,30,2019-09-01,Sep,3,33
Registro Administrativo de la Industria Automotriz de Vehículos Ligeros. Venta de vehículos híbridos y eléctricos,Nacional,2019,9,26,0,1,27,2019-09-01,Sep,3,28
Registro Administrativo de la Industria Automotriz de Vehículos Ligeros. Venta de vehículos híbridos y eléctricos,Nacional,2019,9,27,0,0,13,2019-09-01,Sep,3,13
Registro Administrativo de la Industria Automotriz de Vehículos Ligeros. Venta de vehículos híbridos y eléctricos,Nacional,2019,9,28,0,1,18,2019-09-01,Sep,3,19
Registro Administrativo de la Industria Automotriz de Vehículos Ligeros. Venta de vehículos híbridos y eléctricos,Nacional,2019,9,29,0,0,8,2019-09-01,Sep,3,8
Registro Administrativo de la Industria Automotriz de Vehículos Ligeros. Venta de vehículos híbridos y eléctricos,Nacional,2019,9,30,0,1,35,2019-09-01,Sep,3,36
Registro Administrativo de la Industria Automotriz de Vehículos Ligeros. Venta de vehículos híbridos y eléctricos,Nacional,2019,9,31,0,2,25,2019-09-01,Sep,3,27
Registro Administrativo de la Industria Automotriz de Vehículos Ligeros. Venta de vehículos híbridos y eléctricos,Nacional,2019,9,32,0,0,7,2019-09-01,Sep,3,7
Registro Administrativo de la Industria Automotriz de Vehículos Ligeros. Venta de vehículos híbridos y eléctricos,Nacional,2019,9,99,0,0,0,2019-09-01,Sep,3,0
Registro Administrativo de la Industria Automotriz de Vehículos Ligeros. Venta de vehículos híbridos y eléctricos,Nacional,2019,10,1,0,1,24,2019-10-01,Oct,4,25
Registro Administrativo de la Industria Automotriz de Vehículos Ligeros. Venta de vehículos híbridos y eléctricos,Nacional,2019,10,2,0,0,51,2019-10-01,Oct,4,51
Registro Administrativo de la Industria Automotriz de Vehículos Ligeros. Venta de vehículos híbridos y eléctricos,Nacional,2019,10,3,0,1,15,2019-10-01,Oct,4,16
Registro Administrativo de la Industria Automotriz de Vehículos Ligeros. Venta de vehículos híbridos y eléctricos,Nacional,2019,10,4,0,0,3,2019-10-01,Oct,4,3
Registro Administrativo de la Industria Automotriz de Vehículos Ligeros. Venta de vehículos híbridos y eléctricos,Nacional,2019,10,5,0,1,39,2019-10-01,Oct,4,40
Registro Administrativo de la Industria Automotriz de Vehículos Ligeros. Venta de vehículos híbridos y eléctricos,Nacional,2019,10,6,0,0,16,2019-10-01,Oct,4,16
Registro Administrativo de la Industria Automotriz de Vehículos Ligeros. Venta de vehículos híbridos y eléctricos,Nacional,2019,10,7,0,0,9,2019-10-01,Oct,4,9
Registro Administrativo de la Industria Automotriz de Vehículos Ligeros. Venta de vehículos híbridos y eléctricos,Nacional,2019,10,8,0,1,27,2019-10-01,Oct,4,28
Registro Administrativo de la Industria Automotriz de Vehículos Ligeros. Venta de vehículos híbridos y eléctricos,Nacional,2019,10,9,15,73,926,2019-10-01,Oct,4,1014
Registro Administrativo de la Industria Automotriz de Vehículos Ligeros. Venta de vehículos híbridos y eléctricos,Nacional,2019,10,10,0,0,8,2019-10-01,Oct,4,8
Registro Administrativo de la Industria Automotriz de Vehículos Ligeros. Venta de vehículos híbridos y eléctricos,Nacional,2019,10,11,1,4,81,2019-10-01,Oct,4,86
Registro Administrativo de la Industria Automotriz de Vehículos Ligeros. Venta de vehículos híbridos y eléctricos,Nacional,2019,10,12,0,0,15,2019-10-01,Oct,4,15
Registro Administrativo de la Industria Automotriz de Vehículos Ligeros. Venta de vehículos híbridos y eléctricos,Nacional,2019,10,13,0,2,39,2019-10-01,Oct,4,41
Registro Administrativo de la Industria Automotriz de Vehículos Ligeros. Venta de vehículos híbridos y eléctricos,Nacional,2019,10,14,0,15,244,2019-10-01,Oct,4,259
Registro Administrativo de la Industria Automotriz de Vehículos Ligeros. Venta de vehículos híbridos y eléctricos,Nacional,2019,10,15,1,14,485,2019-10-01,Oct,4,500
Registro Administrativo de la Industria Automotriz de Vehículos Ligeros. Venta de vehículos híbridos y eléctricos,Nacional,2019,10,16,0,2,87,2019-10-01,Oct,4,89
Registro Administrativo de la Industria Automotriz de Vehículos Ligeros. Venta de vehículos híbridos y eléctricos,Nacional,2019,10,17,0,6,48,2019-10-01,Oct,4,54
Registro Administrativo de la Industria Automotriz de Vehículos Ligeros. Venta de vehículos híbridos y eléctricos,Nacional,2019,10,18,0,0,1,2019-10-01,Oct,4,1
Registro Administrativo de la Industria Automotriz de Vehículos Ligeros. Venta de vehículos híbridos y eléctricos,Nacional,2019,10,19,3,15,115,2019-10-01,Oct,4,133
Registro Administrativo de la Industria Automotriz de Vehículos Ligeros. Venta de vehículos híbridos y eléctricos,Nacional,2019,10,20,0,0,70,2019-10-01,Oct,4,70
Registro Administrativo de la Industria Automotriz de Vehículos Ligeros. Venta de vehículos híbridos y eléctricos,Nacional,2019,10,21,0,1,68,2019-10-01,Oct,4,69
Registro Administrativo de la Industria Automotriz de Vehículos Ligeros. Venta de vehículos híbridos y eléctricos,Nacional,2019,10,22,0,12,75,2019-10-01,Oct,4,87
Registro Administrativo de la Industria Automotriz de Vehículos Ligeros. Venta de vehículos híbridos y eléctricos,Nacional,2019,10,23,0,1,21,2019-10-01,Oct,4,22
Registro Administrativo de la Industria Automotriz de Vehículos Ligeros. Venta de vehículos híbridos y eléctricos,Nacional,2019,10,24,0,3,40,2019-10-01,Oct,4,43
Registro Administrativo de la Industria Automotriz de Vehículos Ligeros. Venta de vehículos híbridos y eléctricos,Nacional,2019,10,25,0,3,53,2019-10-01,Oct,4,56
Registro Administrativo de la Industria Automotriz de Vehículos Ligeros. Venta de vehículos híbridos y eléctricos,Nacional,2019,10,26,0,1,27,2019-10-01,Oct,4,28
Registro Administrativo de la Industria Automotriz de Vehículos Ligeros. Venta de vehículos híbridos y eléctricos,Nacional,2019,10,27,0,1,6,2019-10-01,Oct,4,7
Registro Administrativo de la Industria Automotriz de Vehículos Ligeros. Venta de vehículos híbridos y eléctricos,Nacional,2019,10,28,0,0,20,2019-10-01,Oct,4,20
Registro Administrativo de la Industria Automotriz de Vehículos Ligeros. Venta de vehículos híbridos y eléctricos,Nacional,2019,10,29,0,0,8,2019-10-01,Oct,4,8
Registro Administrativo de la Industria Automotriz de Vehículos Ligeros. Venta de vehículos híbridos y eléctricos,Nacional,2019,10,30,0,4,45,2019-10-01,Oct,4,49
Registro Administrativo de la Industria Automotriz de Vehículos Ligeros. Venta de vehículos híbridos y eléctricos,Nacional,2019,10,31,1,6,30,2019-10-01,Oct,4,37
Registro Administrativo de la Industria Automotriz de Vehículos Ligeros. Venta de vehículos híbridos y eléctricos,Nacional,2019,10,32,0,0,10,2019-10-01,Oct,4,10
Registro Administrativo de la Industria Automotriz de Vehículos Ligeros. Venta de vehículos híbridos y eléctricos,Nacional,2019,10,99,0,0,0,2019-10-01,Oct,4,0
Registro Administrativo de la Industria Automotriz de Vehículos Ligeros. Venta de vehículos híbridos y eléctricos,Nacional,2019,11,1,2,0,14,2019-11-01,Nov,4,16
Registro Administrativo de la Industria Automotriz de Vehículos Ligeros. Venta de vehículos híbridos y eléctricos,Nacional,2019,11,2,0,3,29,2019-11-01,Nov,4,32
Registro Administrativo de la Industria Automotriz de Vehículos Ligeros. Venta de vehículos híbridos y eléctricos,Nacional,2019,11,3,0,0,11,2019-11-01,Nov,4,11
Registro Administrativo de la Industria Automotriz de Vehículos Ligeros. Venta de vehículos híbridos y eléctricos,Nacional,2019,11,4,0,0,4,2019-11-01,Nov,4,4
Registro Administrativo de la Industria Automotriz de Vehículos Ligeros. Venta de vehículos híbridos y eléctricos,Nacional,2019,11,5,0,4,32,2019-11-01,Nov,4,36
Registro Administrativo de la Industria Automotriz de Vehículos Ligeros. Venta de vehículos híbridos y eléctricos,Nacional,2019,11,6,0,0,12,2019-11-01,Nov,4,12
Registro Administrativo de la Industria Automotriz de Vehículos Ligeros. Venta de vehículos híbridos y eléctricos,Nacional,2019,11,7,1,0,7,2019-11-01,Nov,4,8
Registro Administrativo de la Industria Automotriz de Vehículos Ligeros. Venta de vehículos híbridos y eléctricos,Nacional,2019,11,8,1,0,32,2019-11-01,Nov,4,33
Registro Administrativo de la Industria Automotriz de Vehículos Ligeros. Venta de vehículos híbridos y eléctricos,Nacional,2019,11,9,16,51,1177,2019-11-01,Nov,4,1244
Registro Administrativo de la Industria Automotriz de Vehículos Ligeros. Venta de vehículos híbridos y eléctricos,Nacional,2019,11,10,0,0,6,2019-11-01,Nov,4,6
Registro Administrativo de la Industria Automotriz de Vehículos Ligeros. Venta de vehículos híbridos y eléctricos,Nacional,2019,11,11,5,3,63,2019-11-01,Nov,4,71
Registro Administrativo de la Industria Automotriz de Vehículos Ligeros. Venta de vehículos híbridos y eléctricos,Nacional,2019,11,12,0,0,7,2019-11-01,Nov,4,7
Registro Administrativo de la Industria Automotriz de Vehículos Ligeros. Venta de vehículos híbridos y eléctricos,Nacional,2019,11,13,0,0,14,2019-11-01,Nov,4,14
Registro Administrativo de la Industria Automotriz de Vehículos Ligeros. Venta de vehículos híbridos y eléctricos,Nacional,2019,11,14,4,12,291,2019-11-01,Nov,4,307
Registro Administrativo de la Industria Automotriz de Vehículos Ligeros. Venta de vehículos híbridos y eléctricos,Nacional,2019,11,15,2,6,505,2019-11-01,Nov,4,513
Registro Administrativo de la Industria Automotriz de Vehículos Ligeros. Venta de vehículos híbridos y eléctricos,Nacional,2019,11,16,0,1,130,2019-11-01,Nov,4,131
Registro Administrativo de la Industria Automotriz de Vehículos Ligeros. Venta de vehículos híbridos y eléctricos,Nacional,2019,11,17,1,2,42,2019-11-01,Nov,4,45
Registro Administrativo de la Industria Automotriz de Vehículos Ligeros. Venta de vehículos híbridos y eléctricos,Nacional,2019,11,18,0,0,0,2019-11-01,Nov,4,0
Registro Administrativo de la Industria Automotriz de Vehículos Ligeros. Venta de vehículos híbridos y eléctricos,Nacional,2019,11,19,2,6,136,2019-11-01,Nov,4,144
Registro Administrativo de la Industria Automotriz de Vehículos Ligeros. Venta de vehículos híbridos y eléctricos,Nacional,2019,11,20,0,0,75,2019-11-01,Nov,4,75
Registro Administrativo de la Industria Automotriz de Vehículos Ligeros. Venta de vehículos híbridos y eléctricos,Nacional,2019,11,21,2,2,82,2019-11-01,Nov,4,86
Registro Administrativo de la Industria Automotriz de Vehículos Ligeros. Venta de vehículos híbridos y eléctricos,Nacional,2019,11,22,2,2,55,2019-11-01,Nov,4,59
Registro Administrativo de la Industria Automotriz de Vehículos Ligeros. Venta de vehículos híbridos y eléctricos,Nacional,2019,11,23,0,0,17,2019-11-01,Nov,4,17
Registro Administrativo de la Industria Automotriz de Vehículos Ligeros. Venta de vehículos híbridos y eléctricos,Nacional,2019,11,24,0,1,29,2019-11-01,Nov,4,30
Registro Administrativo de la Industria Automotriz de Vehículos Ligeros. Venta de vehículos híbridos y eléctricos,Nacional,2019,11,25,0,4,37,2019-11-01,Nov,4,41
Registro Administrativo de la Industria Automotriz de Vehículos Ligeros. Venta de vehículos híbridos y eléctricos,Nacional,2019,11,26,0,0,26,2019-11-01,Nov,4,26
Registro Administrativo de la Industria Automotriz de Vehículos Ligeros. Venta de vehículos híbridos y eléctricos,Nacional,2019,11,27,0,0,11,2019-11-01,Nov,4,11
Registro Administrativo de la Industria Automotriz de Vehículos Ligeros. Venta de vehículos híbridos y eléctricos,Nacional,2019,11,28,0,0,19,2019-11-01,Nov,4,19
Registro Administrativo de la Industria Automotriz de Vehículos Ligeros. Venta de vehículos híbridos y eléctricos,Nacional,2019,11,29,0,0,5,2019-11-01,Nov,4,5
Registro Administrativo de la Industria Automotriz de Vehículos Ligeros. Venta de vehículos híbridos y eléctricos,Nacional,2019,11,30,0,1,45,2019-11-01,Nov,4,46
Registro Administrativo de la Industria Automotriz de Vehículos Ligeros. Venta de vehículos híbridos y eléctricos,Nacional,2019,11,31,1,1,30,2019-11-01,Nov,4,32
Registro Administrativo de la Industria Automotriz de Vehículos Ligeros. Venta de vehículos híbridos y eléctricos,Nacional,2019,11,32,0,0,9,2019-11-01,Nov,4,9
Registro Administrativo de la Industria Automotriz de Vehículos Ligeros. Venta de vehículos híbridos y eléctricos,Nacional,2019,11,99,0,0,0,2019-11-01,Nov,4,0
Registro Administrativo de la Industria Automotriz de Vehículos Ligeros. Venta de vehículos híbridos y eléctricos,Nacional,2019,12,1,0,0,23,2019-12-01,Dec,4,23
Registro Administrativo de la Industria Automotriz de Vehículos Ligeros. Venta de vehículos híbridos y eléctricos,Nacional,2019,12,2,0,1,34,2019-12-01,Dec,4,35
Registro Administrativo de la Industria Automotriz de Vehículos Ligeros. Venta de vehículos híbridos y eléctricos,Nacional,2019,12,3,0,0,16,2019-12-01,Dec,4,16
Registro Administrativo de la Industria Automotriz de Vehículos Ligeros. Venta de vehículos híbridos y eléctricos,Nacional,2019,12,4,0,0,2,2019-12-01,Dec,4,2
Registro Administrativo de la Industria Automotriz de Vehículos Ligeros. Venta de vehículos híbridos y eléctricos,Nacional,2019,12,5,0,6,37,2019-12-01,Dec,4,43
Registro Administrativo de la Industria Automotriz de Vehículos Ligeros. Venta de vehículos híbridos y eléctricos,Nacional,2019,12,6,0,0,11,2019-12-01,Dec,4,11
Registro Administrativo de la Industria Automotriz de Vehículos Ligeros. Venta de vehículos híbridos y eléctricos,Nacional,2019,12,7,0,0,9,2019-12-01,Dec,4,9
Registro Administrativo de la Industria Automotriz de Vehículos Ligeros. Venta de vehículos híbridos y eléctricos,Nacional,2019,12,8,1,0,31,2019-12-01,Dec,4,32
Registro Administrativo de la Industria Automotriz de Vehículos Ligeros. Venta de vehículos híbridos y eléctricos,Nacional,2019,12,9,20,94,875,2019-12-01,Dec,4,989
Registro Administrativo de la Industria Automotriz de Vehículos Ligeros. Venta de vehículos híbridos y eléctricos,Nacional,2019,12,10,0,1,2,2019-12-01,Dec,4,3
Registro Administrativo de la Industria Automotriz de Vehículos Ligeros. Venta de vehículos híbridos y eléctricos,Nacional,2019,12,11,1,5,79,2019-12-01,Dec,4,85
Registro Administrativo de la Industria Automotriz de Vehículos Ligeros. Venta de vehículos híbridos y eléctricos,Nacional,2019,12,12,0,0,8,2019-12-01,Dec,4,8
Registro Administrativo de la Industria Automotriz de Vehículos Ligeros. Venta de vehículos híbridos y eléctricos,Nacional,2019,12,13,0,0,38,2019-12-01,Dec,4,38
Registro Administrativo de la Industria Automotriz de Vehículos Ligeros. Venta de vehículos híbridos y eléctricos,Nacional,2019,12,14,3,9,302,2019-12-01,Dec,4,314
Registro Administrativo de la Industria Automotriz de Vehículos Ligeros. Venta de vehículos híbridos y eléctricos,Nacional,2019,12,15,2,9,465,2019-12-01,Dec,4,476
Registro Administrativo de la Industria Automotriz de Vehículos Ligeros. Venta de vehículos híbridos y eléctricos,Nacional,2019,12,16,0,3,101,2019-12-01,Dec,4,104
Registro Administrativo de la Industria Automotriz de Vehículos Ligeros. Venta de vehículos híbridos y eléctricos,Nacional,2019,12,17,0,2,35,2019-12-01,Dec,4,37
Registro Administrativo de la Industria Automotriz de Vehículos Ligeros. Venta de vehículos híbridos y eléctricos,Nacional,2019,12,18,0,0,0,2019-12-01,Dec,4,0
Registro Administrativo de la Industria Automotriz de Vehículos Ligeros. Venta de vehículos híbridos y eléctricos,Nacional,2019,12,19,3,11,158,2019-12-01,Dec,4,172
Registro Administrativo de la Industria Automotriz de Vehículos Ligeros. Venta de vehículos híbridos y eléctricos,Nacional,2019,12,20,0,0,81,2019-12-01,Dec,4,81
Registro Administrativo de la Industria Automotriz de Vehículos Ligeros. Venta de vehículos híbridos y eléctricos,Nacional,2019,12,21,1,1,84,2019-12-01,Dec,4,86
Registro Administrativo de la Industria Automotriz de Vehículos Ligeros. Venta de vehículos híbridos y eléctricos,Nacional,2019,12,22,1,16,71,2019-12-01,Dec,4,88
Registro Administrativo de la Industria Automotriz de Vehículos Ligeros. Venta de vehículos híbridos y eléctricos,Nacional,2019,12,23,1,3,13,2019-12-01,Dec,4,17
Registro Administrativo de la Industria Automotriz de Vehículos Ligeros. Venta de vehículos híbridos y eléctricos,Nacional,2019,12,24,0,0,35,2019-12-01,Dec,4,35
Registro Administrativo de la Industria Automotriz de Vehículos Ligeros. Venta de vehículos híbridos y eléctricos,Nacional,2019,12,25,0,5,57,2019-12-01,Dec,4,62
Registro Administrativo de la Industria Automotriz de Vehículos Ligeros. Venta de vehículos híbridos y eléctricos,Nacional,2019,12,26,0,2,16,2019-12-01,Dec,4,18
Registro Administrativo de la Industria Automotriz de Vehículos Ligeros. Venta de vehículos híbridos y eléctricos,Nacional,2019,12,27,0,0,10,2019-12-01,Dec,4,10
Registro Administrativo de la Industria Automotriz de Vehículos Ligeros. Venta de vehículos híbridos y eléctricos,Nacional,2019,12,28,0,0,19,2019-12-01,Dec,4,19
Registro Administrativo de la Industria Automotriz de Vehículos Ligeros. Venta de vehículos híbridos y eléctricos,Nacional,2019,12,29,0,0,8,2019-12-01,Dec,4,8
Registro Administrativo de la Industria Automotriz de Vehículos Ligeros. Venta de vehículos híbridos y eléctricos,Nacional,2019,12,30,1,3,46,2019-12-01,Dec,4,50
Registro Administrativo de la Industria Automotriz de Vehículos Ligeros. Venta de vehículos híbridos y eléctricos,Nacional,2019,12,31,1,1,41,2019-12-01,Dec,4,43
Registro Administrativo de la Industria Automotriz de Vehículos Ligeros. Venta de vehículos híbridos y eléctricos,Nacional,2019,12,32,0,0,9,2019-12-01,Dec,4,9
Registro Administrativo de la Industria Automotriz de Vehículos Ligeros. Venta de vehículos híbridos y eléctricos,Nacional,2019,12,99,0,0,0,2019-12-01,Dec,4,0
Registro Administrativo de la Industria Automotriz de Vehículos Ligeros. Venta de vehículos híbridos y eléctricos,Nacional,2023,1,1,6,2,51,2023-01-01,Jan,1,59
Registro Administrativo de la Industria Automotriz de Vehículos Ligeros. Venta de vehículos híbridos y eléctricos,Nacional,2023,1,2,7,12,69,2023-01-01,Jan,1,88
Registro Administrativo de la Industria Automotriz de Vehículos Ligeros. Venta de vehículos híbridos y eléctricos,Nacional,2023,1,3,2,0,29,2023-01-01,Jan,1,31
Registro Administrativo de la Industria Automotriz de Vehículos Ligeros. Venta de vehículos híbridos y eléctricos,Nacional,2023,1,4,1,0,33,2023-01-01,Jan,1,34
Registro Administrativo de la Industria Automotriz de Vehículos Ligeros. Venta de vehículos híbridos y eléctricos,Nacional,2023,1,5,7,13,103,2023-01-01,Jan,1,123
Registro Administrativo de la Industria Automotriz de Vehículos Ligeros. Venta de vehículos híbridos y eléctricos,Nacional,2023,1,6,1,0,29,2023-01-01,Jan,1,30
Registro Administrativo de la Industria Automotriz de Vehículos Ligeros. Venta de vehículos híbridos y eléctricos,Nacional,2023,1,7,1,2,33,2023-01-01,Jan,1,36
Registro Administrativo de la Industria Automotriz de Vehículos Ligeros. Venta de vehículos híbridos y eléctricos,Nacional,2023,1,8,10,3,60,2023-01-01,Jan,1,73
Registro Administrativo de la Industria Automotriz de Vehículos Ligeros. Venta de vehículos híbridos y eléctricos,Nacional,2023,1,9,180,147,720,2023-01-01,Jan,1,1047
Registro Administrativo de la Industria Automotriz de Vehículos Ligeros. Venta de vehículos híbridos y eléctricos,Nacional,2023,1,10,1,0,13,2023-01-01,Jan,1,14
Registro Administrativo de la Industria Automotriz de Vehículos Ligeros. Venta de vehículos híbridos y eléctricos,Nacional,2023,1,11,30,15,145,2023-01-01,Jan,1,190
Registro Administrativo de la Industria Automotriz de Vehículos Ligeros. Venta de vehículos híbridos y eléctricos,Nacional,2023,1,12,3,0,14,2023-01-01,Jan,1,17
Registro Administrativo de la Industria Automotriz de Vehículos Ligeros. Venta de vehículos híbridos y eléctricos,Nacional,2023,1,13,4,5,43,2023-01-01,Jan,1,52
Registro Administrativo de la Industria Automotriz de Vehículos Ligeros. Venta de vehículos híbridos y eléctricos,Nacional,2023,1,14,49,42,289,2023-01-01,Jan,1,380
Registro Administrativo de la Industria Automotriz de Vehículos Ligeros. Venta de vehículos híbridos y eléctricos,Nacional,2023,1,15,59,25,473,2023-01-01,Jan,1,557
Registro Administrativo de la Industria Automotriz de Vehículos Ligeros. Venta de vehículos híbridos y eléctricos,Nacional,2023,1,16,7,8,66,2023-01-01,Jan,1,81
Registro Administrativo de la Industria Automotriz de Vehículos Ligeros. Venta de vehículos híbridos y eléctricos,Nacional,2023,1,17,4,12,53,2023-01-01,Jan,1,69
Registro Administrativo de la Industria Automotriz de Vehículos Ligeros. Venta de vehículos híbridos y eléctricos,Nacional,2023,1,18,2,0,11,2023-01-01,Jan,1,13
Registro Administrativo de la Industria Automotriz de Vehículos Ligeros. Venta de vehículos híbridos y eléctricos,Nacional,2023,1,19,59,30,326,2023-01-01,Jan,1,415
Registro Administrativo de la Industria Automotriz de Vehículos Ligeros. Venta de vehículos híbridos y eléctricos,Nacional,2023,1,20,4,6,27,2023-01-01,Jan,1,37
Registro Administrativo de la Industria Automotriz de Vehículos Ligeros. Venta de vehículos híbridos y eléctricos,Nacional,2023,1,21,24,18,136,2023-01-01,Jan,1,178
Registro Administrativo de la Industria Automotriz de Vehículos Ligeros. Venta de vehículos híbridos y eléctricos,Nacional,2023,1,22,14,11,46,2023-01-01,Jan,1,71
Registro Administrativo de la Industria Automotriz de Vehículos Ligeros. Venta de vehículos híbridos y eléctricos,Nacional,2023,1,23,7,0,64,2023-01-01,Jan,1,71
Registro Administrativo de la Industria Automotriz de Vehículos Ligeros. Venta de vehículos híbridos y eléctricos,Nacional,2023,1,24,8,17,40,2023-01-01,Jan,1,65
Registro Administrativo de la Industria Automotriz de Vehículos Ligeros. Venta de vehículos híbridos y eléctricos,Nacional,2023,1,25,5,6,109,2023-01-01,Jan,1,120
Registro Administrativo de la Industria Automotriz de Vehículos Ligeros. Venta de vehículos híbridos y eléctricos,Nacional,2023,1,26,6,4,53,2023-01-01,Jan,1,63
Registro Administrativo de la Industria Automotriz de Vehículos Ligeros. Venta de vehículos híbridos y eléctricos,Nacional,2023,1,27,2,5,30,2023-01-01,Jan,1,37
Registro Administrativo de la Industria Automotriz de Vehículos Ligeros. Venta de vehículos híbridos y eléctricos,Nacional,2023,1,28,14,2,30,2023-01-01,Jan,1,46
Registro Administrativo de la Industria Automotriz de Vehículos Ligeros. Venta de vehículos híbridos y eléctricos,Nacional,2023,1,29,1,0,28,2023-01-01,Jan,1,29
Registro Administrativo de la Industria Automotriz de Vehículos Ligeros. Venta de vehículos híbridos y eléctricos,Nacional,2023,1,30,16,6,111,2023-01-01,Jan,1,133
Registro Administrativo de la Industria Automotriz de Vehículos Ligeros. Venta de vehículos híbridos y eléctricos,Nacional,2023,1,31,17,7,63,2023-01-01,Jan,1,87
Registro Administrativo de la Industria Automotriz de Vehículos Ligeros. Venta de vehículos híbridos y eléctricos,Nacional,2023,1,32,4,0,13,2023-01-01,Jan,1,17
Registro Administrativo de la Industria Automotriz de Vehículos Ligeros. Venta de vehículos híbridos y eléctricos,Nacional,2023,2,1,1,2,59,2023-02-01,Feb,1,62
Registro Administrativo de la Industria Automotriz de Vehículos Ligeros. Venta de vehículos híbridos y eléctricos,Nacional,2023,2,2,10,11,71,2023-02-01,Feb,1,92
Registro Administrativo de la Industria Automotriz de Vehículos Ligeros. Venta de vehículos híbridos y eléctricos,Nacional,2023,2,3,2,0,43,2023-02-01,Feb,1,45
Registro Administrativo de la Industria Automotriz de Vehículos Ligeros. Venta de vehículos híbridos y eléctricos,Nacional,2023,2,4,0,0,27,2023-02-01,Feb,1,27
Registro Administrativo de la Industria Automotriz de Vehículos Ligeros. Venta de vehículos híbridos y eléctricos,Nacional,2023,2,5,9,10,119,2023-02-01,Feb,1,138
Registro Administrativo de la Industria Automotriz de Vehículos Ligeros. Venta de vehículos híbridos y eléctricos,Nacional,2023,2,6,0,0,35,2023-02-01,Feb,1,35
Registro Administrativo de la Industria Automotriz de Vehículos Ligeros. Venta de vehículos híbridos y eléctricos,Nacional,2023,2,7,3,2,36,2023-02-01,Feb,1,41
Registro Administrativo de la Industria Automotriz de Vehículos Ligeros. Venta de vehículos híbridos y eléctricos,Nacional,2023,2,8,7,3,81,2023-02-01,Feb,1,91
Registro Administrativo de la Industria Automotriz de Vehículos Ligeros. Venta de vehículos híbridos y eléctricos,Nacional,2023,2,9,249,82,728,2023-02-01,Feb,1,1059
Registro Administrativo de la Industria Automotriz de Vehículos Ligeros. Venta de vehículos híbridos y eléctricos,Nacional,2023,2,10,1,0,21,2023-02-01,Feb,1,22
Registro Administrativo de la Industria Automotriz de Vehículos Ligeros. Venta de vehículos híbridos y eléctricos,Nacional,2023,2,11,18,9,124,2023-02-01,Feb,1,151
Registro Administrativo de la Industria Automotriz de Vehículos Ligeros. Venta de vehículos híbridos y eléctricos,Nacional,2023,2,12,1,0,29,2023-02-01,Feb,1,30
Registro Administrativo de la Industria Automotriz de Vehículos Ligeros. Venta de vehículos híbridos y eléctricos,Nacional,2023,2,13,17,3,50,2023-02-01,Feb,1,70
Registro Administrativo de la Industria Automotriz de Vehículos Ligeros. Venta de vehículos híbridos y eléctricos,Nacional,2023,2,14,42,32,371,2023-02-01,Feb,1,445
Registro Administrativo de la Industria Automotriz de Vehículos Ligeros. Venta de vehículos híbridos y eléctricos,Nacional,2023,2,15,75,17,493,2023-02-01,Feb,1,585
Registro Administrativo de la Industria Automotriz de Vehículos Ligeros. Venta de vehículos híbridos y eléctricos,Nacional,2023,2,16,1,11,69,2023-02-01,Feb,1,81
Registro Administrativo de la Industria Automotriz de Vehículos Ligeros. Venta de vehículos híbridos y eléctricos,Nacional,2023,2,17,3,6,69,2023-02-01,Feb,1,78
Registro Administrativo de la Industria Automotriz de Vehículos Ligeros. Venta de vehículos híbridos y eléctricos,Nacional,2023,2,18,0,0,9,2023-02-01,Feb,1,9
Registro Administrativo de la Industria Automotriz de Vehículos Ligeros. Venta de vehículos híbridos y eléctricos,Nacional,2023,2,19,46,30,425,2023-02-01,Feb,1,501
Registro Administrativo de la Industria Automotriz de Vehículos Ligeros. Venta de vehículos híbridos y eléctricos,Nacional,2023,2,20,1,2,37,2023-02-01,Feb,1,40
Registro Administrativo de la Industria Automotriz de Vehículos Ligeros. Venta de vehículos híbridos y eléctricos,Nacional,2023,2,21,12,17,133,2023-02-01,Feb,1,162
Registro Administrativo de la Industria Automotriz de Vehículos Ligeros. Venta de vehículos híbridos y eléctricos,Nacional,2023,2,22,8,15,71,2023-02-01,Feb,1,94
Registro Administrativo de la Industria Automotriz de Vehículos Ligeros. Venta de vehículos híbridos y eléctricos,Nacional,2023,2,23,3,3,73,2023-02-01,Feb,1,79
Registro Administrativo de la Industria Automotriz de Vehículos Ligeros. Venta de vehículos híbridos y eléctricos,Nacional,2023,2,24,5,19,41,2023-02-01,Feb,1,65
Registro Administrativo de la Industria Automotriz de Vehículos Ligeros. Venta de vehículos híbridos y eléctricos,Nacional,2023,2,25,8,3,101,2023-02-01,Feb,1,112
Registro Administrativo de la Industria Automotriz de Vehículos Ligeros. Venta de vehículos híbridos y eléctricos,Nacional,2023,2,26,8,2,77,2023-02-01,Feb,1,87
Registro Administrativo de la Industria Automotriz de Vehículos Ligeros. Venta de vehículos híbridos y eléctricos,Nacional,2023,2,27,1,2,31,2023-02-01,Feb,1,34
Registro Administrativo de la Industria Automotriz de Vehículos Ligeros. Venta de vehículos híbridos y eléctricos,Nacional,2023,2,28,5,1,70,2023-02-01,Feb,1,76
Registro Administrativo de la Industria Automotriz de Vehículos Ligeros. Venta de vehículos híbridos y eléctricos,Nacional,2023,2,29,2,0,23,2023-02-01,Feb,1,25
Registro Administrativo de la Industria Automotriz de Vehículos Ligeros. Venta de vehículos híbridos y eléctricos,Nacional,2023,2,30,2,11,117,2023-02-01,Feb,1,130
Registro Administrativo de la Industria Automotriz de Vehículos Ligeros. Venta de vehículos híbridos y eléctricos,Nacional,2023,2,31,13,0,74,2023-02-01,Feb,1,87
Registro Administrativo de la Industria Automotriz de Vehículos Ligeros. Venta de vehículos híbridos y eléctricos,Nacional,2023,2,32,0,0,16,2023-02-01,Feb,1,16
Registro Administrativo de la Industria Automotriz de Vehículos Ligeros. Venta de vehículos híbridos y eléctricos,Nacional,2023,2,99,0,0,17,2023-02-01,Feb,1,17
Registro Administrativo de la Industria Automotriz de Vehículos Ligeros. Venta de vehículos híbridos y eléctricos,Nacional,2023,3,1,2,5,56,2023-03-01,Mar,1,63
Registro Administrativo de la Industria Automotriz de Vehículos Ligeros. Venta de vehículos híbridos y eléctricos,Nacional,2023,3,2,16,11,102,2023-03-01,Mar,1,129
Registro Administrativo de la Industria Automotriz de Vehículos Ligeros. Venta de vehículos híbridos y eléctricos,Nacional,2023,3,3,2,3,54,2023-03-01,Mar,1,59
Registro Administrativo de la Industria Automotriz de Vehículos Ligeros. Venta de vehículos híbridos y eléctricos,Nacional,2023,3,4,1,0,14,2023-03-01,Mar,1,15
Registro Administrativo de la Industria Automotriz de Vehículos Ligeros. Venta de vehículos híbridos y eléctricos,Nacional,2023,3,5,5,16,105,2023-03-01,Mar,1,126
Registro Administrativo de la Industria Automotriz de Vehículos Ligeros. Venta de vehículos híbridos y eléctricos,Nacional,2023,3,6,3,0,38,2023-03-01,Mar,1,41
Registro Administrativo de la Industria Automotriz de Vehículos Ligeros. Venta de vehículos híbridos y eléctricos,Nacional,2023,3,7,1,2,36,2023-03-01,Mar,1,39
Registro Administrativo de la Industria Automotriz de Vehículos Ligeros. Venta de vehículos híbridos y eléctricos,Nacional,2023,3,8,13,10,93,2023-03-01,Mar,1,116
Registro Administrativo de la Industria Automotriz de Vehículos Ligeros. Venta de vehículos híbridos y eléctricos,Nacional,2023,3,9,463,122,671,2023-03-01,Mar,1,1256
Registro Administrativo de la Industria Automotriz de Vehículos Ligeros. Venta de vehículos híbridos y eléctricos,Nacional,2023,3,10,0,0,16,2023-03-01,Mar,1,16
Registro Administrativo de la Industria Automotriz de Vehículos Ligeros. Venta de vehículos híbridos y eléctricos,Nacional,2023,3,11,26,21,136,2023-03-01,Mar,1,183
Registro Administrativo de la Industria Automotriz de Vehículos Ligeros. Venta de vehículos híbridos y eléctricos,Nacional,2023,3,12,0,0,12,2023-03-01,Mar,1,12
Registro Administrativo de la Industria Automotriz de Vehículos Ligeros. Venta de vehículos híbridos y eléctricos,Nacional,2023,3,13,9,8,49,2023-03-01,Mar,1,66
Registro Administrativo de la Industria Automotriz de Vehículos Ligeros. Venta de vehículos híbridos y eléctricos,Nacional,2023,3,14,61,65,398,2023-03-01,Mar,1,524
Registro Administrativo de la Industria Automotriz de Vehículos Ligeros. Venta de vehículos híbridos y eléctricos,Nacional,2023,3,15,136,45,392,2023-03-01,Mar,1,573
Registro Administrativo de la Industria Automotriz de Vehículos Ligeros. Venta de vehículos híbridos y eléctricos,Nacional,2023,3,16,7,14,107,2023-03-01,Mar,1,128
Registro Administrativo de la Industria Automotriz de Vehículos Ligeros. Venta de vehículos híbridos y eléctricos,Nacional,2023,3,17,2,9,55,2023-03-01,Mar,1,66
Registro Administrativo de la Industria Automotriz de Vehículos Ligeros. Venta de vehículos híbridos y eléctricos,Nacional,2023,3,18,1,0,10,2023-03-01,Mar,1,11
Registro Administrativo de la Industria Automotriz de Vehículos Ligeros. Venta de vehículos híbridos y eléctricos,Nacional,2023,3,19,54,46,443,2023-03-01,Mar,1,543
Registro Administrativo de la Industria Automotriz de Vehículos Ligeros. Venta de vehículos híbridos y eléctricos,Nacional,2023,3,20,5,3,25,2023-03-01,Mar,1,33
Registro Administrativo de la Industria Automotriz de Vehículos Ligeros. Venta de vehículos híbridos y eléctricos,Nacional,2023,3,21,28,27,126,2023-03-01,Mar,1,181
Registro Administrativo de la Industria Automotriz de Vehículos Ligeros. Venta de vehículos híbridos y eléctricos,Nacional,2023,3,22,10,20,58,2023-03-01,Mar,1,88
Registro Administrativo de la Industria Automotriz de Vehículos Ligeros. Venta de vehículos híbridos y eléctricos,Nacional,2023,3,23,10,3,33,2023-03-01,Mar,1,46
Registro Administrativo de la Industria Automotriz de Vehículos Ligeros. Venta de vehículos híbridos y eléctricos,Nacional,2023,3,24,7,12,29,2023-03-01,Mar,1,48
Registro Administrativo de la Industria Automotriz de Vehículos Ligeros. Venta de vehículos híbridos y eléctricos,Nacional,2023,3,25,15,12,164,2023-03-01,Mar,1,191
Registro Administrativo de la Industria Automotriz de Vehículos Ligeros. Venta de vehículos híbridos y eléctricos,Nacional,2023,3,26,10,7,84,2023-03-01,Mar,1,101
Registro Administrativo de la Industria Automotriz de Vehículos Ligeros. Venta de vehículos híbridos y eléctricos,Nacional,2023,3,27,0,4,14,2023-03-01,Mar,1,18
Registro Administrativo de la Industria Automotriz de Vehículos Ligeros. Venta de vehículos híbridos y eléctricos,Nacional,2023,3,28,13,3,64,2023-03-01,Mar,1,80
Registro Administrativo de la Industria Automotriz de Vehículos Ligeros. Venta de vehículos híbridos y eléctricos,Nacional,2023,3,29,0,0,10,2023-03-01,Mar,1,10
Registro Administrativo de la Industria Automotriz de Vehículos Ligeros. Venta de vehículos híbridos y eléctricos,Nacional,2023,3,30,20,11,122,2023-03-01,Mar,1,153
Registro Administrativo de la Industria Automotriz de Vehículos Ligeros. Venta de vehículos híbridos y eléctricos,Nacional,2023,3,31,12,10,65,2023-03-01,Mar,1,87
Registro Administrativo de la Industria Automotriz de Vehículos Ligeros. Venta de vehículos híbridos y eléctricos,Nacional,2023,3,32,0,0,10,2023-03-01,Mar,1,10
Registro Administrativo de la Industria Automotriz de Vehículos Ligeros. Venta de vehículos híbridos y eléctricos,Nacional,2023,3,99,0,0,0,2023-03-01,Mar,1,0
Registro Administrativo de la Industria Automotriz de Vehículos Ligeros. Venta de vehículos híbridos y eléctricos,Nacional,2023,4,1,5,2,30,2023-04-01,Apr,2,37
Registro Administrativo de la Industria Automotriz de Vehículos Ligeros. Venta de vehículos híbridos y eléctricos,Nacional,2023,4,2,21,10,69,2023-04-01,Apr,2,100
Registro Administrativo de la Industria Automotriz de Vehículos Ligeros. Venta de vehículos híbridos y eléctricos,Nacional,2023,4,3,6,1,27,2023-04-01,Apr,2,34
Registro Administrativo de la Industria Automotriz de Vehículos Ligeros. Venta de vehículos híbridos y eléctricos,Nacional,2023,4,4,2,0,15,2023-04-01,Apr,2,17
Registro Administrativo de la Industria Automotriz de Vehículos Ligeros. Venta de vehículos híbridos y eléctricos,Nacional,2023,4,5,9,7,79,2023-04-01,Apr,2,95
Registro Administrativo de la Industria Automotriz de Vehículos Ligeros. Venta de vehículos híbridos y eléctricos,Nacional,2023,4,6,2,0,20,2023-04-01,Apr,2,22
Registro Administrativo de la Industria Automotriz de Vehículos Ligeros. Venta de vehículos híbridos y eléctricos,Nacional,2023,4,7,1,3,19,2023-04-01,Apr,2,23
Registro Administrativo de la Industria Automotriz de Vehículos Ligeros. Venta de vehículos híbridos y eléctricos,Nacional,2023,4,8,11,4,60,2023-04-01,Apr,2,75
Registro Administrativo de la Industria Automotriz de Vehículos Ligeros. Venta de vehículos híbridos y eléctricos,Nacional,2023,4,9,563,104,524,2023-04-01,Apr,2,1191
Registro Administrativo de la Industria Automotriz de Vehículos Ligeros. Venta de vehículos híbridos y eléctricos,Nacional,2023,4,10,1,0,16,2023-04-01,Apr,2,17
Registro Administrativo de la Industria Automotriz de Vehículos Ligeros. Venta de vehículos híbridos y eléctricos,Nacional,2023,4,11,40,18,71,2023-04-01,Apr,2,129
Registro Administrativo de la Industria Automotriz de Vehículos Ligeros. Venta de vehículos híbridos y eléctricos,Nacional,2023,4,12,1,0,12,2023-04-01,Apr,2,13
Registro Administrativo de la Industria Automotriz de Vehículos Ligeros. Venta de vehículos híbridos y eléctricos,Nacional,2023,4,13,7,3,15,2023-04-01,Apr,2,25
Registro Administrativo de la Industria Automotriz de Vehículos Ligeros. Venta de vehículos híbridos y eléctricos,Nacional,2023,4,14,63,28,231,2023-04-01,Apr,2,322
Registro Administrativo de la Industria Automotriz de Vehículos Ligeros. Venta de vehículos híbridos y eléctricos,Nacional,2023,4,15,160,21,303,2023-04-01,Apr,2,484
Registro Administrativo de la Industria Automotriz de Vehículos Ligeros. Venta de vehículos híbridos y eléctricos,Nacional,2023,4,16,12,11,51,2023-04-01,Apr,2,74
Registro Administrativo de la Industria Automotriz de Vehículos Ligeros. Venta de vehículos híbridos y eléctricos,Nacional,2023,4,17,8,10,28,2023-04-01,Apr,2,46
Registro Administrativo de la Industria Automotriz de Vehículos Ligeros. Venta de vehículos híbridos y eléctricos,Nacional,2023,4,18,5,0,6,2023-04-01,Apr,2,11
Registro Administrativo de la Industria Automotriz de Vehículos Ligeros. Venta de vehículos híbridos y eléctricos,Nacional,2023,4,19,63,30,329,2023-04-01,Apr,2,422
Registro Administrativo de la Industria Automotriz de Vehículos Ligeros. Venta de vehículos híbridos y eléctricos,Nacional,2023,4,20,5,4,25,2023-04-01,Apr,2,34
Registro Administrativo de la Industria Automotriz de Vehículos Ligeros. Venta de vehículos híbridos y eléctricos,Nacional,2023,4,21,36,19,89,2023-04-01,Apr,2,144
Registro Administrativo de la Industria Automotriz de Vehículos Ligeros. Venta de vehículos híbridos y eléctricos,Nacional,2023,4,22,20,18,43,2023-04-01,Apr,2,81
Registro Administrativo de la Industria Automotriz de Vehículos Ligeros. Venta de vehículos híbridos y eléctricos,Nacional,2023,4,23,7,3,30,2023-04-01,Apr,2,40
Registro Administrativo de la Industria Automotriz de Vehículos Ligeros. Venta de vehículos híbridos y eléctricos,Nacional,2023,4,24,2,7,32,2023-04-01,Apr,2,41
Registro Administrativo de la Industria Automotriz de Vehículos Ligeros. Venta de vehículos híbridos y eléctricos,Nacional,2023,4,25,7,5,102,2023-04-01,Apr,2,114
Registro Administrativo de la Industria Automotriz de Vehículos Ligeros. Venta de vehículos híbridos y eléctricos,Nacional,2023,4,26,6,4,66,2023-04-01,Apr,2,76
Registro Administrativo de la Industria Automotriz de Vehículos Ligeros. Venta de vehículos híbridos y eléctricos,Nacional,2023,4,27,3,1,16,2023-04-01,Apr,2,20
Registro Administrativo de la Industria Automotriz de Vehículos Ligeros. Venta de vehículos híbridos y eléctricos,Nacional,2023,4,28,13,0,43,2023-04-01,Apr,2,56
Registro Administrativo de la Industria Automotriz de Vehículos Ligeros. Venta de vehículos híbridos y eléctricos,Nacional,2023,4,29,6,0,13,2023-04-01,Apr,2,19
Registro Administrativo de la Industria Automotriz de Vehículos Ligeros. Venta de vehículos híbridos y eléctricos,Nacional,2023,4,30,10,6,56,2023-04-01,Apr,2,72
Registro Administrativo de la Industria Automotriz de Vehículos Ligeros. Venta de vehículos híbridos y eléctricos,Nacional,2023,4,31,12,7,61,2023-04-01,Apr,2,80
Registro Administrativo de la Industria Automotriz de Vehículos Ligeros. Venta de vehículos híbridos y eléctricos,Nacional,2023,4,32,3,0,6,2023-04-01,Apr,2,9
Registro Administrativo de la Industria Automotriz de Vehículos Ligeros. Venta de vehículos híbridos y eléctricos,Nacional,2023,4,99,0,0,0,2023-04-01,Apr,2,0
Registro Administrativo de la Industria Automotriz de Vehículos Ligeros. Venta de vehículos híbridos y eléctricos,Nacional,2023,5,1,4,6,54,2023-05-01,May,2,64
Registro Administrativo de la Industria Automotriz de Vehículos Ligeros. Venta de vehículos híbridos y eléctricos,Nacional,2023,5,2,26,12,105,2023-05-01,May,2,143
Registro Administrativo de la Industria Automotriz de Vehículos Ligeros. Venta de vehículos híbridos y eléctricos,Nacional,2023,5,3,3,1,43,2023-05-01,May,2,47
Registro Administrativo de la Industria Automotriz de Vehículos Ligeros. Venta de vehículos híbridos y eléctricos,Nacional,2023,5,4,3,0,22,2023-05-01,May,2,25
Registro Administrativo de la Industria Automotriz de Vehículos Ligeros. Venta de vehículos híbridos y eléctricos,Nacional,2023,5,5,6,10,136,2023-05-01,May,2,152
Registro Administrativo de la Industria Automotriz de Vehículos Ligeros. Venta de vehículos híbridos y eléctricos,Nacional,2023,5,6,2,0,42,2023-05-01,May,2,44
Registro Administrativo de la Industria Automotriz de Vehículos Ligeros. Venta de vehículos híbridos y eléctricos,Nacional,2023,5,7,2,2,38,2023-05-01,May,2,42
Registro Administrativo de la Industria Automotriz de Vehículos Ligeros. Venta de vehículos híbridos y eléctricos,Nacional,2023,5,8,4,8,117,2023-05-01,May,2,129
Registro Administrativo de la Industria Automotriz de Vehículos Ligeros. Venta de vehículos híbridos y eléctricos,Nacional,2023,5,9,359,144,773,2023-05-01,May,2,1276
Registro Administrativo de la Industria Automotriz de Vehículos Ligeros. Venta de vehículos híbridos y eléctricos,Nacional,2023,5,10,3,0,20,2023-05-01,May,2,23
Registro Administrativo de la Industria Automotriz de Vehículos Ligeros. Venta de vehículos híbridos y eléctricos,Nacional,2023,5,11,23,20,135,2023-05-01,May,2,178
Registro Administrativo de la Industria Automotriz de Vehículos Ligeros. Venta de vehículos híbridos y eléctricos,Nacional,2023,5,12,0,0,22,2023-05-01,May,2,22
Registro Administrativo de la Industria Automotriz de Vehículos Ligeros. Venta de vehículos híbridos y eléctricos,Nacional,2023,5,13,9,8,42,2023-05-01,May,2,59
Registro Administrativo de la Industria Automotriz de Vehículos Ligeros. Venta de vehículos híbridos y eléctricos,Nacional,2023,5,14,52,50,372,2023-05-01,May,2,474
Registro Administrativo de la Industria Automotriz de Vehículos Ligeros. Venta de vehículos híbridos y eléctricos,Nacional,2023,5,15,182,30,488,2023-05-01,May,2,700
Registro Administrativo de la Industria Automotriz de Vehículos Ligeros. Venta de vehículos híbridos y eléctricos,Nacional,2023,5,16,13,11,106,2023-05-01,May,2,130
Registro Administrativo de la Industria Automotriz de Vehículos Ligeros. Venta de vehículos híbridos y eléctricos,Nacional,2023,5,17,6,4,52,2023-05-01,May,2,62
Registro Administrativo de la Industria Automotriz de Vehículos Ligeros. Venta de vehículos híbridos y eléctricos,Nacional,2023,5,18,1,0,9,2023-05-01,May,2,10
Registro Administrativo de la Industria Automotriz de Vehículos Ligeros. Venta de vehículos híbridos y eléctricos,Nacional,2023,5,19,107,55,484,2023-05-01,May,2,646
Registro Administrativo de la Industria Automotriz de Vehículos Ligeros. Venta de vehículos híbridos y eléctricos,Nacional,2023,5,20,5,2,37,2023-05-01,May,2,44
Registro Administrativo de la Industria Automotriz de Vehículos Ligeros. Venta de vehículos híbridos y eléctricos,Nacional,2023,5,21,68,19,180,2023-05-01,May,2,267
Registro Administrativo de la Industria Automotriz de Vehículos Ligeros. Venta de vehículos híbridos y eléctricos,Nacional,2023,5,22,15,16,65,2023-05-01,May,2,96
Registro Administrativo de la Industria Automotriz de Vehículos Ligeros. Venta de vehículos híbridos y eléctricos,Nacional,2023,5,23,12,5,88,2023-05-01,May,2,105
Registro Administrativo de la Industria Automotriz de Vehículos Ligeros. Venta de vehículos híbridos y eléctricos,Nacional,2023,5,24,10,11,45,2023-05-01,May,2,66
Registro Administrativo de la Industria Automotriz de Vehículos Ligeros. Venta de vehículos híbridos y eléctricos,Nacional,2023,5,25,15,13,134,2023-05-01,May,2,162
Registro Administrativo de la Industria Automotriz de Vehículos Ligeros. Venta de vehículos híbridos y eléctricos,Nacional,2023,5,26,6,1,90,2023-05-01,May,2,97
Registro Administrativo de la Industria Automotriz de Vehículos Ligeros. Venta de vehículos híbridos y eléctricos,Nacional,2023,5,27,2,3,39,2023-05-01,May,2,44
Registro Administrativo de la Industria Automotriz de Vehículos Ligeros. Venta de vehículos híbridos y eléctricos,Nacional,2023,5,28,11,3,64,2023-05-01,May,2,78
Registro Administrativo de la Industria Automotriz de Vehículos Ligeros. Venta de vehículos híbridos y eléctricos,Nacional,2023,5,29,0,0,26,2023-05-01,May,2,26
Registro Administrativo de la Industria Automotriz de Vehículos Ligeros. Venta de vehículos híbridos y eléctricos,Nacional,2023,5,30,12,15,103,2023-05-01,May,2,130
Registro Administrativo de la Industria Automotriz de Vehículos Ligeros. Venta de vehículos híbridos y eléctricos,Nacional,2023,5,31,16,11,66,2023-05-01,May,2,93
Registro Administrativo de la Industria Automotriz de Vehículos Ligeros. Venta de vehículos híbridos y eléctricos,Nacional,2023,5,32,3,0,18,2023-05-01,May,2,21
Registro Administrativo de la Industria Automotriz de Vehículos Ligeros. Venta de vehículos híbridos y eléctricos,Nacional,2023,5,99,0,0,0,2023-05-01,May,2,0
Registro Administrativo de la Industria Automotriz de Vehículos Ligeros. Venta de vehículos híbridos y eléctricos,Nacional,2023,6,1,4,6,64,2023-06-01,Jun,2,74
Registro Administrativo de la Industria Automotriz de Vehículos Ligeros. Venta de vehículos híbridos y eléctricos,Nacional,2023,6,2,20,14,90,2023-06-01,Jun,2,124
Registro Administrativo de la Industria Automotriz de Vehículos Ligeros. Venta de vehículos híbridos y eléctricos,Nacional,2023,6,3,5,2,52,2023-06-01,Jun,2,59
Registro Administrativo de la Industria Automotriz de Vehículos Ligeros. Venta de vehículos híbridos y eléctricos,Nacional,2023,6,4,0,0,32,2023-06-01,Jun,2,32
Registro Administrativo de la Industria Automotriz de Vehículos Ligeros. Venta de vehículos híbridos y eléctricos,Nacional,2023,6,5,11,14,138,2023-06-01,Jun,2,163
Registro Administrativo de la Industria Automotriz de Vehículos Ligeros. Venta de vehículos híbridos y eléctricos,Nacional,2023,6,6,5,0,30,2023-06-01,Jun,2,35
Registro Administrativo de la Industria Automotriz de Vehículos Ligeros. Venta de vehículos híbridos y eléctricos,Nacional,2023,6,7,4,4,54,2023-06-01,Jun,2,62
Registro Administrativo de la Industria Automotriz de Vehículos Ligeros. Venta de vehículos híbridos y eléctricos,Nacional,2023,6,8,9,9,117,2023-06-01,Jun,2,135
Registro Administrativo de la Industria Automotriz de Vehículos Ligeros. Venta de vehículos híbridos y eléctricos,Nacional,2023,6,9,442,194,1220,2023-06-01,Jun,2,1856
Registro Administrativo de la Industria Automotriz de Vehículos Ligeros. Venta de vehículos híbridos y eléctricos,Nacional,2023,6,10,6,0,33,2023-06-01,Jun,2,39
Registro Administrativo de la Industria Automotriz de Vehículos Ligeros. Venta de vehículos híbridos y eléctricos,Nacional,2023,6,11,27,17,153,2023-06-01,Jun,2,197
Registro Administrativo de la Industria Automotriz de Vehículos Ligeros. Venta de vehículos híbridos y eléctricos,Nacional,2023,6,12,4,0,28,2023-06-01,Jun,2,32
Registro Administrativo de la Industria Automotriz de Vehículos Ligeros. Venta de vehículos híbridos y eléctricos,Nacional,2023,6,13,5,7,73,2023-06-01,Jun,2,85
Registro Administrativo de la Industria Automotriz de Vehículos Ligeros. Venta de vehículos híbridos y eléctricos,Nacional,2023,6,14,67,67,406,2023-06-01,Jun,2,540
Registro Administrativo de la Industria Automotriz de Vehículos Ligeros. Venta de vehículos híbridos y eléctricos,Nacional,2023,6,15,237,46,648,2023-06-01,Jun,2,931
Registro Administrativo de la Industria Automotriz de Vehículos Ligeros. Venta de vehículos híbridos y eléctricos,Nacional,2023,6,16,14,12,110,2023-06-01,Jun,2,136
Registro Administrativo de la Industria Automotriz de Vehículos Ligeros. Venta de vehículos híbridos y eléctricos,Nacional,2023,6,17,5,5,95,2023-06-01,Jun,2,105
Registro Administrativo de la Industria Automotriz de Vehículos Ligeros. Venta de vehículos híbridos y eléctricos,Nacional,2023,6,18,2,0,9,2023-06-01,Jun,2,11
Registro Administrativo de la Industria Automotriz de Vehículos Ligeros. Venta de vehículos híbridos y eléctricos,Nacional,2023,6,19,83,63,482,2023-06-01,Jun,2,628
Registro Administrativo de la Industria Automotriz de Vehículos Ligeros. Venta de vehículos híbridos y eléctricos,Nacional,2023,6,20,6,2,39,2023-06-01,Jun,2,47
Registro Administrativo de la Industria Automotriz de Vehículos Ligeros. Venta de vehículos híbridos y eléctricos,Nacional,2023,6,21,94,19,199,2023-06-01,Jun,2,312
Registro Administrativo de la Industria Automotriz de Vehículos Ligeros. Venta de vehículos híbridos y eléctricos,Nacional,2023,6,22,29,24,98,2023-06-01,Jun,2,151
Registro Administrativo de la Industria Automotriz de Vehículos Ligeros. Venta de vehículos híbridos y eléctricos,Nacional,2023,6,23,6,7,93,2023-06-01,Jun,2,106
Registro Administrativo de la Industria Automotriz de Vehículos Ligeros. Venta de vehículos híbridos y eléctricos,Nacional,2023,6,24,11,11,59,2023-06-01,Jun,2,81
Registro Administrativo de la Industria Automotriz de Vehículos Ligeros. Venta de vehículos híbridos y eléctricos,Nacional,2023,6,25,30,16,150,2023-06-01,Jun,2,196
Registro Administrativo de la Industria Automotriz de Vehículos Ligeros. Venta de vehículos híbridos y eléctricos,Nacional,2023,6,26,9,8,106,2023-06-01,Jun,2,123
Registro Administrativo de la Industria Automotriz de Vehículos Ligeros. Venta de vehículos híbridos y eléctricos,Nacional,2023,6,27,2,2,43,2023-06-01,Jun,2,47
Registro Administrativo de la Industria Automotriz de Vehículos Ligeros. Venta de vehículos híbridos y eléctricos,Nacional,2023,6,28,6,5,118,2023-06-01,Jun,2,129
Registro Administrativo de la Industria Automotriz de Vehículos Ligeros. Venta de vehículos híbridos y eléctricos,Nacional,2023,6,29,3,0,27,2023-06-01,Jun,2,30
Registro Administrativo de la Industria Automotriz de Vehículos Ligeros. Venta de vehículos híbridos y eléctricos,Nacional,2023,6,30,13,15,144,2023-06-01,Jun,2,172
Registro Administrativo de la Industria Automotriz de Vehículos Ligeros. Venta de vehículos híbridos y eléctricos,Nacional,2023,6,31,16,6,97,2023-06-01,Jun,2,119
Registro Administrativo de la Industria Automotriz de Vehículos Ligeros. Venta de vehículos híbridos y eléctricos,Nacional,2023,6,32,1,0,18,2023-06-01,Jun,2,19
Registro Administrativo de la Industria Automotriz de Vehículos Ligeros. Venta de vehículos híbridos y eléctricos,Nacional,2023,6,99,0,0,9,2023-06-01,Jun,2,9
Registro Administrativo de la Industria Automotriz de Vehículos Ligeros. Venta de vehículos híbridos y eléctricos,Nacional,2023,7,1,4,10,65,2023-07-01,Jul,3,79
Registro Administrativo de la Industria Automotriz de Vehículos Ligeros. Venta de vehículos híbridos y eléctricos,Nacional,2023,7,2,17,14,91,2023-07-01,Jul,3,122
Registro Administrativo de la Industria Automotriz de Vehículos Ligeros. Venta de vehículos híbridos y eléctricos,Nacional,2023,7,3,3,4,61,2023-07-01,Jul,3,68
Registro Administrativo de la Industria Automotriz de Vehículos Ligeros. Venta de vehículos híbridos y eléctricos,Nacional,2023,7,4,1,0,19,2023-07-01,Jul,3,20
Registro Administrativo de la Industria Automotriz de Vehículos Ligeros. Venta de vehículos híbridos y eléctricos,Nacional,2023,7,5,14,15,127,2023-07-01,Jul,3,156
Registro Administrativo de la Industria Automotriz de Vehículos Ligeros. Venta de vehículos híbridos y eléctricos,Nacional,2023,7,6,3,0,42,2023-07-01,Jul,3,45
Registro Administrativo de la Industria Automotriz de Vehículos Ligeros. Venta de vehículos híbridos y eléctricos,Nacional,2023,7,7,3,5,58,2023-07-01,Jul,3,66
Registro Administrativo de la Industria Automotriz de Vehículos Ligeros. Venta de vehículos híbridos y eléctricos,Nacional,2023,7,8,7,4,111,2023-07-01,Jul,3,122
Registro Administrativo de la Industria Automotriz de Vehículos Ligeros. Venta de vehículos híbridos y eléctricos,Nacional,2023,7,9,274,149,1028,2023-07-01,Jul,3,1451
Registro Administrativo de la Industria Automotriz de Vehículos Ligeros. Venta de vehículos híbridos y eléctricos,Nacional,2023,7,10,4,0,26,2023-07-01,Jul,3,30
Registro Administrativo de la Industria Automotriz de Vehículos Ligeros. Venta de vehículos híbridos y eléctricos,Nacional,2023,7,11,25,15,151,2023-07-01,Jul,3,191
Registro Administrativo de la Industria Automotriz de Vehículos Ligeros. Venta de vehículos híbridos y eléctricos,Nacional,2023,7,12,2,0,27,2023-07-01,Jul,3,29
Registro Administrativo de la Industria Automotriz de Vehículos Ligeros. Venta de vehículos híbridos y eléctricos,Nacional,2023,7,13,5,2,55,2023-07-01,Jul,3,62
Registro Administrativo de la Industria Automotriz de Vehículos Ligeros. Venta de vehículos híbridos y eléctricos,Nacional,2023,7,14,52,53,451,2023-07-01,Jul,3,556
Registro Administrativo de la Industria Automotriz de Vehículos Ligeros. Venta de vehículos híbridos y eléctricos,Nacional,2023,7,15,170,43,612,2023-07-01,Jul,3,825
Registro Administrativo de la Industria Automotriz de Vehículos Ligeros. Venta de vehículos híbridos y eléctricos,Nacional,2023,7,16,9,7,124,2023-07-01,Jul,3,140
Registro Administrativo de la Industria Automotriz de Vehículos Ligeros. Venta de vehículos híbridos y eléctricos,Nacional,2023,7,17,8,9,52,2023-07-01,Jul,3,69
Registro Administrativo de la Industria Automotriz de Vehículos Ligeros. Venta de vehículos híbridos y eléctricos,Nacional,2023,7,18,1,2,10,2023-07-01,Jul,3,13
Registro Administrativo de la Industria Automotriz de Vehículos Ligeros. Venta de vehículos híbridos y eléctricos,Nacional,2023,7,19,58,41,529,2023-07-01,Jul,3,628
Registro Administrativo de la Industria Automotriz de Vehículos Ligeros. Venta de vehículos híbridos y eléctricos,Nacional,2023,7,20,3,7,56,2023-07-01,Jul,3,66
Registro Administrativo de la Industria Automotriz de Vehículos Ligeros. Venta de vehículos híbridos y eléctricos,Nacional,2023,7,21,107,19,168,2023-07-01,Jul,3,294
Registro Administrativo de la Industria Automotriz de Vehículos Ligeros. Venta de vehículos híbridos y eléctricos,Nacional,2023,7,22,17,20,77,2023-07-01,Jul,3,114
Registro Administrativo de la Industria Automotriz de Vehículos Ligeros. Venta de vehículos híbridos y eléctricos,Nacional,2023,7,23,12,2,59,2023-07-01,Jul,3,73
Registro Administrativo de la Industria Automotriz de Vehículos Ligeros. Venta de vehículos híbridos y eléctricos,Nacional,2023,7,24,7,11,63,2023-07-01,Jul,3,81
Registro Administrativo de la Industria Automotriz de Vehículos Ligeros. Venta de vehículos híbridos y eléctricos,Nacional,2023,7,25,80,13,156,2023-07-01,Jul,3,249
Registro Administrativo de la Industria Automotriz de Vehículos Ligeros. Venta de vehículos híbridos y eléctricos,Nacional,2023,7,26,7,5,103,2023-07-01,Jul,3,115
Registro Administrativo de la Industria Automotriz de Vehículos Ligeros. Venta de vehículos híbridos y eléctricos,Nacional,2023,7,27,7,2,27,2023-07-01,Jul,3,36
Registro Administrativo de la Industria Automotriz de Vehículos Ligeros. Venta de vehículos híbridos y eléctricos,Nacional,2023,7,28,11,2,85,2023-07-01,Jul,3,98
Registro Administrativo de la Industria Automotriz de Vehículos Ligeros. Venta de vehículos híbridos y eléctricos,Nacional,2023,7,29,3,1,33,2023-07-01,Jul,3,37
Registro Administrativo de la Industria Automotriz de Vehículos Ligeros. Venta de vehículos híbridos y eléctricos,Nacional,2023,7,30,10,11,161,2023-07-01,Jul,3,182
Registro Administrativo de la Industria Automotriz de Vehículos Ligeros. Venta de vehículos híbridos y eléctricos,Nacional,2023,7,31,30,10,87,2023-07-01,Jul,3,127
Registro Administrativo de la Industria Automotriz de Vehículos Ligeros. Venta de vehículos híbridos y eléctricos,Nacional,2023,7,32,0,1,15,2023-07-01,Jul,3,16
Registro Administrativo de la Industria Automotriz de Vehículos Ligeros. Venta de vehículos híbridos y eléctricos,Nacional,2023,7,99,0,0,17,2023-07-01,Jul,3,17
Registro Administrativo de la Industria Automotriz de Vehículos Ligeros. Venta de vehículos híbridos y eléctricos,Nacional,2023,8,1,13,5,96,2023-08-01,Aug,3,114
Registro Administrativo de la Industria Automotriz de Vehículos Ligeros. Venta de vehículos híbridos y eléctricos,Nacional,2023,8,2,13,21,104,2023-08-01,Aug,3,138
Registro Administrativo de la Industria Automotriz de Vehículos Ligeros. Venta de vehículos híbridos y eléctricos,Nacional,2023,8,3,3,3,48,2023-08-01,Aug,3,54
Registro Administrativo de la Industria Automotriz de Vehículos Ligeros. Venta de vehículos híbridos y eléctricos,Nacional,2023,8,4,1,0,31,2023-08-01,Aug,3,32
Registro Administrativo de la Industria Automotriz de Vehículos Ligeros. Venta de vehículos híbridos y eléctricos,Nacional,2023,8,5,13,10,126,2023-08-01,Aug,3,149
Registro Administrativo de la Industria Automotriz de Vehículos Ligeros. Venta de vehículos híbridos y eléctricos,Nacional,2023,8,6,2,0,50,2023-08-01,Aug,3,52
Registro Administrativo de la Industria Automotriz de Vehículos Ligeros. Venta de vehículos híbridos y eléctricos,Nacional,2023,8,7,2,3,45,2023-08-01,Aug,3,50
Registro Administrativo de la Industria Automotriz de Vehículos Ligeros. Venta de vehículos híbridos y eléctricos,Nacional,2023,8,8,11,3,92,2023-08-01,Aug,3,106
Registro Administrativo de la Industria Automotriz de Vehículos Ligeros. Venta de vehículos híbridos y eléctricos,Nacional,2023,8,9,642,149,968,2023-08-01,Aug,3,1759
Registro Administrativo de la Industria Automotriz de Vehículos Ligeros. Venta de vehículos híbridos y eléctricos,Nacional,2023,8,10,1,0,19,2023-08-01,Aug,3,20
Registro Administrativo de la Industria Automotriz de Vehículos Ligeros. Venta de vehículos híbridos y eléctricos,Nacional,2023,8,11,39,19,140,2023-08-01,Aug,3,198
Registro Administrativo de la Industria Automotriz de Vehículos Ligeros. Venta de vehículos híbridos y eléctricos,Nacional,2023,8,12,1,0,23,2023-08-01,Aug,3,24
Registro Administrativo de la Industria Automotriz de Vehículos Ligeros. Venta de vehículos híbridos y eléctricos,Nacional,2023,8,13,4,2,51,2023-08-01,Aug,3,57
Registro Administrativo de la Industria Automotriz de Vehículos Ligeros. Venta de vehículos híbridos y eléctricos,Nacional,2023,8,14,28,59,388,2023-08-01,Aug,3,475
Registro Administrativo de la Industria Automotriz de Vehículos Ligeros. Venta de vehículos híbridos y eléctricos,Nacional,2023,8,15,199,41,505,2023-08-01,Aug,3,745
Registro Administrativo de la Industria Automotriz de Vehículos Ligeros. Venta de vehículos híbridos y eléctricos,Nacional,2023,8,16,14,18,114,2023-08-01,Aug,3,146
Registro Administrativo de la Industria Automotriz de Vehículos Ligeros. Venta de vehículos híbridos y eléctricos,Nacional,2023,8,17,2,7,79,2023-08-01,Aug,3,88
Registro Administrativo de la Industria Automotriz de Vehículos Ligeros. Venta de vehículos híbridos y eléctricos,Nacional,2023,8,18,2,2,13,2023-08-01,Aug,3,17
Registro Administrativo de la Industria Automotriz de Vehículos Ligeros. Venta de vehículos híbridos y eléctricos,Nacional,2023,8,19,66,60,470,2023-08-01,Aug,3,596
Registro Administrativo de la Industria Automotriz de Vehículos Ligeros. Venta de vehículos híbridos y eléctricos,Nacional,2023,8,20,2,3,43,2023-08-01,Aug,3,48
Registro Administrativo de la Industria Automotriz de Vehículos Ligeros. Venta de vehículos híbridos y eléctricos,Nacional,2023,8,21,227,23,173,2023-08-01,Aug,3,423
Registro Administrativo de la Industria Automotriz de Vehículos Ligeros. Venta de vehículos híbridos y eléctricos,Nacional,2023,8,22,27,30,112,2023-08-01,Aug,3,169
Registro Administrativo de la Industria Automotriz de Vehículos Ligeros. Venta de vehículos híbridos y eléctricos,Nacional,2023,8,23,7,1,70,2023-08-01,Aug,3,78
Registro Administrativo de la Industria Automotriz de Vehículos Ligeros. Venta de vehículos híbridos y eléctricos,Nacional,2023,8,24,7,10,61,2023-08-01,Aug,3,78
Registro Administrativo de la Industria Automotriz de Vehículos Ligeros. Venta de vehículos híbridos y eléctricos,Nacional,2023,8,25,15,14,151,2023-08-01,Aug,3,180
Registro Administrativo de la Industria Automotriz de Vehículos Ligeros. Venta de vehículos híbridos y eléctricos,Nacional,2023,8,26,8,4,88,2023-08-01,Aug,3,100
Registro Administrativo de la Industria Automotriz de Vehículos Ligeros. Venta de vehículos híbridos y eléctricos,Nacional,2023,8,27,4,2,20,2023-08-01,Aug,3,26
Registro Administrativo de la Industria Automotriz de Vehículos Ligeros. Venta de vehículos híbridos y eléctricos,Nacional,2023,8,28,3,6,97,2023-08-01,Aug,3,106
Registro Administrativo de la Industria Automotriz de Vehículos Ligeros. Venta de vehículos híbridos y eléctricos,Nacional,2023,8,29,2,0,23,2023-08-01,Aug,3,25
Registro Administrativo de la Industria Automotriz de Vehículos Ligeros. Venta de vehículos híbridos y eléctricos,Nacional,2023,8,30,14,6,115,2023-08-01,Aug,3,135
Registro Administrativo de la Industria Automotriz de Vehículos Ligeros. Venta de vehículos híbridos y eléctricos,Nacional,2023,8,31,12,8,66,2023-08-01,Aug,3,86
Registro Administrativo de la Industria Automotriz de Vehículos Ligeros. Venta de vehículos híbridos y eléctricos,Nacional,2023,8,32,2,2,26,2023-08-01,Aug,3,30
Registro Administrativo de la Industria Automotriz de Vehículos Ligeros. Venta de vehículos híbridos y eléctricos,Nacional,2023,8,99,0,0,5,2023-08-01,Aug,3,5
Registro Administrativo de la Industria Automotriz de Vehículos Ligeros. Venta de vehículos híbridos y eléctricos,Nacional,2023,9,1,21,8,50,2023-09-01,Sep,3,79
Registro Administrativo de la Industria Automotriz de Vehículos Ligeros. Venta de vehículos híbridos y eléctricos,Nacional,2023,9,2,13,12,81,2023-09-01,Sep,3,106
Registro Administrativo de la Industria Automotriz de Vehículos Ligeros. Venta de vehículos híbridos y eléctricos,Nacional,2023,9,3,3,4,47,2023-09-01,Sep,3,54
Registro Administrativo de la Industria Automotriz de Vehículos Ligeros. Venta de vehículos híbridos y eléctricos,Nacional,2023,9,4,1,0,14,2023-09-01,Sep,3,15
Registro Administrativo de la Industria Automotriz de Vehículos Ligeros. Venta de vehículos híbridos y eléctricos,Nacional,2023,9,5,11,13,81,2023-09-01,Sep,3,105
Registro Administrativo de la Industria Automotriz de Vehículos Ligeros. Venta de vehículos híbridos y eléctricos,Nacional,2023,9,6,2,3,30,2023-09-01,Sep,3,35
Registro Administrativo de la Industria Automotriz de Vehículos Ligeros. Venta de vehículos híbridos y eléctricos,Nacional,2023,9,7,2,2,39,2023-09-01,Sep,3,43
Registro Administrativo de la Industria Automotriz de Vehículos Ligeros. Venta de vehículos híbridos y eléctricos,Nacional,2023,9,8,11,11,80,2023-09-01,Sep,3,102
Registro Administrativo de la Industria Automotriz de Vehículos Ligeros. Venta de vehículos híbridos y eléctricos,Nacional,2023,9,9,421,150,897,2023-09-01,Sep,3,1468
Registro Administrativo de la Industria Automotriz de Vehículos Ligeros. Venta de vehículos híbridos y eléctricos,Nacional,2023,9,10,0,1,29,2023-09-01,Sep,3,30
Registro Administrativo de la Industria Automotriz de Vehículos Ligeros. Venta de vehículos híbridos y eléctricos,Nacional,2023,9,11,25,13,168,2023-09-01,Sep,3,206
Registro Administrativo de la Industria Automotriz de Vehículos Ligeros. Venta de vehículos híbridos y eléctricos,Nacional,2023,9,12,1,0,27,2023-09-01,Sep,3,28
Registro Administrativo de la Industria Automotriz de Vehículos Ligeros. Venta de vehículos híbridos y eléctricos,Nacional,2023,9,13,7,5,55,2023-09-01,Sep,3,67
Registro Administrativo de la Industria Automotriz de Vehículos Ligeros. Venta de vehículos híbridos y eléctricos,Nacional,2023,9,14,53,57,396,2023-09-01,Sep,3,506
Registro Administrativo de la Industria Automotriz de Vehículos Ligeros. Venta de vehículos híbridos y eléctricos,Nacional,2023,9,15,209,41,772,2023-09-01,Sep,3,1022
Registro Administrativo de la Industria Automotriz de Vehículos Ligeros. Venta de vehículos híbridos y eléctricos,Nacional,2023,9,16,10,11,76,2023-09-01,Sep,3,97
Registro Administrativo de la Industria Automotriz de Vehículos Ligeros. Venta de vehículos híbridos y eléctricos,Nacional,2023,9,17,6,10,63,2023-09-01,Sep,3,79
Registro Administrativo de la Industria Automotriz de Vehículos Ligeros. Venta de vehículos híbridos y eléctricos,Nacional,2023,9,18,1,0,4,2023-09-01,Sep,3,5
Registro Administrativo de la Industria Automotriz de Vehículos Ligeros. Venta de vehículos híbridos y eléctricos,Nacional,2023,9,19,83,51,551,2023-09-01,Sep,3,685
Registro Administrativo de la Industria Automotriz de Vehículos Ligeros. Venta de vehículos híbridos y eléctricos,Nacional,2023,9,20,4,1,33,2023-09-01,Sep,3,38
Registro Administrativo de la Industria Automotriz de Vehículos Ligeros. Venta de vehículos híbridos y eléctricos,Nacional,2023,9,21,232,24,209,2023-09-01,Sep,3,465
Registro Administrativo de la Industria Automotriz de Vehículos Ligeros. Venta de vehículos híbridos y eléctricos,Nacional,2023,9,22,24,19,91,2023-09-01,Sep,3,134
Registro Administrativo de la Industria Automotriz de Vehículos Ligeros. Venta de vehículos híbridos y eléctricos,Nacional,2023,9,23,9,5,73,2023-09-01,Sep,3,87
Registro Administrativo de la Industria Automotriz de Vehículos Ligeros. Venta de vehículos híbridos y eléctricos,Nacional,2023,9,24,8,12,61,2023-09-01,Sep,3,81
Registro Administrativo de la Industria Automotriz de Vehículos Ligeros. Venta de vehículos híbridos y eléctricos,Nacional,2023,9,25,17,9,130,2023-09-01,Sep,3,156
Registro Administrativo de la Industria Automotriz de Vehículos Ligeros. Venta de vehículos híbridos y eléctricos,Nacional,2023,9,26,5,6,75,2023-09-01,Sep,3,86
Registro Administrativo de la Industria Automotriz de Vehículos Ligeros. Venta de vehículos híbridos y eléctricos,Nacional,2023,9,27,3,6,14,2023-09-01,Sep,3,23
Registro Administrativo de la Industria Automotriz de Vehículos Ligeros. Venta de vehículos híbridos y eléctricos,Nacional,2023,9,28,16,6,89,2023-09-01,Sep,3,111
Registro Administrativo de la Industria Automotriz de Vehículos Ligeros. Venta de vehículos híbridos y eléctricos,Nacional,2023,9,29,3,0,25,2023-09-01,Sep,3,28
Registro Administrativo de la Industria Automotriz de Vehículos Ligeros. Venta de vehículos híbridos y eléctricos,Nacional,2023,9,30,22,13,137,2023-09-01,Sep,3,172
Registro Administrativo de la Industria Automotriz de Vehículos Ligeros. Venta de vehículos híbridos y eléctricos,Nacional,2023,9,31,16,5,78,2023-09-01,Sep,3,99
Registro Administrativo de la Industria Automotriz de Vehículos Ligeros. Venta de vehículos híbridos y eléctricos,Nacional,2023,9,32,1,2,14,2023-09-01,Sep,3,17
Registro Administrativo de la Industria Automotriz de Vehículos Ligeros. Venta de vehículos híbridos y eléctricos,Nacional,2023,9,99,0,0,6,2023-09-01,Sep,3,6
Registro Administrativo de la Industria Automotriz de Vehículos Ligeros. Venta de vehículos híbridos y eléctricos,Nacional,2023,10,1,12,5,50,2023-10-01,Oct,4,67
Registro Administrativo de la Industria Automotriz de Vehículos Ligeros. Venta de vehículos híbridos y eléctricos,Nacional,2023,10,2,20,18,114,2023-10-01,Oct,4,152
Registro Administrativo de la Industria Automotriz de Vehículos Ligeros. Venta de vehículos híbridos y eléctricos,Nacional,2023,10,3,3,1,31,2023-10-01,Oct,4,35
Registro Administrativo de la Industria Automotriz de Vehículos Ligeros. Venta de vehículos híbridos y eléctricos,Nacional,2023,10,4,2,1,26,2023-10-01,Oct,4,29
Registro Administrativo de la Industria Automotriz de Vehículos Ligeros. Venta de vehículos híbridos y eléctricos,Nacional,2023,10,5,17,5,114,2023-10-01,Oct,4,136
Registro Administrativo de la Industria Automotriz de Vehículos Ligeros. Venta de vehículos híbridos y eléctricos,Nacional,2023,10,6,4,0,41,2023-10-01,Oct,4,45
Registro Administrativo de la Industria Automotriz de Vehículos Ligeros. Venta de vehículos híbridos y eléctricos,Nacional,2023,10,7,5,1,38,2023-10-01,Oct,4,44
Registro Administrativo de la Industria Automotriz de Vehículos Ligeros. Venta de vehículos híbridos y eléctricos,Nacional,2023,10,8,7,5,91,2023-10-01,Oct,4,103
Registro Administrativo de la Industria Automotriz de Vehículos Ligeros. Venta de vehículos híbridos y eléctricos,Nacional,2023,10,9,439,179,1075,2023-10-01,Oct,4,1693
Registro Administrativo de la Industria Automotriz de Vehículos Ligeros. Venta de vehículos híbridos y eléctricos,Nacional,2023,10,10,1,0,31,2023-10-01,Oct,4,32
Registro Administrativo de la Industria Automotriz de Vehículos Ligeros. Venta de vehículos híbridos y eléctricos,Nacional,2023,10,11,23,16,172,2023-10-01,Oct,4,211
Registro Administrativo de la Industria Automotriz de Vehículos Ligeros. Venta de vehículos híbridos y eléctricos,Nacional,2023,10,12,2,0,12,2023-10-01,Oct,4,14
Registro Administrativo de la Industria Automotriz de Vehículos Ligeros. Venta de vehículos híbridos y eléctricos,Nacional,2023,10,13,0,0,53,2023-10-01,Oct,4,53
Registro Administrativo de la Industria Automotriz de Vehículos Ligeros. Venta de vehículos híbridos y eléctricos,Nacional,2023,10,14,76,54,485,2023-10-01,Oct,4,615
Registro Administrativo de la Industria Automotriz de Vehículos Ligeros. Venta de vehículos híbridos y eléctricos,Nacional,2023,10,15,234,59,613,2023-10-01,Oct,4,906
Registro Administrativo de la Industria Automotriz de Vehículos Ligeros. Venta de vehículos híbridos y eléctricos,Nacional,2023,10,16,11,3,132,2023-10-01,Oct,4,146
Registro Administrativo de la Industria Automotriz de Vehículos Ligeros. Venta de vehículos híbridos y eléctricos,Nacional,2023,10,17,10,9,67,2023-10-01,Oct,4,86
Registro Administrativo de la Industria Automotriz de Vehículos Ligeros. Venta de vehículos híbridos y eléctricos,Nacional,2023,10,18,4,2,5,2023-10-01,Oct,4,11
Registro Administrativo de la Industria Automotriz de Vehículos Ligeros. Venta de vehículos híbridos y eléctricos,Nacional,2023,10,19,67,39,576,2023-10-01,Oct,4,682
Registro Administrativo de la Industria Automotriz de Vehículos Ligeros. Venta de vehículos híbridos y eléctricos,Nacional,2023,10,20,3,5,36,2023-10-01,Oct,4,44
Registro Administrativo de la Industria Automotriz de Vehículos Ligeros. Venta de vehículos híbridos y eléctricos,Nacional,2023,10,21,142,23,184,2023-10-01,Oct,4,349
Registro Administrativo de la Industria Automotriz de Vehículos Ligeros. Venta de vehículos híbridos y eléctricos,Nacional,2023,10,22,23,21,107,2023-10-01,Oct,4,151
Registro Administrativo de la Industria Automotriz de Vehículos Ligeros. Venta de vehículos híbridos y eléctricos,Nacional,2023,10,23,9,4,88,2023-10-01,Oct,4,101
Registro Administrativo de la Industria Automotriz de Vehículos Ligeros. Venta de vehículos híbridos y eléctricos,Nacional,2023,10,24,11,10,70,2023-10-01,Oct,4,91
Registro Administrativo de la Industria Automotriz de Vehículos Ligeros. Venta de vehículos híbridos y eléctricos,Nacional,2023,10,25,75,12,164,2023-10-01,Oct,4,251
Registro Administrativo de la Industria Automotriz de Vehículos Ligeros. Venta de vehículos híbridos y eléctricos,Nacional,2023,10,26,14,7,88,2023-10-01,Oct,4,109
Registro Administrativo de la Industria Automotriz de Vehículos Ligeros. Venta de vehículos híbridos y eléctricos,Nacional,2023,10,27,4,3,33,2023-10-01,Oct,4,40
Registro Administrativo de la Industria Automotriz de Vehículos Ligeros. Venta de vehículos híbridos y eléctricos,Nacional,2023,10,28,6,4,88,2023-10-01,Oct,4,98
Registro Administrativo de la Industria Automotriz de Vehículos Ligeros. Venta de vehículos híbridos y eléctricos,Nacional,2023,10,29,1,1,22,2023-10-01,Oct,4,24
Registro Administrativo de la Industria Automotriz de Vehículos Ligeros. Venta de vehículos híbridos y eléctricos,Nacional,2023,10,30,9,13,140,2023-10-01,Oct,4,162
Registro Administrativo de la Industria Automotriz de Vehículos Ligeros. Venta de vehículos híbridos y eléctricos,Nacional,2023,10,31,23,8,116,2023-10-01,Oct,4,147
Registro Administrativo de la Industria Automotriz de Vehículos Ligeros. Venta de vehículos híbridos y eléctricos,Nacional,2023,10,32,2,0,19,2023-10-01,Oct,4,21
Registro Administrativo de la Industria Automotriz de Vehículos Ligeros. Venta de vehículos híbridos y eléctricos,Nacional,2023,10,99,0,0,3,2023-10-01,Oct,4,3
Registro Administrativo de la Industria Automotriz de Vehículos Ligeros. Venta de vehículos híbridos y eléctricos,Nacional,2023,11,1,15,5,83,2023-11-01,Nov,4,103
Registro Administrativo de la Industria Automotriz de Vehículos Ligeros. Venta de vehículos híbridos y eléctricos,Nacional,2023,11,2,27,12,164,2023-11-01,Nov,4,203
Registro Administrativo de la Industria Automotriz de Vehículos Ligeros. Venta de vehículos híbridos y eléctricos,Nacional,2023,11,3,4,0,61,2023-11-01,Nov,4,65
Registro Administrativo de la Industria Automotriz de Vehículos Ligeros. Venta de vehículos híbridos y eléctricos,Nacional,2023,11,4,0,1,32,2023-11-01,Nov,4,33
Registro Administrativo de la Industria Automotriz de Vehículos Ligeros. Venta de vehículos híbridos y eléctricos,Nacional,2023,11,5,23,7,167,2023-11-01,Nov,4,197
Registro Administrativo de la Industria Automotriz de Vehículos Ligeros. Venta de vehículos híbridos y eléctricos,Nacional,2023,11,6,8,0,62,2023-11-01,Nov,4,70
Registro Administrativo de la Industria Automotriz de Vehículos Ligeros. Venta de vehículos híbridos y eléctricos,Nacional,2023,11,7,6,2,75,2023-11-01,Nov,4,83
Registro Administrativo de la Industria Automotriz de Vehículos Ligeros. Venta de vehículos híbridos y eléctricos,Nacional,2023,11,8,10,6,142,2023-11-01,Nov,4,158
Registro Administrativo de la Industria Automotriz de Vehículos Ligeros. Venta de vehículos híbridos y eléctricos,Nacional,2023,11,9,900,201,1416,2023-11-01,Nov,4,2517
Registro Administrativo de la Industria Automotriz de Vehículos Ligeros. Venta de vehículos híbridos y eléctricos,Nacional,2023,11,10,5,0,45,2023-11-01,Nov,4,50
Registro Administrativo de la Industria Automotriz de Vehículos Ligeros. Venta de vehículos híbridos y eléctricos,Nacional,2023,11,11,29,16,219,2023-11-01,Nov,4,264
Registro Administrativo de la Industria Automotriz de Vehículos Ligeros. Venta de vehículos híbridos y eléctricos,Nacional,2023,11,12,0,0,17,2023-11-01,Nov,4,17
Registro Administrativo de la Industria Automotriz de Vehículos Ligeros. Venta de vehículos híbridos y eléctricos,Nacional,2023,11,13,6,6,78,2023-11-01,Nov,4,90
Registro Administrativo de la Industria Automotriz de Vehículos Ligeros. Venta de vehículos híbridos y eléctricos,Nacional,2023,11,14,99,77,622,2023-11-01,Nov,4,798
Registro Administrativo de la Industria Automotriz de Vehículos Ligeros. Venta de vehículos híbridos y eléctricos,Nacional,2023,11,15,252,57,758,2023-11-01,Nov,4,1067
Registro Administrativo de la Industria Automotriz de Vehículos Ligeros. Venta de vehículos híbridos y eléctricos,Nacional,2023,11,16,21,10,161,2023-11-01,Nov,4,192
Registro Administrativo de la Industria Automotriz de Vehículos Ligeros. Venta de vehículos híbridos y eléctricos,Nacional,2023,11,17,11,7,89,2023-11-01,Nov,4,107
Registro Administrativo de la Industria Automotriz de Vehículos Ligeros. Venta de vehículos híbridos y eléctricos,Nacional,2023,11,18,3,0,8,2023-11-01,Nov,4,11
Registro Administrativo de la Industria Automotriz de Vehículos Ligeros. Venta de vehículos híbridos y eléctricos,Nacional,2023,11,19,76,58,577,2023-11-01,Nov,4,711
Registro Administrativo de la Industria Automotriz de Vehículos Ligeros. Venta de vehículos híbridos y eléctricos,Nacional,2023,11,20,7,2,64,2023-11-01,Nov,4,73
Registro Administrativo de la Industria Automotriz de Vehículos Ligeros. Venta de vehículos híbridos y eléctricos,Nacional,2023,11,21,51,32,219,2023-11-01,Nov,4,302
Registro Administrativo de la Industria Automotriz de Vehículos Ligeros. Venta de vehículos híbridos y eléctricos,Nacional,2023,11,22,34,14,124,2023-11-01,Nov,4,172
Registro Administrativo de la Industria Automotriz de Vehículos Ligeros. Venta de vehículos híbridos y eléctricos,Nacional,2023,11,23,9,6,96,2023-11-01,Nov,4,111
Registro Administrativo de la Industria Automotriz de Vehículos Ligeros. Venta de vehículos híbridos y eléctricos,Nacional,2023,11,24,10,21,103,2023-11-01,Nov,4,134
Registro Administrativo de la Industria Automotriz de Vehículos Ligeros. Venta de vehículos híbridos y eléctricos,Nacional,2023,11,25,20,15,225,2023-11-01,Nov,4,260
Registro Administrativo de la Industria Automotriz de Vehículos Ligeros. Venta de vehículos híbridos y eléctricos,Nacional,2023,11,26,6,3,116,2023-11-01,Nov,4,125
Registro Administrativo de la Industria Automotriz de Vehículos Ligeros. Venta de vehículos híbridos y eléctricos,Nacional,2023,11,27,2,4,49,2023-11-01,Nov,4,55
Registro Administrativo de la Industria Automotriz de Vehículos Ligeros. Venta de vehículos híbridos y eléctricos,Nacional,2023,11,28,14,4,140,2023-11-01,Nov,4,158
Registro Administrativo de la Industria Automotriz de Vehículos Ligeros. Venta de vehículos híbridos y eléctricos,Nacional,2023,11,29,2,0,34,2023-11-01,Nov,4,36
Registro Administrativo de la Industria Automotriz de Vehículos Ligeros. Venta de vehículos híbridos y eléctricos,Nacional,2023,11,30,13,12,209,2023-11-01,Nov,4,234
Registro Administrativo de la Industria Automotriz de Vehículos Ligeros. Venta de vehículos híbridos y eléctricos,Nacional,2023,11,31,17,8,130,2023-11-01,Nov,4,155
Registro Administrativo de la Industria Automotriz de Vehículos Ligeros. Venta de vehículos híbridos y eléctricos,Nacional,2023,11,32,1,0,29,2023-11-01,Nov,4,30
Registro Administrativo de la Industria Automotriz de Vehículos Ligeros. Venta de vehículos híbridos y eléctricos,Nacional,2023,11,99,0,0,26,2023-11-01,Nov,4,26
Registro Administrativo de la Industria Automotriz de Vehículos Ligeros. Venta de vehículos híbridos y eléctricos,Nacional,2023,12,1,24,8,106,2023-12-01,Dec,4,138
Registro Administrativo de la Industria Automotriz de Vehículos Ligeros. Venta de vehículos híbridos y eléctricos,Nacional,2023,12,2,37,12,178,2023-12-01,Dec,4,227
Registro Administrativo de la Industria Automotriz de Vehículos Ligeros. Venta de vehículos híbridos y eléctricos,Nacional,2023,12,3,2,2,68,2023-12-01,Dec,4,72
Registro Administrativo de la Industria Automotriz de Vehículos Ligeros. Venta de vehículos híbridos y eléctricos,Nacional,2023,12,4,5,2,63,2023-12-01,Dec,4,70
Registro Administrativo de la Industria Automotriz de Vehículos Ligeros. Venta de vehículos híbridos y eléctricos,Nacional,2023,12,5,36,17,173,2023-12-01,Dec,4,226
Registro Administrativo de la Industria Automotriz de Vehículos Ligeros. Venta de vehículos híbridos y eléctricos,Nacional,2023,12,6,11,0,40,2023-12-01,Dec,4,51
Registro Administrativo de la Industria Automotriz de Vehículos Ligeros. Venta de vehículos híbridos y eléctricos,Nacional,2023,12,7,11,3,77,2023-12-01,Dec,4,91
Registro Administrativo de la Industria Automotriz de Vehículos Ligeros. Venta de vehículos híbridos y eléctricos,Nacional,2023,12,8,20,7,137,2023-12-01,Dec,4,164
Registro Administrativo de la Industria Automotriz de Vehículos Ligeros. Venta de vehículos híbridos y eléctricos,Nacional,2023,12,9,653,227,1423,2023-12-01,Dec,4,2303
Registro Administrativo de la Industria Automotriz de Vehículos Ligeros. Venta de vehículos híbridos y eléctricos,Nacional,2023,12,10,7,1,44,2023-12-01,Dec,4,52
Registro Administrativo de la Industria Automotriz de Vehículos Ligeros. Venta de vehículos híbridos y eléctricos,Nacional,2023,12,11,53,15,300,2023-12-01,Dec,4,368
Registro Administrativo de la Industria Automotriz de Vehículos Ligeros. Venta de vehículos híbridos y eléctricos,Nacional,2023,12,12,6,0,41,2023-12-01,Dec,4,47
Registro Administrativo de la Industria Automotriz de Vehículos Ligeros. Venta de vehículos híbridos y eléctricos,Nacional,2023,12,13,15,4,70,2023-12-01,Dec,4,89
Registro Administrativo de la Industria Automotriz de Vehículos Ligeros. Venta de vehículos híbridos y eléctricos,Nacional,2023,12,14,104,57,622,2023-12-01,Dec,4,783
Registro Administrativo de la Industria Automotriz de Vehículos Ligeros. Venta de vehículos híbridos y eléctricos,Nacional,2023,12,15,731,64,1021,2023-12-01,Dec,4,1816
Registro Administrativo de la Industria Automotriz de Vehículos Ligeros. Venta de vehículos híbridos y eléctricos,Nacional,2023,12,16,23,15,147,2023-12-01,Dec,4,185
Registro Administrativo de la Industria Automotriz de Vehículos Ligeros. Venta de vehículos híbridos y eléctricos,Nacional,2023,12,17,21,12,63,2023-12-01,Dec,4,96
Registro Administrativo de la Industria Automotriz de Vehículos Ligeros. Venta de vehículos híbridos y eléctricos,Nacional,2023,12,18,6,1,12,2023-12-01,Dec,4,19
Registro Administrativo de la Industria Automotriz de Vehículos Ligeros. Venta de vehículos híbridos y eléctricos,Nacional,2023,12,19,181,69,835,2023-12-01,Dec,4,1085
Registro Administrativo de la Industria Automotriz de Vehículos Ligeros. Venta de vehículos híbridos y eléctricos,Nacional,2023,12,20,15,4,65,2023-12-01,Dec,4,84
Registro Administrativo de la Industria Automotriz de Vehículos Ligeros. Venta de vehículos híbridos y eléctricos,Nacional,2023,12,21,88,27,254,2023-12-01,Dec,4,369
Registro Administrativo de la Industria Automotriz de Vehículos Ligeros. Venta de vehículos híbridos y eléctricos,Nacional,2023,12,22,52,21,155,2023-12-01,Dec,4,228
Registro Administrativo de la Industria Automotriz de Vehículos Ligeros. Venta de vehículos híbridos y eléctricos,Nacional,2023,12,23,14,11,138,2023-12-01,Dec,4,163
Registro Administrativo de la Industria Automotriz de Vehículos Ligeros. Venta de vehículos híbridos y eléctricos,Nacional,2023,12,24,19,11,127,2023-12-01,Dec,4,157
Registro Administrativo de la Industria Automotriz de Vehículos Ligeros. Venta de vehículos híbridos y eléctricos,Nacional,2023,12,25,27,17,234,2023-12-01,Dec,4,278
Registro Administrativo de la Industria Automotriz de Vehículos Ligeros. Venta de vehículos híbridos y eléctricos,Nacional,2023,12,26,53,10,162,2023-12-01,Dec,4,225
Registro Administrativo de la Industria Automotriz de Vehículos Ligeros. Venta de vehículos híbridos y eléctricos,Nacional,2023,12,27,9,4,69,2023-12-01,Dec,4,82
Registro Administrativo de la Industria Automotriz de Vehículos Ligeros. Venta de vehículos híbridos y eléctricos,Nacional,2023,12,28,34,7,160,2023-12-01,Dec,4,201
Registro Administrativo de la Industria Automotriz de Vehículos Ligeros. Venta de vehículos híbridos y eléctricos,Nacional,2023,12,29,3,1,44,2023-12-01,Dec,4,48
Registro Administrativo de la Industria Automotriz de Vehículos Ligeros. Venta de vehículos híbridos y eléctricos,Nacional,2023,12,30,51,17,244,2023-12-01,Dec,4,312
Registro Administrativo de la Industria Automotriz de Vehículos Ligeros. Venta de vehículos híbridos y eléctricos,Nacional,2023,12,31,30,9,197,2023-12-01,Dec,4,236
Registro Administrativo de la Industria Automotriz de Vehículos Ligeros. Venta de vehículos híbridos y eléctricos,Nacional,2023,12,32,5,0,38,2023-12-01,Dec,4,43
Registro Administrativo de la Industria Automotriz de Vehículos Ligeros. Venta de vehículos híbridos y eléctricos,Nacional,2023,12,99,0,0,7,2023-12-01,Dec,4,7
